state,county_fips,county_name,location,total_population,poverty_150_pct,households_no_vehicle,households_no_vehicle_pct,households_no_internet,households_no_internet_pct,svi_socioeconomic_percentile,svi_household_characteristics_percentile,svi_racial_ethnic_minority_percentile,svi_housing_transportation_percentile,svi_overall_percentile
AL,01001,Autauga County,"Autauga County, Alabama",58761,20.2,888,4.0,2425,10.9,0.2367,0.3675,0.6354,0.2358,0.2663
AL,01003,Baldwin County,"Baldwin County, Alabama",233420,18.3,2056,2.3,9867,10.9,0.3433,0.2883,0.489,0.4308,0.3487
AL,01005,Barbour County,"Barbour County, Alabama",24877,37.7,1058,11.7,2865,31.8,0.9399,0.9399,0.8941,0.9959,0.9927
AL,01007,Bibb County,"Bibb County, Alabama",22251,29.0,544,7.5,1461,20.2,0.8893,0.4954,0.6185,0.8931,0.8451
AL,01009,Blount County,"Blount County, Alabama",59077,22.9,1047,4.8,3654,16.9,0.6866,0.7884,0.413,0.3532,0.6166
AL,01011,Bullock County,"Bullock County, Alabama",10328,47.4,359,10.4,1325,38.4,0.8654,0.5138,0.9809,0.9491,0.8985
AL,01013,Butler County,"Butler County, Alabama",18981,33.8,359,5.0,1525,21.4,0.8441,0.6106,0.8661,0.217,0.6872
AL,01015,Calhoun County,"Calhoun County, Alabama",116162,28.7,2490,5.6,7398,16.6,0.854,0.65,0.658,0.7114,0.8145
AL,01017,Chambers County,"Chambers County, Alabama",34612,28.8,916,7.0,2819,21.4,0.7171,0.5317,0.8396,0.9469,0.8295
AL,01019,Cherokee County,"Cherokee County, Alabama",25069,25.6,324,3.2,2183,21.8,0.6077,0.6494,0.2628,0.1152,0.406
AL,01021,Chilton County,"Chilton County, Alabama",45140,22.8,556,3.3,3152,18.6,0.5924,0.6837,0.5425,0.2698,0.5336
AL,01023,Choctaw County,"Choctaw County, Alabama",12669,31.9,297,5.7,1594,30.5,0.6901,0.798,0.8151,0.2539,0.6548
AL,01025,Clarke County,"Clarke County, Alabama",23058,29.7,869,10.6,2373,29.0,0.8412,0.7264,0.8641,0.6462,0.8365
AL,01027,Clay County,"Clay County, Alabama",14209,29.1,349,6.4,1366,24.9,0.7235,0.3688,0.5269,0.5851,0.6223
AL,01029,Cleburne County,"Cleburne County, Alabama",15144,27.7,389,6.8,1500,26.0,0.4938,0.6739,0.1985,0.5482,0.5196
AL,01031,Coffee County,"Coffee County, Alabama",53559,26.2,807,4.0,3013,14.8,0.6497,0.9488,0.6806,0.2323,0.6802
AL,01033,Colbert County,"Colbert County, Alabama",57270,23.1,1089,4.7,5539,23.8,0.4944,0.6984,0.5644,0.16,0.4467
AL,01035,Conecuh County,"Conecuh County, Alabama",11576,38.6,312,7.0,1471,33.0,0.5272,0.5332,0.8727,0.2482,0.5122
AL,01037,Coosa County,"Coosa County, Alabama",10329,22.2,151,3.8,861,21.5,0.3513,0.328,0.7321,0.6427,0.4808
AL,01039,Covington County,"Covington County, Alabama",37542,30.1,902,6.4,3084,21.7,0.7509,0.7821,0.4839,0.5075,0.7121
AL,01041,Crenshaw County,"Crenshaw County, Alabama",13205,28.4,354,7.3,1674,34.6,0.7588,0.6201,0.6656,0.4575,0.685
AL,01043,Cullman County,"Cullman County, Alabama",88284,23.3,990,2.9,5157,15.3,0.5323,0.713,0.2587,0.3341,0.4909
AL,01045,Dale County,"Dale County, Alabama",49455,29.6,1014,5.2,3336,17.2,0.8648,0.9014,0.7003,0.2736,0.7766
AL,01047,Dallas County,"Dallas County, Alabama",38326,40.8,2153,14.6,3530,23.9,0.9555,0.867,0.9698,0.594,0.9189
AL,01049,DeKalb County,"DeKalb County, Alabama",71680,33.6,1072,4.2,4386,17.1,0.7996,0.8139,0.5425,0.5017,0.756
AL,01051,Elmore County,"Elmore County, Alabama",87694,18.7,1385,4.3,3763,11.7,0.3185,0.3869,0.6373,0.5667,0.4397
AL,01053,Escambia County,"Escambia County, Alabama",36755,38.3,799,6.1,3722,28.6,0.9462,0.7353,0.7814,0.4986,0.8473
AL,01055,Etowah County,"Etowah County, Alabama",103348,27.2,1643,4.2,6379,16.4,0.7961,0.7544,0.574,0.2911,0.672
AL,01057,Fayette County,"Fayette County, Alabama",16297,34.5,657,10.7,1632,26.6,0.8514,0.4788,0.4556,0.6914,0.7458
AL,01059,Franklin County,"Franklin County, Alabama",32011,33.3,1031,9.2,4250,37.8,0.6675,0.9491,0.6045,0.4846,0.7576
AL,01061,Geneva County,"Geneva County, Alabama",26647,32.0,710,6.8,2642,25.4,0.6729,0.6427,0.5161,0.3509,0.5822
AL,01063,Greene County,"Greene County, Alabama",7706,50.0,378,13.2,1255,43.7,0.9211,0.8425,0.9857,0.7254,0.9157
AL,01065,Hale County,"Hale County, Alabama",14742,35.9,620,11.5,1588,29.4,0.9341,0.5072,0.9259,0.8148,0.8826
AL,01067,Henry County,"Henry County, Alabama",17282,25.9,509,7.6,1390,20.8,0.6519,0.5695,0.6726,0.4677,0.6195
AL,01069,Houston County,"Houston County, Alabama",107040,27.8,2576,6.2,7122,17.1,0.7703,0.7499,0.7251,0.3936,0.7175
AL,01071,Jackson County,"Jackson County, Alabama",52618,31.0,954,4.6,3423,16.6,0.8552,0.8136,0.328,0.3783,0.7194
AL,01073,Jefferson County,"Jefferson County, Alabama",672265,24.6,18241,6.9,34399,12.9,0.6802,0.6109,0.8766,0.6017,0.7251
AL,01075,Lamar County,"Lamar County, Alabama",13885,26.7,297,5.7,1521,29.4,0.5654,0.4718,0.413,0.3395,0.4731
AL,01077,Lauderdale County,"Lauderdale County, Alabama",94329,24.4,2322,6.1,7437,19.4,0.4687,0.4219,0.4636,0.5568,0.4919
AL,01079,Lawrence County,"Lawrence County, Alabama",33116,27.2,654,5.1,3827,29.8,0.4652,0.3878,0.5867,0.1833,0.3624
AL,01081,Lee County,"Lee County, Alabama",175126,27.0,3111,4.8,9037,13.9,0.5609,0.2046,0.7038,0.9023,0.6446
AL,01083,Limestone County,"Limestone County, Alabama",104199,18.4,1186,3.1,4655,12.1,0.3,0.2574,0.6115,0.399,0.3233
AL,01085,Lowndes County,"Lowndes County, Alabama",10153,45.0,444,11.1,1540,38.5,0.9679,0.7642,0.9755,0.5813,0.9042
AL,01087,Macon County,"Macon County, Alabama",19198,36.7,769,10.8,2036,28.6,0.9618,0.6185,0.9866,0.9765,0.9656
AL,01089,Madison County,"Madison County, Alabama",389781,17.8,6552,4.1,15563,9.8,0.2813,0.3369,0.7423,0.3723,0.3509
AL,01091,Marengo County,"Marengo County, Alabama",19180,32.5,634,8.6,1671,22.6,0.5434,0.7741,0.8953,0.4932,0.6691
AL,01093,Marion County,"Marion County, Alabama",29203,30.1,548,5.0,2676,24.3,0.8565,0.4368,0.2587,0.6507,0.6946
AL,01095,Marshall County,"Marshall County, Alabama",97923,26.6,1725,4.8,4530,12.6,0.6223,0.9087,0.5425,0.2504,0.6201
AL,01097,Mobile County,"Mobile County, Alabama",413878,28.3,10773,6.7,26595,16.7,0.8629,0.623,0.8212,0.7095,0.8304
AL,01099,Monroe County,"Monroe County, Alabama",19816,34.2,460,6.3,2820,38.6,0.9119,0.2997,0.8473,0.4871,0.7416
AL,01101,Montgomery County,"Montgomery County, Alabama",228132,30.0,6165,6.9,11731,13.1,0.9036,0.8762,0.9542,0.8069,0.929
AL,01103,Morgan County,"Morgan County, Alabama",123102,23.4,2454,5.1,8834,18.4,0.5396,0.8142,0.6179,0.6258,0.6787
AL,01105,Perry County,"Perry County, Alabama",8479,49.2,319,10.4,1047,34.0,0.9456,0.7976,0.9653,0.7324,0.9214
AL,01107,Pickens County,"Pickens County, Alabama",18925,33.6,552,7.8,1758,24.8,0.7646,0.9268,0.8482,0.8387,0.8918
AL,01109,Pike County,"Pike County, Alabama",32997,34.0,802,6.7,2864,23.9,0.8218,0.2634,0.8279,0.8906,0.8002
AL,01111,Randolph County,"Randolph County, Alabama",22179,27.2,461,5.3,1725,19.8,0.4998,0.6857,0.6128,0.4598,0.559
AL,01113,Russell County,"Russell County, Alabama",58849,32.0,2075,8.8,5874,25.0,0.9504,0.8925,0.8976,0.4897,0.8963
AL,01115,St. Clair County,"St. Clair County, Alabama",91719,16.5,1104,3.3,3509,10.4,0.3048,0.1893,0.4378,0.3287,0.2587
AL,01117,Shelby County,"Shelby County, Alabama",223916,11.6,2218,2.6,5988,7.1,0.0735,0.2453,0.5927,0.1842,0.1238
AL,01119,Sumter County,"Sumter County, Alabama",12196,44.1,371,7.7,1444,30.1,0.9185,0.6997,0.9736,0.9004,0.9255
AL,01121,Talladega County,"Talladega County, Alabama",81105,29.7,2484,7.7,5175,16.0,0.889,0.8291,0.7579,0.8689,0.908
AL,01123,Tallapoosa County,"Tallapoosa County, Alabama",41251,27.4,1128,6.9,3306,20.1,0.8139,0.9526,0.6847,0.6637,0.8692
AL,01125,Tuscaloosa County,"Tuscaloosa County, Alabama",231558,25.9,4821,5.7,11616,13.7,0.6319,0.1371,0.776,0.8584,0.651
AL,01127,Walker County,"Walker County, Alabama",64978,28.0,1166,4.7,4841,19.6,0.741,0.8352,0.3649,0.3166,0.6398
AL,01129,Washington County,"Washington County, Alabama",15434,30.2,228,4.1,1558,28.3,0.5962,0.1158,0.72,0.1145,0.3217
AL,01131,Wilcox County,"Wilcox County, Alabama",10441,44.2,487,13.6,967,27.0,0.9609,0.9691,0.9685,0.8479,0.9819
AL,01133,Winston County,"Winston County, Alabama",23655,29.4,483,5.3,2075,22.8,0.6946,0.8352,0.1928,0.4079,0.6125
AK,02013,Aleutians East Borough,"Aleutians East Borough, Alaska",3407,23.7,225,25.0,380,42.3,0.651,0.1184,0.987,0.9898,0.7754
AK,02016,Aleutians West Census Area,"Aleutians West Census Area, Alaska",5219,15.4,96,9.9,216,22.3,0.2555,0.0159,0.9787,0.9955,0.5033
AK,02020,Anchorage Municipality,"Anchorage Municipality, Alaska",290674,15.8,6085,5.7,6760,6.3,0.4044,0.3901,0.8291,0.8241,0.6052
AK,02050,Bethel Census Area,"Bethel Census Area, Alaska",18538,39.5,2824,61.9,1037,22.7,0.8963,0.6392,0.9949,0.9777,0.9424
AK,02060,Bristol Bay Borough,"Bristol Bay Borough, Alaska",854,10.5,29,10.2,63,22.2,0.1171,0.0019,0.896,0.9516,0.2332
AK,02063,Chugach Census Area,"Chugach Census Area, Alaska",7000,10.6,158,5.7,306,11.1,0.4292,0.3627,0.658,0.9844,0.6876
AK,02066,Copper River Census Area,"Copper River Census Area, Alaska",2614,21.4,76,7.0,245,22.5,0.4881,0.6017,0.8571,0.3019,0.5247
AK,02068,Denali Borough,"Denali Borough, Alaska",2101,9.3,17,3.2,90,17.1,0.0013,0.0003,0.6045,0.7009,0.0353
AK,02070,Dillingham Census Area,"Dillingham Census Area, Alaska",4854,27.3,501,36.2,337,24.3,0.7798,0.7436,0.9895,0.9278,0.8931
AK,02090,Fairbanks North Star Borough,"Fairbanks North Star Borough, Alaska",96299,13.4,1717,4.8,3580,10.0,0.3493,0.2319,0.6949,0.77,0.4925
AK,02100,Haines Borough,"Haines Borough, Alaska",2079,15.0,71,9.0,128,16.3,0.2717,0.2759,0.6332,0.7916,0.4594
AK,02105,Hoonah-Angoon Census Area,"Hoonah-Angoon Census Area, Alaska",2329,24.2,287,33.1,340,39.2,0.5698,0.2743,0.8727,0.7534,0.6376
AK,02110,Juneau City and Borough,"Juneau City and Borough, Alaska",32108,12.3,1247,9.6,1044,8.0,0.1365,0.0531,0.7617,0.9313,0.3528
AK,02122,Kenai Peninsula Borough,"Kenai Peninsula Borough, Alaska",59235,19.1,1120,4.8,3289,14.2,0.5345,0.1985,0.5581,0.5307,0.4725
AK,02130,Ketchikan Gateway Borough,"Ketchikan Gateway Borough, Alaska",13910,16.6,656,11.8,581,10.4,0.3331,0.1047,0.7607,0.908,0.5027
AK,02150,Kodiak Island Borough,"Kodiak Island Borough, Alaska",13065,15.0,394,8.9,414,9.4,0.364,0.2529,0.8877,0.9644,0.637
AK,02158,Kusilvak Census Area,"Kusilvak Census Area, Alaska",8372,53.1,1602,85.9,438,23.5,0.9042,0.5679,0.9994,0.7035,0.8568
AK,02164,Lake and Peninsula Borough,"Lake and Peninsula Borough, Alaska",999,26.9,137,42.0,82,25.2,0.6923,0.6246,0.9857,0.7623,0.7926
AK,02170,Matanuska-Susitna Borough,"Matanuska-Susitna Borough, Alaska",108661,16.6,1435,3.7,3499,8.9,0.552,0.4082,0.5797,0.3474,0.4792
AK,02180,Nome Census Area,"Nome Census Area, Alaska",10018,35.7,1593,57.2,480,17.2,0.8785,0.3449,0.9898,0.9214,0.8683
AK,02185,North Slope Borough,"North Slope Borough, Alaska",10924,12.7,792,36.5,772,35.6,0.4283,0.4604,0.9551,0.9946,0.7747
AK,02188,Northwest Arctic Borough,"Northwest Arctic Borough, Alaska",7682,31.3,1159,65.3,271,15.3,0.8304,0.3611,0.9943,0.9602,0.8734
AK,02195,Petersburg Borough,"Petersburg Borough, Alaska",3374,12.4,158,12.6,221,17.6,0.3929,0.7445,0.8352,0.8072,0.6857
AK,02198,Prince of Wales-Hyder Census Area,"Prince of Wales-Hyder Census Area, Alaska",5799,25.6,194,8.3,623,26.7,0.5978,0.6341,0.9001,0.9523,0.818
AK,02220,Sitka City and Borough,"Sitka City and Borough, Alaska",8462,11.7,362,10.5,434,12.5,0.3029,0.0827,0.7843,0.8237,0.4442
AK,02230,Skagway Municipality,"Skagway Municipality, Alaska",1303,13.0,26,6.3,45,11.0,0.3042,0.0283,0.5829,0.7875,0.3328
AK,02240,Southeast Fairbanks Census Area,"Southeast Fairbanks Census Area, Alaska",6888,22.2,124,5.7,542,24.8,0.4906,0.6939,0.6449,0.7798,0.6755
AK,02275,Wrangell City and Borough,"Wrangell City and Borough, Alaska",2134,16.6,58,6.3,169,18.2,0.4187,0.6806,0.825,0.3939,0.5342
AK,02282,Yakutat City and Borough,"Yakutat City and Borough, Alaska",564,15.5,29,12.6,40,17.3,0.1416,0.1079,0.9577,0.8116,0.3723
AK,02290,Yukon-Koyukuk Census Area,"Yukon-Koyukuk Census Area, Alaska",5355,35.4,975,46.9,1075,51.7,0.839,0.7394,0.98,0.8037,0.8807
AZ,04001,Apache County,"Apache County, Arizona",66054,47.1,2509,12.7,10396,52.5,0.8902,0.9284,0.9841,0.9402,0.965
AZ,04003,Cochise County,"Cochise County, Arizona",125504,27.0,2956,6.0,7325,14.7,0.7121,0.9574,0.8473,0.9714,0.9325
AZ,04005,Coconino County,"Coconino County, Arizona",144705,26.7,2817,5.4,9121,17.5,0.8097,0.0595,0.8533,0.9917,0.8031
AZ,04007,Gila County,"Gila County, Arizona",53419,30.6,1558,6.9,5375,23.7,0.8466,0.6131,0.7668,0.8352,0.847
AZ,04009,Graham County,"Graham County, Arizona",38453,25.9,594,4.9,2104,17.5,0.7,0.6596,0.8702,0.9513,0.8486
AZ,04011,Greenlee County,"Greenlee County, Arizona",9483,16.5,88,2.7,472,14.3,0.0974,0.6726,0.8934,0.4407,0.3598
AZ,04012,La Paz County,"La Paz County, Arizona",16681,30.9,424,4.8,2569,28.8,0.9236,0.9701,0.818,0.5775,0.9195
AZ,04013,Maricopa County,"Maricopa County, Arizona",4430871,19.0,87174,5.2,145567,8.7,0.6201,0.5705,0.8521,0.6907,0.713
AZ,04015,Mohave County,"Mohave County, Arizona",214229,27.1,4205,4.4,13641,14.3,0.8285,0.8419,0.5994,0.762,0.8489
AZ,04017,Navajo County,"Navajo County, Arizona",107110,38.8,3175,8.5,11376,30.3,0.8902,0.9863,0.9103,0.9446,0.9806
AZ,04019,Pima County,"Pima County, Arizona",1042393,24.1,30295,7.2,42542,10.1,0.7493,0.7356,0.8711,0.9663,0.888
AZ,04021,Pinal County,"Pinal County, Arizona",433338,20.0,5354,3.5,14138,9.3,0.6347,0.8374,0.833,0.7521,0.797
AZ,04023,Santa Cruz County,"Santa Cruz County, Arizona",47838,33.4,1000,6.0,2880,17.3,0.987,0.9395,0.9879,0.4092,0.9383
AZ,04025,Yavapai County,"Yavapai County, Arizona",237830,21.4,4163,3.9,11092,10.4,0.5752,0.5488,0.546,0.6026,0.5991
AZ,04027,Yuma County,"Yuma County, Arizona",204374,31.7,3983,5.3,11700,15.7,0.9819,0.9736,0.9612,0.98,0.9978
AR,05001,Arkansas County,"Arkansas County, Arkansas",17024,27.7,634,9.7,1621,24.7,0.6787,0.5078,0.6901,0.7585,0.7226
AR,05003,Ashley County,"Ashley County, Arkansas",19018,37.6,637,8.9,1813,25.2,0.8171,0.9262,0.6971,0.5062,0.8237
AR,05005,Baxter County,"Baxter County, Arkansas",41801,28.9,835,4.4,3352,17.6,0.6131,0.3618,0.2109,0.3366,0.4333
AR,05007,Benton County,"Benton County, Arkansas",286528,14.9,2931,2.8,9205,8.8,0.182,0.5892,0.7286,0.3115,0.3268
AR,05009,Boone County,"Boone County, Arkansas",37662,22.9,842,5.5,2129,14.0,0.4053,0.4563,0.1508,0.1674,0.2647
AR,05011,Bradley County,"Bradley County, Arkansas",10461,33.0,310,8.6,983,27.4,0.8778,0.895,0.8365,0.6901,0.8864
AR,05013,Calhoun County,"Calhoun County, Arkansas",4773,21.1,49,3.3,344,23.0,0.5205,0.6545,0.6487,0.2307,0.4967
AR,05015,Carroll County,"Carroll County, Arkansas",28362,26.3,563,5.0,2032,17.9,0.6618,0.6608,0.6287,0.4722,0.6421
AR,05017,Chicot County,"Chicot County, Arkansas",10234,43.1,458,11.4,1018,25.4,0.98,0.9866,0.9243,0.9889,0.9987
AR,05019,Clark County,"Clark County, Arkansas",21469,31.7,501,6.3,1771,22.3,0.6583,0.5422,0.6971,0.9908,0.8339
AR,05021,Clay County,"Clay County, Arkansas",14537,28.7,355,5.9,1408,23.2,0.7168,0.5135,0.0932,0.1101,0.3929
AR,05023,Cleburne County,"Cleburne County, Arkansas",24948,26.8,326,3.1,1972,18.6,0.5406,0.4792,0.1861,0.1785,0.3532
AR,05025,Cleveland County,"Cleveland County, Arkansas",7548,31.8,191,7.0,696,25.4,0.1782,0.6888,0.4537,0.2574,0.286
AR,05027,Columbia County,"Columbia County, Arkansas",22707,31.3,326,4.2,1904,24.3,0.5192,0.6596,0.7929,0.9163,0.7598
AR,05029,Conway County,"Conway County, Arkansas",20782,33.8,629,7.5,1928,22.9,0.6879,0.9634,0.5218,0.427,0.7461
AR,05031,Craighead County,"Craighead County, Arkansas",111038,28.9,2884,6.8,6093,14.4,0.7369,0.8836,0.6316,0.7824,0.8342
AR,05033,Crawford County,"Crawford County, Arkansas",60593,28.1,1096,4.8,4125,18.1,0.6822,0.9532,0.5011,0.4944,0.7531
AR,05035,Crittenden County,"Crittenden County, Arkansas",47945,32.5,1788,9.6,2955,15.9,0.9345,0.8368,0.9192,0.7461,0.9205
AR,05037,Cross County,"Cross County, Arkansas",16827,34.3,612,9.3,1381,21.0,0.9128,0.9504,0.6402,0.7801,0.9227
AR,05039,Dallas County,"Dallas County, Arkansas",6472,21.8,176,7.7,668,29.2,0.3366,0.6179,0.8603,0.9421,0.6885
AR,05041,Desha County,"Desha County, Arkansas",11285,44.7,672,14.6,1272,27.6,0.9173,0.999,0.9007,0.7369,0.9749
AR,05043,Drew County,"Drew County, Arkansas",17309,33.0,523,7.6,1635,23.7,0.4028,0.8263,0.7245,0.9548,0.7668
AR,05045,Faulkner County,"Faulkner County, Arkansas",124611,25.8,2283,4.8,4592,9.7,0.4585,0.2071,0.5444,0.8266,0.5326
AR,05047,Franklin County,"Franklin County, Arkansas",17160,33.9,378,5.6,1706,25.4,0.6688,0.6678,0.3446,0.5317,0.6198
AR,05049,Fulton County,"Fulton County, Arkansas",12183,39.9,257,5.4,1820,38.1,0.72,0.7,0.1572,0.6262,0.6535
AR,05051,Garland County,"Garland County, Arkansas",100021,26.4,2685,6.2,7673,17.8,0.713,0.9723,0.5161,0.8326,0.8661
AR,05053,Grant County,"Grant County, Arkansas",18022,19.9,165,2.4,1118,16.3,0.154,0.4588,0.2399,0.223,0.1852
AR,05055,Greene County,"Greene County, Arkansas",45954,28.6,878,4.9,2756,15.5,0.7932,0.6898,0.2692,0.5654,0.6917
AR,05057,Hempstead County,"Hempstead County, Arkansas",20037,32.8,574,7.8,1651,22.4,0.748,0.9914,0.8508,0.6927,0.8998
AR,05059,Hot Spring County,"Hot Spring County, Arkansas",33129,30.0,699,5.9,2876,24.2,0.5278,0.4458,0.4998,0.868,0.6437
AR,05061,Howard County,"Howard County, Arkansas",12779,28.6,231,4.4,1242,23.8,0.8342,0.9949,0.7521,0.4423,0.8797
AR,05063,Independence County,"Independence County, Arkansas",37910,30.1,876,6.1,4597,31.9,0.7655,0.7843,0.4314,0.8912,0.8241
AR,05065,Izard County,"Izard County, Arkansas",13748,34.2,347,7.2,1775,36.6,0.8043,0.3541,0.3592,0.6885,0.671
AR,05067,Jackson County,"Jackson County, Arkansas",16784,36.0,487,8.0,1459,23.9,0.8667,0.4534,0.5927,0.4874,0.7101
AR,05069,Jefferson County,"Jefferson County, Arkansas",66934,31.9,1870,7.7,5948,24.5,0.7951,0.8015,0.931,0.9453,0.9096
AR,05071,Johnson County,"Johnson County, Arkansas",25925,37.7,517,5.2,3003,30.3,0.8769,0.98,0.5679,0.6478,0.895
AR,05073,Lafayette County,"Lafayette County, Arkansas",6277,36.6,188,7.4,831,32.6,0.8622,0.6408,0.8031,0.6064,0.8075
AR,05075,Lawrence County,"Lawrence County, Arkansas",16258,33.2,350,5.5,1264,19.9,0.763,0.7636,0.1572,0.6408,0.7003
AR,05077,Lee County,"Lee County, Arkansas",8666,40.1,562,21.7,621,24.0,0.958,0.9144,0.917,0.8829,0.9714
AR,05079,Lincoln County,"Lincoln County, Arkansas",13016,28.7,163,4.8,1411,41.8,0.6058,0.1409,0.749,0.7372,0.5864
AR,05081,Little River County,"Little River County, Arkansas",12024,25.0,233,4.9,1230,26.0,0.3643,0.538,0.6468,0.3255,0.4197
AR,05083,Logan County,"Logan County, Arkansas",21247,29.0,435,5.2,1900,22.6,0.4967,0.6802,0.335,0.5603,0.5444
AR,05085,Lonoke County,"Lonoke County, Arkansas",74292,19.7,1344,4.9,3694,13.4,0.3684,0.7063,0.4445,0.2536,0.4063
AR,05087,Madison County,"Madison County, Arkansas",16737,30.1,201,3.2,1035,16.6,0.6096,0.6411,0.5953,0.2405,0.5272
AR,05089,Marion County,"Marion County, Arkansas",16905,30.1,301,4.2,901,12.6,0.6726,0.5495,0.182,0.2246,0.4588
AR,05091,Miller County,"Miller County, Arkansas",42682,33.4,1418,8.9,3239,20.4,0.908,0.7136,0.7028,0.9812,0.9354
AR,05093,Mississippi County,"Mississippi County, Arkansas",40361,33.8,1554,10.4,2818,18.8,0.9007,0.9456,0.8151,0.7878,0.9335
AR,05095,Monroe County,"Monroe County, Arkansas",6787,34.7,441,15.6,760,26.9,0.9147,0.7773,0.8447,0.9275,0.9341
AR,05097,Montgomery County,"Montgomery County, Arkansas",8555,31.7,165,4.6,853,23.8,0.7455,0.8314,0.2959,0.1954,0.5765
AR,05099,Nevada County,"Nevada County, Arkansas",8292,37.0,145,4.6,1021,32.4,0.7913,0.8731,0.7502,0.7448,0.8527
AR,05101,Newton County,"Newton County, Arkansas",7243,23.5,63,2.2,709,24.4,0.4359,0.2275,0.2109,0.0961,0.1985
AR,05103,Ouachita County,"Ouachita County, Arkansas",22606,32.1,1049,12.4,1557,18.4,0.6767,0.8912,0.8377,0.4298,0.7464
AR,05105,Perry County,"Perry County, Arkansas",10055,29.4,232,6.1,799,20.9,0.286,0.6284,0.2692,0.5991,0.4292
AR,05107,Phillips County,"Phillips County, Arkansas",16373,44.4,862,13.9,1476,23.9,0.9526,0.9402,0.9453,0.7633,0.9628
AR,05109,Pike County,"Pike County, Arkansas",10205,29.1,195,4.9,928,23.2,0.4706,0.7598,0.4248,0.6449,0.5972
AR,05111,Poinsett County,"Poinsett County, Arkansas",22997,35.2,791,8.7,1954,21.5,0.8234,0.8546,0.4273,0.4127,0.7381
AR,05113,Polk County,"Polk County, Arkansas",19384,30.9,411,5.3,1701,22.0,0.7506,0.8447,0.377,0.4174,0.6863
AR,05115,Pope County,"Pope County, Arkansas",63475,31.5,1074,4.5,3876,16.4,0.7817,0.8727,0.489,0.727,0.8171
AR,05117,Prairie County,"Prairie County, Arkansas",8217,26.3,153,4.6,940,28.4,0.4178,0.7674,0.4496,0.2844,0.4601
AR,05119,Pulaski County,"Pulaski County, Arkansas",398322,26.6,12451,7.4,23948,14.3,0.6573,0.8011,0.8702,0.6844,0.7811
AR,05121,Randolph County,"Randolph County, Arkansas",18619,35.1,431,6.0,2084,29.0,0.7696,0.7941,0.2816,0.5336,0.7051
AR,05123,St. Francis County,"St. Francis County, Arkansas",23138,42.9,1043,12.9,2066,25.5,0.9421,0.943,0.924,0.9284,0.9777
AR,05125,Saline County,"Saline County, Arkansas",123988,17.3,1775,3.7,6093,12.6,0.1502,0.6459,0.5011,0.3312,0.2864
AR,05127,Scott County,"Scott County, Arkansas",9871,28.0,363,9.3,1044,26.8,0.7146,0.9001,0.4658,0.5759,0.7537
AR,05129,Searcy County,"Searcy County, Arkansas",7880,38.4,228,7.7,802,27.2,0.6847,0.5011,0.3484,0.3086,0.517
AR,05131,Sebastian County,"Sebastian County, Arkansas",128184,28.7,3257,6.3,9202,17.7,0.7957,0.9675,0.6962,0.6491,0.8696
AR,05133,Sevier County,"Sevier County, Arkansas",15913,32.0,259,4.7,1237,22.3,0.8256,0.8864,0.833,0.4804,0.825
AR,05135,Sharp County,"Sharp County, Arkansas",17422,31.3,328,4.8,2177,31.5,0.728,0.7808,0.2364,0.2959,0.5838
AR,05137,Stone County,"Stone County, Arkansas",12393,39.1,361,7.6,1879,39.7,0.7731,0.8336,0.2733,0.7299,0.7709
AR,05139,Union County,"Union County, Arkansas",38815,28.8,777,5.2,3467,23.2,0.5485,0.7668,0.7798,0.5479,0.6682
AR,05141,Van Buren County,"Van Buren County, Arkansas",15900,34.6,434,6.4,1669,24.4,0.8101,0.8661,0.2164,0.6678,0.7763
AR,05143,Washington County,"Washington County, Arkansas",247331,25.6,4318,4.6,12195,13.0,0.7407,0.4871,0.7178,0.8094,0.7658
AR,05145,White County,"White County, Arkansas",77118,29.6,1814,6.3,4795,16.7,0.7716,0.7878,0.4057,0.9488,0.8482
AR,05147,Woodruff County,"Woodruff County, Arkansas",6259,33.4,287,10.9,997,38.0,0.7859,0.6767,0.6752,0.6303,0.7671
AR,05149,Yell County,"Yell County, Arkansas",20342,30.9,447,5.8,1728,22.3,0.5714,0.8276,0.6211,0.8591,0.7738
CA,06001,Alameda County,"Alameda County, California",1663823,14.1,54476,9.3,41240,7.0,0.2962,0.0862,0.9605,0.9205,0.5129
CA,06003,Alpine County,"Alpine County, California",1515,18.3,15,3.4,44,10.1,0.1429,0.6402,0.8008,0.5352,0.4044
CA,06005,Amador County,"Amador County, California",40577,14.8,845,5.4,2060,13.1,0.4477,0.398,0.6096,0.7725,0.5647
CA,06007,Butte County,"Butte County, California",213605,28.2,5063,6.1,8412,10.1,0.7706,0.4843,0.6806,0.9437,0.8225
CA,06009,Calaveras County,"Calaveras County, California",45674,21.4,355,2.1,2464,14.3,0.5425,0.4706,0.552,0.0614,0.3357
CA,06011,Colusa County,"Colusa County, California",21811,22.6,340,4.6,1441,19.4,0.8931,0.9026,0.9465,0.3315,0.84
CA,06013,Contra Costa County,"Contra Costa County, California",1162648,13.5,20801,5.1,21205,5.2,0.3223,0.4343,0.917,0.5113,0.4785
CA,06015,Del Norte County,"Del Norte County, California",27462,25.3,698,7.3,971,10.2,0.7814,0.6395,0.7735,0.9927,0.9004
CA,06017,El Dorado County,"El Dorado County, California",191713,13.7,2881,3.8,6133,8.2,0.1836,0.2008,0.5994,0.2186,0.1896
CA,06019,Fresno County,"Fresno County, California",1008280,30.8,23481,7.4,46147,14.5,0.943,0.8772,0.9685,0.875,0.9618
CA,06021,Glenn County,"Glenn County, California",28657,25.9,347,3.6,1367,14.0,0.945,0.6443,0.8734,0.5937,0.8622
CA,06023,Humboldt County,"Humboldt County, California",136132,29.8,3794,7.0,6026,11.1,0.7805,0.6538,0.6475,0.8851,0.8269
CA,06025,Imperial County,"Imperial County, California",179578,35.5,2955,6.3,5865,12.5,0.9682,0.9392,0.9943,0.979,0.9936
CA,06027,Inyo County,"Inyo County, California",18829,19.7,405,5.2,1371,17.5,0.4162,0.5234,0.7881,0.7716,0.6147
CA,06029,Kern County,"Kern County, California",906883,32.2,17883,6.4,33025,11.9,0.957,0.8339,0.9545,0.9265,0.9685
CA,06031,Kings County,"Kings County, California",152515,27.8,2109,4.8,5761,13.2,0.9354,0.839,0.9593,0.8753,0.9507
CA,06033,Lake County,"Lake County, California",68024,28.5,1485,5.6,4275,16.1,0.8696,0.9236,0.7089,0.7999,0.9055
CA,06035,Lassen County,"Lassen County, California",31873,23.6,458,5.1,1219,13.7,0.861,0.3748,0.7464,0.8769,0.8231
CA,06037,Los Angeles County,"Los Angeles County, California",9936690,22.7,291082,8.7,325015,9.7,0.895,0.2825,0.9736,0.9176,0.8629
CA,06039,Madera County,"Madera County, California",157243,30.9,1881,4.3,4781,10.9,0.9567,0.9036,0.9532,0.7859,0.9593
CA,06041,Marin County,"Marin County, California",260485,10.4,4775,4.6,5305,5.1,0.1616,0.3637,0.6764,0.6682,0.37
CA,06043,Mariposa County,"Mariposa County, California",17130,24.4,393,5.2,1173,15.4,0.6542,0.922,0.5711,0.9465,0.8613
CA,06045,Mendocino County,"Mendocino County, California",91145,25.4,2771,8.0,4852,14.0,0.8934,0.9803,0.749,0.9418,0.9726
CA,06047,Merced County,"Merced County, California",282290,30.0,5918,7.2,8906,10.8,0.973,0.888,0.9736,0.8517,0.973
CA,06049,Modoc County,"Modoc County, California",8651,27.2,193,5.7,706,20.7,0.693,0.8998,0.5927,0.7852,0.8186
CA,06051,Mono County,"Mono County, California",13219,15.6,132,2.4,563,10.3,0.4143,0.02,0.7321,0.7375,0.3891
CA,06053,Monterey County,"Monterey County, California",437609,21.5,6253,4.8,10635,8.1,0.8272,0.581,0.964,0.8724,0.8686
CA,06055,Napa County,"Napa County, California",137384,14.1,2421,4.9,3555,7.2,0.4983,0.4127,0.8702,0.8692,0.6831
CA,06057,Nevada County,"Nevada County, California",102322,17.4,1687,4.1,3916,9.5,0.3013,0.2444,0.4699,0.1632,0.2148
CA,06059,Orange County,"Orange County, California",3175227,16.1,49514,4.6,66696,6.3,0.5412,0.1791,0.9252,0.6605,0.5692
CA,06061,Placer County,"Placer County, California",406608,11.0,5740,3.8,10857,7.1,0.1212,0.3182,0.6793,0.2469,0.1992
CA,06063,Plumas County,"Plumas County, California",19650,18.0,361,4.5,1246,15.4,0.3659,0.3672,0.4948,0.4903,0.4088
CA,06065,Riverside County,"Riverside County, California",2429487,19.7,30337,4.0,61242,8.2,0.7948,0.6736,0.9504,0.6822,0.8199
CA,06067,Sacramento County,"Sacramento County, California",1579211,20.9,34973,6.2,40559,7.2,0.6255,0.636,0.9084,0.7343,0.7509
CA,06069,San Benito County,"San Benito County, California",64753,14.4,631,3.2,1361,6.9,0.5072,0.6685,0.9564,0.1639,0.5094
CA,06071,San Bernardino County,"San Bernardino County, California",2180563,23.5,29933,4.5,61385,9.3,0.8896,0.7563,0.9726,0.7464,0.8858
CA,06073,San Diego County,"San Diego County, California",3289701,17.5,62302,5.4,71504,6.2,0.6281,0.2202,0.9007,0.8759,0.7057
CA,06075,San Francisco County,"San Francisco County, California",851036,16.2,107954,29.9,29983,8.3,0.2876,0.0302,0.9284,0.9561,0.482
CA,06077,San Joaquin County,"San Joaquin County, California",779445,21.8,12376,5.2,24085,10.1,0.8075,0.8174,0.9637,0.7509,0.8718
CA,06079,San Luis Obispo County,"San Luis Obispo County, California",281712,18.2,4084,3.8,9142,8.5,0.4254,0.2256,0.7038,0.7553,0.5227
CA,06081,San Mateo County,"San Mateo County, California",754250,10.3,14752,5.6,14371,5.4,0.1292,0.0655,0.9351,0.7121,0.2899
CA,06083,Santa Barbara County,"Santa Barbara County, California",445213,22.6,9256,6.3,12089,8.2,0.8419,0.3401,0.9065,0.9599,0.8667
CA,06085,Santa Clara County,"Santa Clara County, California",1916831,11.0,37467,5.8,34056,5.2,0.1349,0.0859,0.9612,0.8206,0.3614
CA,06087,Santa Cruz County,"Santa Cruz County, California",268571,17.9,5040,5.2,7065,7.3,0.4948,0.1327,0.8225,0.9182,0.6131
CA,06089,Shasta County,"Shasta County, California",181852,21.6,4360,6.1,7918,11.1,0.6096,0.833,0.5679,0.7919,0.7649
CA,06091,Sierra County,"Sierra County, California",2916,19.8,34,3.0,261,23.0,0.5994,0.2599,0.3888,0.1654,0.3522
CA,06093,Siskiyou County,"Siskiyou County, California",44049,26.9,1043,5.6,2888,15.4,0.7649,0.7458,0.6185,0.7206,0.7884
CA,06095,Solano County,"Solano County, California",450995,14.8,7158,4.6,10745,6.9,0.4499,0.5186,0.9415,0.6787,0.6201
CA,06097,Sonoma County,"Sonoma County, California",488436,14.4,9015,4.8,11874,6.3,0.4108,0.4025,0.7706,0.7146,0.5562
CA,06099,Stanislaus County,"Stanislaus County, California",552063,23.7,9523,5.4,17893,10.2,0.8482,0.8323,0.9252,0.5889,0.8511
CA,06101,Sutter County,"Sutter County, California",99101,23.6,1770,5.4,4091,12.4,0.8444,0.8874,0.9036,0.5883,0.8641
CA,06103,Tehama County,"Tehama County, California",65484,28.0,1521,6.2,4012,16.3,0.8253,0.9892,0.7213,0.7728,0.9271
CA,06105,Trinity County,"Trinity County, California",15889,34.0,242,4.4,1133,20.7,0.769,0.7388,0.5444,0.5107,0.7206
CA,06107,Tulare County,"Tulare County, California",473446,31.5,6643,4.7,20090,14.3,0.9602,0.8524,0.9707,0.5705,0.9147
CA,06109,Tuolumne County,"Tuolumne County, California",54993,17.9,1266,5.5,3017,13.2,0.5501,0.622,0.5415,0.6876,0.6319
CA,06111,Ventura County,"Ventura County, California",842009,15.6,11668,4.2,21988,8.0,0.5921,0.3312,0.9017,0.6293,0.6249
CA,06113,Yolo County,"Yolo County, California",217141,24.7,5915,7.8,6809,8.9,0.6198,0.1572,0.8966,0.9653,0.7366
CA,06115,Yuba County,"Yuba County, California",81705,25.5,1760,6.4,3084,11.2,0.8651,0.9109,0.8616,0.8651,0.9268
CO,08001,Adams County,"Adams County, Colorado",520149,16.9,8327,4.6,15838,8.7,0.6825,0.6758,0.8832,0.545,0.7264
CO,08003,Alamosa County,"Alamosa County, Colorado",16460,28.5,401,6.2,687,10.6,0.5721,0.7658,0.889,0.9411,0.8253
CO,08005,Arapahoe County,"Arapahoe County, Colorado",654453,13.8,12544,5.0,15636,6.2,0.4101,0.4038,0.8031,0.4117,0.4661
CO,08007,Archuleta County,"Archuleta County, Colorado",13509,19.8,141,2.5,594,10.4,0.5237,0.1473,0.5969,0.2304,0.3484
CO,08009,Baca County,"Baca County, Colorado",3496,33.6,81,5.1,303,19.1,0.5463,0.4566,0.4839,0.5832,0.5472
CO,08011,Bent County,"Bent County, Colorado",5561,40.0,143,7.9,337,18.6,0.8937,0.2692,0.8377,0.9838,0.8804
CO,08013,Boulder County,"Boulder County, Colorado",328658,16.3,6884,5.2,7719,5.8,0.2202,0.0169,0.5892,0.5962,0.209
CO,08014,Broomfield County,"Broomfield County, Colorado",73946,7.6,1095,3.6,1480,4.9,0.0353,0.0557,0.6128,0.1088,0.0436
CO,08015,Chaffee County,"Chaffee County, Colorado",19564,20.3,362,4.0,1482,16.3,0.5657,0.693,0.4378,0.5915,0.6096
CO,08017,Cheyenne County,"Cheyenne County, Colorado",1726,18.5,6,0.8,91,12.3,0.0843,0.4197,0.5294,0.0334,0.0837
CO,08019,Clear Creek County,"Clear Creek County, Colorado",9403,13.4,183,4.0,391,8.5,0.3245,0.0356,0.4018,0.1677,0.1394
CO,08021,Conejos County,"Conejos County, Colorado",7553,31.4,202,6.5,701,22.7,0.8062,0.8311,0.8931,0.608,0.8377
CO,08023,Costilla County,"Costilla County, Colorado",3534,38.5,81,5.3,258,16.9,0.8511,0.9965,0.9462,0.2466,0.8727
CO,08025,Crowley County,"Crowley County, Colorado",5782,32.4,75,5.7,262,19.9,0.8823,0.5864,0.8571,0.8059,0.86
CO,08027,Custer County,"Custer County, Colorado",4885,21.5,54,2.5,416,19.1,0.2905,0.0404,0.377,0.083,0.1012
CO,08029,Delta County,"Delta County, Colorado",31173,23.9,509,4.2,2669,21.8,0.6312,0.7086,0.5383,0.3344,0.581
CO,08031,Denver County,"Denver County, Colorado",710800,18.0,32094,9.9,27549,8.5,0.546,0.057,0.8447,0.8486,0.5603
CO,08033,Dolores County,"Dolores County, Colorado",2329,19.1,59,5.0,397,33.5,0.0923,0.2673,0.5819,0.3439,0.1858
CO,08035,Douglas County,"Douglas County, Colorado",360206,5.1,2744,2.1,3481,2.6,0.0083,0.078,0.5383,0.064,0.022
CO,08037,Eagle County,"Eagle County, Colorado",55650,13.3,809,4.0,975,4.9,0.4219,0.0719,0.7321,0.4445,0.3497
CO,08039,Elbert County,"Elbert County, Colorado",26457,9.1,100,1.1,516,5.4,0.0038,0.0127,0.4445,0.001,0.0006
CO,08041,El Paso County,"El Paso County, Colorado",730323,16.2,10013,3.6,16931,6.1,0.4168,0.3153,0.7038,0.5052,0.4604
CO,08043,Fremont County,"Fremont County, Colorado",49107,24.3,915,5.2,3073,17.4,0.5889,0.4286,0.5542,0.8511,0.6688
CO,08045,Garfield County,"Garfield County, Colorado",61683,14.5,1018,4.5,2281,10.2,0.5002,0.5247,0.7191,0.6634,0.6058
CO,08047,Gilpin County,"Gilpin County, Colorado",5856,14.2,147,5.2,289,10.1,0.2491,0.0064,0.4416,0.2727,0.0967
CO,08049,Grand County,"Grand County, Colorado",15724,14.3,154,2.5,555,8.9,0.3891,0.0089,0.4932,0.2456,0.1565
CO,08051,Gunnison County,"Gunnison County, Colorado",17018,16.0,160,2.1,525,6.8,0.2116,0.0022,0.4273,0.5997,0.1222
CO,08053,Hinsdale County,"Hinsdale County, Colorado",911,10.5,7,1.5,43,9.0,0.2335,0.4419,0.2984,0.0054,0.0869
CO,08055,Huerfano County,"Huerfano County, Colorado",6896,24.6,152,5.3,704,24.5,0.5778,0.5075,0.7636,0.3236,0.5383
CO,08057,Jackson County,"Jackson County, Colorado",1440,32.9,38,5.9,121,18.8,0.8781,0.049,0.3824,0.1085,0.3751
CO,08059,Jefferson County,"Jefferson County, Colorado",580519,11.1,9196,3.9,14445,6.1,0.1193,0.0337,0.5829,0.2164,0.0948
CO,08061,Kiowa County,"Kiowa County, Colorado",1347,28.9,15,2.7,92,16.7,0.5024,0.4785,0.2214,0.1724,0.3312
CO,08063,Kit Carson County,"Kit Carson County, Colorado",7039,22.6,169,5.7,345,11.6,0.5756,0.9211,0.5829,0.4604,0.6825
CO,08065,Lake County,"Lake County, Colorado",7403,13.0,98,3.5,353,12.4,0.2342,0.0165,0.776,0.1368,0.1152
CO,08067,La Plata County,"La Plata County, Colorado",55983,18.8,462,2.0,3318,14.6,0.2965,0.0108,0.5797,0.7031,0.258
CO,08069,Larimer County,"Larimer County, Colorado",359363,16.6,5620,3.8,11456,7.7,0.2676,0.0105,0.5161,0.3824,0.1524
CO,08071,Las Animas County,"Las Animas County, Colorado",14422,28.7,556,8.4,1108,16.7,0.8645,0.9065,0.8571,0.7706,0.9068
CO,08073,Lincoln County,"Lincoln County, Colorado",5583,22.3,101,5.3,422,22.0,0.4197,0.0528,0.6045,0.6612,0.385
CO,08075,Logan County,"Logan County, Colorado",21302,26.6,460,5.8,1073,13.4,0.4327,0.2135,0.5867,0.9593,0.6004
CO,08077,Mesa County,"Mesa County, Colorado",156131,19.8,3319,5.3,6130,9.7,0.5772,0.6497,0.5371,0.6691,0.6462
CO,08079,Mineral County,"Mineral County, Colorado",794,15.2,12,2.9,40,9.6,0.4878,0.0083,0.1654,0.0185,0.056
CO,08081,Moffat County,"Moffat County, Colorado",13232,25.1,320,6.2,753,14.5,0.7003,0.8944,0.5501,0.7913,0.8164
CO,08083,Montezuma County,"Montezuma County, Colorado",26070,22.7,469,4.5,2043,19.4,0.567,0.6382,0.6516,0.5164,0.6061
CO,08085,Montrose County,"Montrose County, Colorado",42823,19.4,480,2.8,2749,16.1,0.6013,0.7337,0.6102,0.1591,0.5164
CO,08087,Morgan County,"Morgan County, Colorado",29045,21.1,587,5.4,1036,9.5,0.706,0.8075,0.8116,0.8346,0.8371
CO,08089,Otero County,"Otero County, Colorado",18580,38.8,651,8.6,1561,20.6,0.8479,0.9551,0.8651,0.9211,0.9535
CO,08091,Ouray County,"Ouray County, Colorado",4936,11.6,43,1.8,292,12.0,0.307,0.064,0.2587,0.0423,0.0834
CO,08093,Park County,"Park County, Colorado",17597,13.8,110,1.4,796,10.4,0.1374,0.0092,0.3592,0.0013,0.0032
CO,08095,Phillips County,"Phillips County, Colorado",4493,26.3,94,5.3,377,21.4,0.4868,0.5348,0.6624,0.1775,0.4203
CO,08097,Pitkin County,"Pitkin County, Colorado",17325,10.5,196,2.4,446,5.5,0.0897,0.0124,0.5119,0.266,0.0617
CO,08099,Prowers County,"Prowers County, Colorado",11968,30.9,298,6.6,783,17.4,0.8183,0.965,0.8151,0.966,0.9615
CO,08101,Pueblo County,"Pueblo County, Colorado",168135,26.0,5308,7.9,10489,15.6,0.6914,0.8826,0.8686,0.8314,0.8533
CO,08103,Rio Blanco County,"Rio Blanco County, Colorado",6511,22.1,54,2.1,201,8.0,0.5177,0.5937,0.4871,0.4184,0.5167
CO,08105,Rio Grande County,"Rio Grande County, Colorado",11442,20.2,322,6.9,1032,22.2,0.5463,0.9214,0.8616,0.721,0.7868
CO,08107,Routt County,"Routt County, Colorado",24944,12.8,210,2.0,819,8.0,0.1985,0.0395,0.4613,0.2596,0.1314
CO,08109,Saguache County,"Saguache County, Colorado",6454,32.5,47,1.5,639,20.8,0.8791,0.8177,0.7989,0.0652,0.6608
CO,08111,San Juan County,"San Juan County, Colorado",690,26.4,13,3.9,72,21.4,0.7595,0.2179,0.5501,0.1168,0.4276
CO,08113,San Miguel County,"San Miguel County, Colorado",8082,20.2,242,6.3,452,11.7,0.3758,0.0509,0.4378,0.5425,0.2911
CO,08115,Sedgwick County,"Sedgwick County, Colorado",2391,26.0,68,6.5,154,14.7,0.5059,0.9831,0.5978,0.3296,0.6729
CO,08117,Summit County,"Summit County, Colorado",30955,14.3,356,3.0,674,5.7,0.2533,0.0095,0.5597,0.4725,0.1696
CO,08119,Teller County,"Teller County, Colorado",24758,13.2,124,1.1,1012,9.2,0.2256,0.0223,0.4416,0.0369,0.0496
CO,08121,Washington County,"Washington County, Colorado",4817,19.4,78,3.8,281,13.8,0.2004,0.4928,0.4146,0.3805,0.2848
CO,08123,Weld County,"Weld County, Colorado",331466,16.6,4057,3.5,10047,8.7,0.5269,0.5367,0.7391,0.5457,0.5889
CO,08125,Yuma County,"Yuma County, Colorado",9938,21.6,105,2.7,493,12.5,0.8202,0.601,0.6475,0.3411,0.6783
CT,09110,Capitol Planning Region,"Capitol Planning Region, Connecticut",977165,16.9,36764,9.5,39984,10.3,0.3952,0.427,0.7735,0.7891,0.5877
CT,09120,Greater Bridgeport Planning Region,"Greater Bridgeport Planning Region, Connecticut",326381,19.3,11692,10.0,12178,10.4,0.7391,0.5924,0.791,0.8673,0.8142
CT,09130,Lower Connecticut River Valley Planning Region,"Lower Connecticut River Valley Planning Region, Connecticut",175244,11.1,3527,4.8,6639,9.1,0.1145,0.1467,0.5065,0.3229,0.1534
CT,09140,Naugatuck Valley Planning Region,"Naugatuck Valley Planning Region, Connecticut",451887,16.8,16821,9.5,22358,12.6,0.4836,0.5746,0.7636,0.5142,0.5641
CT,09150,Northeastern Connecticut Planning Region,"Northeastern Connecticut Planning Region, Connecticut",95687,14.4,1933,5.0,4134,10.7,0.3894,0.2953,0.5065,0.0955,0.2409
CT,09160,Northwest Hills Planning Region,"Northwest Hills Planning Region, Connecticut",112696,14.1,2824,6.1,4141,9.0,0.2558,0.3608,0.5597,0.2606,0.2727
CT,09170,South Central Connecticut Planning Region,"South Central Connecticut Planning Region, Connecticut",571298,18.1,25184,11.1,21550,9.5,0.4884,0.3681,0.7655,0.9039,0.6637
CT,09180,Southeastern Connecticut Planning Region,"Southeastern Connecticut Planning Region, Connecticut",280293,16.7,8282,7.3,11251,9.9,0.3541,0.4734,0.6128,0.6055,0.4865
CT,09190,Western Connecticut Planning Region,"Western Connecticut Planning Region, Connecticut",620666,12.8,13462,5.8,15017,6.5,0.4034,0.3102,0.7751,0.5008,0.4664
DE,10001,Kent County,"Kent County, Delaware",182400,20.1,4652,6.8,7314,10.6,0.6306,0.8676,0.7964,0.7881,0.8151
DE,10003,New Castle County,"New Castle County, Delaware",570567,16.5,15410,7.0,18092,8.2,0.3376,0.4018,0.8352,0.6561,0.5132
DE,10005,Sussex County,"Sussex County, Delaware",240668,18.5,3634,3.6,11489,11.5,0.4483,0.6904,0.6166,0.3948,0.5183
FL,12001,Alachua County,"Alachua County, Florida",279729,28.4,7763,7.1,13547,12.5,0.629,0.0309,0.7881,0.9357,0.6099
FL,12003,Baker County,"Baker County, Florida",27969,21.5,363,4.0,1237,13.7,0.6118,0.4073,0.5558,0.7051,0.6188
FL,12005,Bay County,"Bay County, Florida",181055,20.9,2971,4.0,7029,9.4,0.6405,0.8126,0.6083,0.6952,0.7407
FL,12007,Bradford County,"Bradford County, Florida",27816,28.4,632,7.0,1496,16.5,0.9144,0.3198,0.6354,0.9901,0.8867
FL,12009,Brevard County,"Brevard County, Florida",610723,18.0,11511,4.7,21316,8.6,0.4833,0.4913,0.6424,0.3659,0.4817
FL,12011,Broward County,"Broward County, Florida",1940907,20.9,51202,6.9,75275,10.1,0.791,0.4935,0.9481,0.6777,0.7814
FL,12013,Calhoun County,"Calhoun County, Florida",13753,33.6,303,6.8,933,21.0,0.7989,0.7124,0.6045,0.9628,0.8756
FL,12015,Charlotte County,"Charlotte County, Florida",189900,18.9,3812,4.5,8565,10.1,0.5908,0.6554,0.489,0.5145,0.5953
FL,12017,Citrus County,"Citrus County, Florida",155173,24.4,3155,4.7,7837,11.6,0.7321,0.5857,0.3977,0.3264,0.5698
FL,12019,Clay County,"Clay County, Florida",219650,16.7,2898,3.6,4826,6.1,0.2978,0.5087,0.6647,0.2857,0.3649
FL,12021,Collier County,"Collier County, Florida",380221,17.3,7270,4.6,14560,9.3,0.588,0.4362,0.7636,0.5953,0.6141
FL,12023,Columbia County,"Columbia County, Florida",69832,28.2,1187,4.5,4025,15.3,0.8311,0.818,0.6487,0.9701,0.9138
FL,12027,DeSoto County,"DeSoto County, Florida",34258,40.1,765,6.2,2946,23.9,0.992,0.9656,0.8447,0.9876,0.9981
FL,12029,Dixie County,"Dixie County, Florida",16737,32.7,314,5.1,1701,27.6,0.7681,0.4884,0.4699,0.8944,0.7719
FL,12031,Duval County,"Duval County, Florida",995708,23.3,28321,7.1,42301,10.7,0.7105,0.6144,0.8711,0.8062,0.7935
FL,12033,Escambia County,"Escambia County, Florida",321296,23.9,8689,6.9,15133,12.0,0.783,0.644,0.7474,0.8801,0.839
FL,12035,Flagler County,"Flagler County, Florida",117515,17.4,1703,3.6,8459,17.8,0.4559,0.5597,0.6277,0.0554,0.3121
FL,12037,Franklin County,"Franklin County, Florida",12276,33.5,316,6.6,723,15.2,0.9644,0.6176,0.5711,0.8902,0.9017
FL,12039,Gadsden County,"Gadsden County, Florida",43746,35.5,1555,9.8,4467,28.1,0.8855,0.971,0.9532,0.9405,0.9742
FL,12041,Gilchrist County,"Gilchrist County, Florida",18070,23.7,516,7.5,1487,21.6,0.455,0.896,0.3697,0.9141,0.7337
FL,12043,Glades County,"Glades County, Florida",12179,36.9,91,2.0,1153,24.9,0.9516,0.7735,0.8088,0.7229,0.9058
FL,12045,Gulf County,"Gulf County, Florida",15002,23.4,227,4.0,914,16.2,0.6125,0.6252,0.5667,0.7856,0.7082
FL,12047,Hamilton County,"Hamilton County, Florida",13492,37.2,258,6.0,1102,25.6,0.9777,0.8622,0.8317,0.9574,0.9803
FL,12049,Hardee County,"Hardee County, Florida",25528,41.6,399,4.9,2092,25.7,0.9876,0.8979,0.8899,0.9685,0.993
FL,12051,Hendry County,"Hendry County, Florida",39902,37.7,976,7.3,2578,19.4,0.993,0.8575,0.9625,0.9761,0.9946
FL,12053,Hernando County,"Hernando County, Florida",196621,23.0,4010,5.1,7887,10.0,0.7537,0.7623,0.6185,0.3048,0.6602
FL,12055,Highlands County,"Highlands County, Florida",102339,27.2,2343,5.2,7668,17.2,0.818,0.8664,0.7286,0.7607,0.8673
FL,12057,Hillsborough County,"Hillsborough County, Florida",1468560,22.1,33085,5.9,44722,8.0,0.7327,0.49,0.8871,0.7897,0.7789
FL,12059,Holmes County,"Holmes County, Florida",19529,29.6,364,5.1,1674,23.7,0.7786,0.77,0.4248,0.833,0.8081
FL,12061,Indian River County,"Indian River County, Florida",160986,18.5,2854,4.3,8467,12.9,0.5975,0.5803,0.6249,0.2434,0.5145
FL,12063,Jackson County,"Jackson County, Florida",47704,31.2,873,5.2,3527,20.9,0.7362,0.8947,0.7213,0.6223,0.8085
FL,12065,Jefferson County,"Jefferson County, Florida",14458,26.7,389,7.0,1337,24.2,0.7143,0.6325,0.776,0.6666,0.7439
FL,12067,Lafayette County,"Lafayette County, Florida",8107,35.4,47,1.8,358,14.0,0.9214,0.4626,0.6726,0.7906,0.8409
FL,12069,Lake County,"Lake County, Florida",386829,18.3,6280,4.1,14817,9.6,0.6128,0.6481,0.7086,0.4512,0.6214
FL,12071,Lee County,"Lee County, Florida",772902,19.6,15906,5.1,30505,9.8,0.6507,0.6067,0.7299,0.671,0.7086
FL,12073,Leon County,"Leon County, Florida",294128,26.4,8141,6.9,11243,9.5,0.6659,0.1021,0.8323,0.937,0.6952
FL,12075,Levy County,"Levy County, Florida",43268,27.8,830,4.7,4117,23.1,0.7184,0.9119,0.5616,0.5224,0.7582
FL,12077,Liberty County,"Liberty County, Florida",7704,30.5,189,7.7,598,24.4,0.8454,0.6077,0.636,0.8132,0.8266
FL,12079,Madison County,"Madison County, Florida",17986,33.8,636,9.5,2040,30.5,0.8011,0.5822,0.8403,0.9338,0.8638
FL,12081,Manatee County,"Manatee County, Florida",405069,19.6,6389,4.0,16097,10.0,0.6516,0.4906,0.6685,0.5622,0.6332
FL,12083,Marion County,"Marion County, Florida",378225,25.0,7597,4.9,17603,11.4,0.7926,0.7891,0.6936,0.7143,0.8196
FL,12085,Martin County,"Martin County, Florida",159399,17.2,3241,4.9,6275,9.4,0.4022,0.384,0.5797,0.5415,0.4642
FL,12086,Miami-Dade County,"Miami-Dade County, Florida",2688237,26.3,92824,9.7,146223,15.3,0.9049,0.4365,0.9901,0.8909,0.881
FL,12087,Monroe County,"Monroe County, Florida",82044,18.0,2307,6.7,4295,12.5,0.5247,0.3143,0.7378,0.9294,0.6822
FL,12089,Nassau County,"Nassau County, Florida",91538,13.7,1102,3.0,2578,7.1,0.2278,0.4076,0.4273,0.2724,0.2539
FL,12091,Okaloosa County,"Okaloosa County, Florida",212021,18.1,3097,3.7,7848,9.4,0.4238,0.573,0.6503,0.5358,0.5266
FL,12093,Okeechobee County,"Okeechobee County, Florida",39870,30.0,471,3.2,2817,18.9,0.9481,0.9322,0.7617,0.8934,0.9637
FL,12095,Orange County,"Orange County, Florida",1427403,23.2,25710,5.2,38694,7.9,0.8018,0.3767,0.9332,0.7862,0.7951
FL,12097,Osceola County,"Osceola County, Florida",393745,24.1,5403,4.5,11621,9.7,0.8244,0.8043,0.9644,0.5399,0.8307
FL,12099,Palm Beach County,"Palm Beach County, Florida",1494805,19.3,35402,6.0,62573,10.6,0.7779,0.6354,0.8613,0.7222,0.8008
FL,12101,Pasco County,"Pasco County, Florida",569211,20.2,10769,4.8,26343,11.8,0.6561,0.7811,0.6599,0.5387,0.7041
FL,12103,Pinellas County,"Pinellas County, Florida",959918,19.5,28875,6.9,50021,11.9,0.5546,0.5851,0.6373,0.8568,0.7095
FL,12105,Polk County,"Polk County, Florida",736229,25.7,13778,5.2,38967,14.8,0.8078,0.8062,0.8377,0.903,0.8912
FL,12107,Putnam County,"Putnam County, Florida",73604,39.0,2236,7.5,5158,17.3,0.9838,0.966,0.6599,0.9036,0.9835
FL,12109,St. Johns County,"St. Johns County, Florida",278722,11.8,2427,2.4,7252,7.1,0.1677,0.1925,0.5294,0.104,0.1266
FL,12111,St. Lucie County,"St. Lucie County, Florida",334682,22.1,5744,4.5,11314,8.9,0.8136,0.8734,0.8466,0.3812,0.7906
FL,12113,Santa Rosa County,"Santa Rosa County, Florida",188994,15.9,2439,3.5,5555,8.0,0.3379,0.189,0.5294,0.4353,0.3213
FL,12115,Sarasota County,"Sarasota County, Florida",439392,14.2,8837,4.4,19011,9.5,0.2927,0.413,0.504,0.4566,0.3653
FL,12117,Seminole County,"Seminole County, Florida",471321,15.9,7222,3.9,12685,6.9,0.4111,0.3051,0.8075,0.2829,0.3996
FL,12119,Sumter County,"Sumter County, Florida",131832,14.8,2231,3.5,6712,10.4,0.2109,0.3945,0.4445,0.4744,0.3026
FL,12121,Suwannee County,"Suwannee County, Florida",43881,27.4,919,5.9,2601,16.8,0.7598,0.7518,0.615,0.9243,0.8457
FL,12123,Taylor County,"Taylor County, Florida",21421,28.0,413,5.5,1514,20.3,0.6911,0.8132,0.6402,0.8177,0.8062
FL,12125,Union County,"Union County, Florida",15524,24.3,150,3.7,485,11.8,0.5081,0.4798,0.6548,0.8696,0.6669
FL,12127,Volusia County,"Volusia County, Florida",558520,21.0,13091,5.6,28718,12.3,0.5966,0.6914,0.678,0.6863,0.6987
FL,12129,Wakulla County,"Wakulla County, Florida",33732,15.8,402,3.4,1456,12.2,0.3198,0.0423,0.5616,0.6459,0.3058
FL,12131,Walton County,"Walton County, Florida",76618,18.0,1219,3.9,3201,10.2,0.553,0.5208,0.4699,0.7703,0.6287
FL,12133,Washington County,"Washington County, Florida",25014,35.8,263,2.9,1530,16.8,0.8486,0.7665,0.5867,0.6188,0.8043
GA,13001,Appling County,"Appling County, Georgia",18441,37.9,508,7.4,2107,30.6,0.8546,0.8578,0.6911,0.9268,0.9122
GA,13003,Atkinson County,"Atkinson County, Georgia",8265,46.1,134,4.4,803,26.2,0.9026,0.8081,0.8403,0.5199,0.8444
GA,13005,Bacon County,"Bacon County, Georgia",11138,33.7,289,7.4,853,21.8,0.7362,0.9755,0.6332,0.8463,0.889
GA,13007,Baker County,"Baker County, Georgia",2878,39.3,79,7.2,463,42.2,0.922,0.4394,0.8584,0.2564,0.7162
GA,13009,Baldwin County,"Baldwin County, Georgia",43778,31.0,1085,6.8,2443,15.4,0.9357,0.3363,0.86,0.9908,0.923
GA,13011,Banks County,"Banks County, Georgia",18381,22.6,166,2.5,1061,15.9,0.6207,0.3096,0.3961,0.1015,0.3373
GA,13013,Barrow County,"Barrow County, Georgia",84399,19.1,982,3.4,2117,7.4,0.5956,0.7738,0.7066,0.0799,0.4887
GA,13015,Bartow County,"Bartow County, Georgia",109410,19.5,1181,3.1,7068,18.4,0.6529,0.3964,0.6045,0.1623,0.454
GA,13017,Ben Hill County,"Ben Hill County, Georgia",17169,38.7,716,10.0,2459,34.5,0.8918,0.7378,0.8365,0.9535,0.9265
GA,13019,Berrien County,"Berrien County, Georgia",18187,35.9,259,3.8,1665,24.6,0.8406,0.8406,0.5269,0.1769,0.6748
GA,13021,Bibb County,"Bibb County, Georgia",156554,34.6,6867,11.5,9568,16.1,0.9739,0.8619,0.9399,0.8422,0.9644
GA,13023,Bleckley County,"Bleckley County, Georgia",12413,27.0,170,4.0,1152,27.3,0.686,0.6363,0.686,0.6134,0.7063
GA,13025,Brantley County,"Brantley County, Georgia",18105,31.7,434,6.5,1818,27.3,0.7763,0.0738,0.2485,0.2733,0.3974
GA,13027,Brooks County,"Brooks County, Georgia",16275,42.2,431,7.2,2034,34.1,0.9704,0.7611,0.8492,0.7741,0.9275
GA,13029,Bryan County,"Bryan County, Georgia",44995,11.8,451,3.0,1658,10.9,0.28,0.7101,0.6618,0.1104,0.3115
GA,13031,Bulloch County,"Bulloch County, Georgia",79829,32.2,1610,5.4,4724,15.9,0.9297,0.2326,0.7521,0.8781,0.8374
GA,13033,Burke County,"Burke County, Georgia",24337,30.4,912,10.2,1510,16.9,0.8148,0.552,0.881,0.4967,0.7483
GA,13035,Butts County,"Butts County, Georgia",25522,24.1,301,3.5,1569,18.5,0.5896,0.392,0.72,0.4766,0.5565
GA,13037,Calhoun County,"Calhoun County, Georgia",5594,39.7,115,7.7,380,25.4,0.9924,0.6344,0.9526,0.917,0.9688
GA,13039,Camden County,"Camden County, Georgia",55105,25.0,1199,5.9,2081,10.2,0.587,0.6316,0.6793,0.6433,0.6618
GA,13043,Candler County,"Candler County, Georgia",10946,36.2,245,6.0,876,21.4,0.8508,0.9281,0.7798,0.8381,0.916
GA,13045,Carroll County,"Carroll County, Georgia",120060,25.8,1844,4.3,5222,12.1,0.8794,0.8171,0.6885,0.6176,0.8428
GA,13047,Catoosa County,"Catoosa County, Georgia",68052,17.8,1087,4.2,2995,11.6,0.3519,0.5733,0.3217,0.1979,0.3086
GA,13049,Charlton County,"Charlton County, Georgia",12547,36.9,227,5.6,946,23.4,0.9889,0.2262,0.776,0.8559,0.8855
GA,13051,Chatham County,"Chatham County, Georgia",296266,23.8,8581,7.3,10917,9.3,0.8056,0.5647,0.8858,0.7181,0.805
GA,13053,Chattahoochee County,"Chattahoochee County, Georgia",9402,40.0,14,0.7,371,18.3,0.6675,0.1629,0.8377,0.776,0.6554
GA,13055,Chattooga County,"Chattooga County, Georgia",24902,35.2,516,5.6,2067,22.2,0.91,0.9246,0.4948,0.9625,0.9481
GA,13057,Cherokee County,"Cherokee County, Georgia",268567,12.9,2122,2.2,5244,5.4,0.2787,0.4263,0.5892,0.0503,0.1969
GA,13059,Clarke County,"Clarke County, Georgia",128864,37.9,3545,6.6,5380,10.1,0.8972,0.1069,0.833,0.7547,0.7502
GA,13061,Clay County,"Clay County, Georgia",2855,39.0,95,8.3,231,20.2,0.8387,0.9558,0.937,0.6685,0.9061
GA,13063,Clayton County,"Clayton County, Georgia",296312,30.7,7712,7.4,14020,13.4,0.9765,0.8151,0.9952,0.7334,0.9488
GA,13065,Clinch County,"Clinch County, Georgia",6713,46.2,255,10.7,802,33.6,0.7668,0.9265,0.7366,0.9819,0.9348
GA,13067,Cobb County,"Cobb County, Georgia",765813,14.3,10214,3.5,13139,4.5,0.4114,0.3525,0.8743,0.2227,0.3993
GA,13069,Coffee County,"Coffee County, Georgia",43056,36.2,947,6.4,2925,19.6,0.9004,0.95,0.8116,0.9166,0.9609
GA,13071,Colquitt County,"Colquitt County, Georgia",45813,36.8,1140,6.9,3827,23.1,0.964,0.9726,0.8377,0.8976,0.9847
GA,13073,Columbia County,"Columbia County, Georgia",156921,14.6,1348,2.7,5097,10.2,0.2494,0.6901,0.7165,0.0302,0.23
GA,13075,Cook County,"Cook County, Georgia",17242,36.3,459,7.5,1614,26.4,0.9742,0.8228,0.7521,0.7687,0.9338
GA,13077,Coweta County,"Coweta County, Georgia",147449,14.8,1908,3.5,5385,9.9,0.2479,0.4607,0.6742,0.1082,0.2402
GA,13079,Crawford County,"Crawford County, Georgia",12156,24.3,267,6.2,977,22.6,0.7782,0.3773,0.636,0.6128,0.6837
GA,13081,Crisp County,"Crisp County, Georgia",20255,36.4,1033,13.0,2527,31.8,0.9908,0.952,0.8775,0.7458,0.978
GA,13083,Dade County,"Dade County, Georgia",16239,19.0,151,2.5,965,15.9,0.4932,0.1543,0.1985,0.7191,0.4388
GA,13085,Dawson County,"Dawson County, Georgia",27355,16.0,249,2.4,861,8.3,0.4276,0.1359,0.3166,0.0926,0.1861
GA,13087,Decatur County,"Decatur County, Georgia",29063,35.6,848,8.2,3416,33.2,0.9726,0.7547,0.8743,0.9539,0.9679
GA,13089,DeKalb County,"DeKalb County, Georgia",761209,21.7,22046,7.7,26048,9.1,0.7843,0.5453,0.9618,0.678,0.7903
GA,13091,Dodge County,"Dodge County, Georgia",19977,34.3,459,6.9,2063,31.2,0.7741,0.7859,0.741,0.8734,0.8559
GA,13093,Dooly County,"Dooly County, Georgia",11236,31.4,352,9.3,1338,35.3,0.8864,0.588,0.9115,0.9857,0.9313
GA,13095,Dougherty County,"Dougherty County, Georgia",85038,39.3,3724,10.9,7082,20.8,0.9955,0.8826,0.9765,0.7674,0.9761
GA,13097,Douglas County,"Douglas County, Georgia",144735,19.5,1929,3.8,4171,8.3,0.7181,0.7235,0.943,0.3404,0.7012
GA,13099,Early County,"Early County, Georgia",10753,34.0,448,11.2,1713,42.7,0.9672,0.6818,0.8982,0.853,0.9357
GA,13101,Echols County,"Echols County, Georgia",3707,23.1,13,1.1,503,41.0,0.4935,0.5151,0.818,0.203,0.4623
GA,13103,Effingham County,"Effingham County, Georgia",65314,15.2,553,2.4,4275,18.7,0.3688,0.2727,0.5994,0.1874,0.2851
GA,13105,Elbert County,"Elbert County, Georgia",19570,28.8,683,8.7,2076,26.4,0.9373,0.8466,0.7474,0.8158,0.9224
GA,13107,Emanuel County,"Emanuel County, Georgia",22907,31.9,721,8.7,1583,19.0,0.9192,0.9586,0.7961,0.8101,0.9494
GA,13109,Evans County,"Evans County, Georgia",10759,34.4,159,4.1,934,23.9,0.9634,0.9796,0.8225,0.8317,0.9784
GA,13111,Fannin County,"Fannin County, Georgia",25436,26.4,434,3.8,1515,13.4,0.8641,0.6745,0.1457,0.2838,0.6172
GA,13113,Fayette County,"Fayette County, Georgia",119259,9.9,1284,3.0,2633,6.1,0.1317,0.5539,0.7989,0.0471,0.1686
GA,13115,Floyd County,"Floyd County, Georgia",98541,28.9,3015,8.4,5280,14.7,0.8336,0.8842,0.6685,0.964,0.9284
GA,13117,Forsyth County,"Forsyth County, Georgia",253225,7.4,1526,1.8,2662,3.1,0.0687,0.3067,0.7127,0.0251,0.07
GA,13119,Franklin County,"Franklin County, Georgia",23480,30.5,355,4.2,1810,21.2,0.931,0.7696,0.4948,0.5886,0.8314
GA,13121,Fulton County,"Fulton County, Georgia",1061944,20.1,48280,10.7,38287,8.5,0.5571,0.2278,0.9259,0.8501,0.6599
GA,13123,Gilmer County,"Gilmer County, Georgia",31519,23.3,474,3.7,1823,14.2,0.5218,0.8307,0.4445,0.3245,0.545
GA,13125,Glascock County,"Glascock County, Georgia",2903,25.5,109,10.4,388,36.9,0.6211,0.2017,0.377,0.9615,0.6621
GA,13127,Glynn County,"Glynn County, Georgia",84566,23.7,1945,5.7,5494,16.2,0.7191,0.7095,0.7448,0.714,0.7744
GA,13129,Gordon County,"Gordon County, Georgia",57785,27.3,943,4.6,4623,22.5,0.7875,0.7477,0.5924,0.482,0.7318
GA,13131,Grady County,"Grady County, Georgia",26075,32.0,489,5.0,1840,18.8,0.9443,0.9933,0.805,0.5157,0.944
GA,13133,Greene County,"Greene County, Georgia",19020,21.8,279,3.7,1410,18.5,0.7086,0.4251,0.7964,0.1425,0.5081
GA,13135,Gwinnett County,"Gwinnett County, Georgia",957977,18.7,10362,3.3,24637,7.7,0.6834,0.6965,0.9453,0.2485,0.6433
GA,13137,Habersham County,"Habersham County, Georgia",46326,24.2,609,3.9,2472,15.8,0.7136,0.6376,0.6029,0.6853,0.728
GA,13139,Hall County,"Hall County, Georgia",204953,21.6,4292,6.2,5458,7.9,0.7897,0.664,0.7941,0.7416,0.8136
GA,13141,Hancock County,"Hancock County, Georgia",8588,36.3,336,12.1,1249,44.8,0.9806,0.6828,0.9733,0.9345,0.9666
GA,13143,Haralson County,"Haralson County, Georgia",30178,19.0,390,3.4,1842,16.2,0.5708,0.2332,0.2914,0.1718,0.3089
GA,13145,Harris County,"Harris County, Georgia",34914,12.5,221,1.8,1753,14.4,0.1982,0.0878,0.5969,0.0197,0.0675
GA,13147,Hart County,"Hart County, Georgia",26110,23.2,679,6.6,1715,16.7,0.6748,0.5323,0.6166,0.9119,0.7681
GA,13149,Heard County,"Heard County, Georgia",11489,24.2,216,4.9,1127,25.6,0.7709,0.9357,0.4496,0.1444,0.6459
GA,13151,Henry County,"Henry County, Georgia",240853,15.4,1725,2.1,8062,9.8,0.4817,0.5536,0.9348,0.071,0.4018
GA,13153,Houston County,"Houston County, Georgia",164117,17.7,2528,4.2,5595,9.2,0.4139,0.6277,0.8447,0.286,0.4887
GA,13155,Irwin County,"Irwin County, Georgia",9487,34.7,242,6.8,846,23.7,0.9456,0.231,0.6949,0.8342,0.8282
GA,13157,Jackson County,"Jackson County, Georgia",77033,17.3,759,2.9,2240,8.7,0.3996,0.5017,0.5476,0.1438,0.3264
GA,13159,Jasper County,"Jasper County, Georgia",14882,24.9,173,3.1,1258,22.7,0.7432,0.6618,0.6115,0.1397,0.5492
GA,13161,Jeff Davis County,"Jeff Davis County, Georgia",14791,37.1,412,7.7,1498,27.9,0.8603,0.9672,0.672,0.602,0.8785
GA,13163,Jefferson County,"Jefferson County, Georgia",15591,33.6,532,9.1,1235,21.2,0.8985,0.93,0.9115,0.902,0.9583
GA,13165,Jenkins County,"Jenkins County, Georgia",8704,47.7,219,6.6,1099,33.3,0.9109,0.5791,0.8151,0.6532,0.8352
GA,13167,Johnson County,"Johnson County, Georgia",9225,38.0,173,5.3,749,22.8,0.9201,0.657,0.7693,0.9723,0.9322
GA,13169,Jones County,"Jones County, Georgia",28382,23.4,500,4.7,1392,13.2,0.3802,0.2494,0.6624,0.3729,0.3675
GA,13171,Lamar County,"Lamar County, Georgia",18676,23.7,205,3.0,1192,17.2,0.5931,0.063,0.7146,0.3703,0.4092
GA,13173,Lanier County,"Lanier County, Georgia",9964,44.8,196,5.5,794,22.4,0.8457,0.4623,0.7127,0.7805,0.8011
GA,13175,Laurens County,"Laurens County, Georgia",49407,35.3,1147,6.4,4283,24.0,0.9284,0.9147,0.8066,0.6332,0.9014
GA,13177,Lee County,"Lee County, Georgia",32968,15.1,355,3.0,1297,11.0,0.1575,0.5046,0.6847,0.2415,0.2606
GA,13179,Liberty County,"Liberty County, Georgia",65550,25.6,1264,5.5,1900,8.3,0.8167,0.8431,0.9322,0.86,0.9007
GA,13181,Lincoln County,"Lincoln County, Georgia",7726,25.5,220,7.3,1357,45.0,0.6227,0.6529,0.6993,0.2272,0.5488
GA,13183,Long County,"Long County, Georgia",16804,24.4,440,7.9,868,15.6,0.8298,0.9233,0.8225,0.7267,0.8851
GA,13185,Lowndes County,"Lowndes County, Georgia",118257,31.0,3290,7.5,10392,23.8,0.8753,0.4655,0.8591,0.9192,0.8702
GA,13187,Lumpkin County,"Lumpkin County, Georgia",33405,25.9,301,2.6,1235,10.8,0.7728,0.0121,0.2914,0.4057,0.3608
GA,13189,McDuffie County,"McDuffie County, Georgia",21715,28.8,395,4.8,2073,25.2,0.7353,0.5002,0.854,0.4076,0.6567
GA,13191,McIntosh County,"McIntosh County, Georgia",11183,34.5,317,6.6,1007,21.0,0.9112,0.3287,0.756,0.3952,0.7098
GA,13193,Macon County,"Macon County, Georgia",12099,44.5,540,13.6,1263,31.7,0.9994,0.7305,0.9494,0.9147,0.9866
GA,13195,Madison County,"Madison County, Georgia",30378,30.1,430,4.0,1593,14.6,0.9338,0.7251,0.5383,0.2622,0.7423
GA,13197,Marion County,"Marion County, Georgia",7508,28.8,181,6.3,1002,34.9,0.8072,0.9548,0.8008,0.7203,0.8877
GA,13199,Meriwether County,"Meriwether County, Georgia",20679,30.3,590,7.3,2093,25.8,0.9434,0.706,0.8139,0.8002,0.9074
GA,13201,Miller County,"Miller County, Georgia",5923,36.9,289,11.4,983,38.8,0.9462,0.8285,0.7105,0.9189,0.945
GA,13205,Mitchell County,"Mitchell County, Georgia",21634,40.7,1051,13.3,1758,22.2,0.9914,0.9316,0.8883,0.924,0.9914
GA,13207,Monroe County,"Monroe County, Georgia",28287,20.6,206,2.0,1314,12.8,0.3964,0.1031,0.6389,0.4168,0.329
GA,13209,Montgomery County,"Montgomery County, Georgia",8687,33.3,127,4.3,622,21.0,0.8858,0.5756,0.7191,0.4518,0.7547
GA,13211,Morgan County,"Morgan County, Georgia",20171,13.3,301,4.0,1250,16.5,0.231,0.3131,0.6332,0.2813,0.266
GA,13213,Murray County,"Murray County, Georgia",40063,23.6,682,4.6,2816,19.0,0.7852,0.6061,0.525,0.4909,0.6847
GA,13215,Muscogee County,"Muscogee County, Georgia",204572,29.0,8198,10.3,11206,14.0,0.9227,0.8705,0.9259,0.8581,0.9446
GA,13217,Newton County,"Newton County, Georgia",113298,22.4,1660,4.2,2679,6.7,0.8059,0.7483,0.9084,0.1311,0.6577
GA,13219,Oconee County,"Oconee County, Georgia",41978,6.0,153,1.1,884,6.2,0.0299,0.2475,0.4741,0.0035,0.0137
GA,13221,Oglethorpe County,"Oglethorpe County, Georgia",14974,21.0,169,3.2,1337,25.4,0.4846,0.3936,0.615,0.3993,0.4645
GA,13223,Paulding County,"Paulding County, Georgia",169898,12.5,1250,2.2,3795,6.7,0.2603,0.3385,0.7165,0.0118,0.1429
GA,13225,Peach County,"Peach County, Georgia",28054,25.7,634,6.2,1830,18.0,0.8584,0.7171,0.8925,0.8202,0.8772
GA,13227,Pickens County,"Pickens County, Georgia",33439,21.9,410,3.1,1165,8.9,0.489,0.4505,0.1753,0.2256,0.3392
GA,13229,Pierce County,"Pierce County, Georgia",19822,30.1,245,3.3,1974,26.5,0.5062,0.2374,0.4588,0.1651,0.3051
GA,13231,Pike County,"Pike County, Georgia",19145,14.3,159,2.5,1232,19.1,0.3484,0.0204,0.3847,0.0293,0.0665
GA,13233,Polk County,"Polk County, Georgia",43019,28.4,900,5.8,2486,16.0,0.9023,0.931,0.6567,0.3688,0.8285
GA,13235,Pulaski County,"Pulaski County, Georgia",9887,30.7,209,6.7,1030,33.0,0.8126,0.7127,0.8164,0.9971,0.9376
GA,13237,Putnam County,"Putnam County, Georgia",22206,25.2,320,3.2,1626,16.5,0.538,0.6211,0.7191,0.4248,0.5679
GA,13239,Quitman County,"Quitman County, Georgia",2180,30.4,137,14.3,425,44.4,0.9125,0.5466,0.9084,0.5625,0.8202
GA,13241,Rabun County,"Rabun County, Georgia",16915,25.7,302,4.3,965,13.7,0.5784,0.3735,0.3503,0.328,0.441
GA,13243,Randolph County,"Randolph County, Georgia",6365,54.1,478,18.7,522,20.4,0.9863,0.853,0.9577,0.9532,0.9882
GA,13245,Richmond County,"Richmond County, Georgia",206153,32.0,7389,10.0,11728,15.8,0.9513,0.7324,0.9494,0.9061,0.9513
GA,13247,Rockdale County,"Rockdale County, Georgia",93641,24.6,1213,3.6,3808,11.5,0.8536,0.7751,0.9695,0.3,0.777
GA,13249,Schley County,"Schley County, Georgia",4565,26.5,84,5.3,368,23.3,0.8081,0.2459,0.6013,0.1626,0.4973
GA,13251,Screven County,"Screven County, Georgia",14026,28.6,257,5.4,1025,21.7,0.7471,0.4321,0.8279,0.5781,0.699
GA,13253,Seminole County,"Seminole County, Georgia",9117,31.2,391,10.7,1160,31.8,0.903,0.8552,0.7626,0.693,0.8813
GA,13255,Spalding County,"Spalding County, Georgia",67415,28.3,1922,7.3,5081,19.3,0.9278,0.7553,0.818,0.4085,0.8206
GA,13257,Stephens County,"Stephens County, Georgia",26732,26.2,495,4.8,2010,19.7,0.8708,0.826,0.5094,0.4855,0.7836
GA,13259,Stewart County,"Stewart County, Georgia",5121,33.0,216,12.4,538,31.0,0.9395,0.8126,0.9803,0.9717,0.9736
GA,13261,Sumter County,"Sumter County, Georgia",29378,34.5,1124,10.6,2476,23.3,0.9647,0.6713,0.923,0.9596,0.9631
GA,13263,Talbot County,"Talbot County, Georgia",5793,33.2,295,11.6,750,29.6,0.8731,0.2463,0.9176,0.4324,0.6923
GA,13265,Taliaferro County,"Taliaferro County, Georgia",1635,27.3,55,8.6,260,40.4,0.7098,0.6892,0.9418,0.3732,0.692
GA,13267,Tattnall County,"Tattnall County, Georgia",24309,34.0,468,6.2,1689,22.4,0.9313,0.7219,0.819,0.9217,0.9287
GA,13269,Taylor County,"Taylor County, Georgia",7799,44.5,308,10.1,948,31.1,0.9873,0.7381,0.8021,0.8339,0.9555
GA,13271,Telfair County,"Telfair County, Georgia",12619,45.2,327,11.1,908,30.8,0.7273,0.9978,0.8867,0.9841,0.9765
GA,13273,Terrell County,"Terrell County, Georgia",9004,39.7,388,11.8,776,23.5,0.9885,0.6853,0.9399,0.9704,0.9809
GA,13275,Thomas County,"Thomas County, Georgia",45665,28.0,794,4.4,2951,16.2,0.8966,0.9408,0.805,0.2243,0.8158
GA,13277,Tift County,"Tift County, Georgia",41247,32.0,1261,8.2,4522,29.5,0.8193,0.7388,0.8428,0.8727,0.8759
GA,13279,Toombs County,"Toombs County, Georgia",26946,34.5,1008,10.3,2147,22.0,0.9752,0.9777,0.7989,0.8743,0.9857
GA,13281,Towns County,"Towns County, Georgia",12546,26.8,184,3.4,822,15.0,0.7607,0.2141,0.119,0.6911,0.5622
GA,13283,Treutlen County,"Treutlen County, Georgia",6411,43.8,227,9.9,674,29.4,0.9943,0.8161,0.714,0.685,0.9389
GA,13285,Troup County,"Troup County, Georgia",69527,29.7,2360,9.2,4116,16.1,0.8145,0.8613,0.8304,0.896,0.9023
GA,13287,Turner County,"Turner County, Georgia",8894,41.4,298,9.5,1044,33.5,0.9911,0.9768,0.8428,0.5581,0.9675
GA,13289,Twiggs County,"Twiggs County, Georgia",7955,23.6,227,7.8,817,28.2,0.5625,0.6395,0.8304,0.566,0.6538
GA,13291,Union County,"Union County, Georgia",24880,21.9,535,5.0,1408,13.1,0.448,0.3506,0.1572,0.7986,0.4932
GA,13293,Upson County,"Upson County, Georgia",27638,31.4,1243,11.9,2036,19.6,0.7938,0.4642,0.7066,0.378,0.6468
GA,13295,Walker County,"Walker County, Georgia",68065,25.8,1386,5.3,4218,16.2,0.8215,0.6624,0.2914,0.4776,0.6796
GA,13297,Walton County,"Walton County, Georgia",97752,20.5,900,2.6,3204,9.4,0.6656,0.4432,0.6503,0.0598,0.4095
GA,13299,Ware County,"Ware County, Georgia",35917,35.5,1391,10.9,3772,29.6,0.9198,0.804,0.756,0.9825,0.9596
GA,13301,Warren County,"Warren County, Georgia",5197,29.9,139,7.1,759,39.0,0.7836,0.8158,0.9259,0.5418,0.8123
GA,13303,Washington County,"Washington County, Georgia",19975,35.6,615,8.5,1664,22.9,0.8734,0.6573,0.9103,0.9485,0.9115
GA,13305,Wayne County,"Wayne County, Georgia",30277,35.7,731,6.8,2011,18.7,0.9558,0.8473,0.658,0.8896,0.9434
GA,13307,Webster County,"Webster County, Georgia",2354,36.7,43,4.9,259,29.6,0.9984,0.4305,0.9259,0.3035,0.8447
GA,13309,Wheeler County,"Wheeler County, Georgia",7550,39.1,114,7.1,502,31.4,0.9653,0.0038,0.8263,0.9796,0.7716
GA,13311,White County,"White County, Georgia",28165,18.7,440,4.3,1629,15.7,0.4009,0.2195,0.2692,0.5049,0.3455
GA,13313,Whitfield County,"Whitfield County, Georgia",103033,24.4,1825,5.1,4781,13.4,0.8766,0.8266,0.8139,0.7668,0.8836
GA,13315,Wilcox County,"Wilcox County, Georgia",8839,34.5,163,6.5,745,29.8,0.8501,0.6262,0.7894,0.7044,0.8212
GA,13317,Wilkes County,"Wilkes County, Georgia",9610,28.5,186,4.6,1902,47.2,0.7954,0.5606,0.8632,0.1594,0.6083
GA,13319,Wilkinson County,"Wilkinson County, Georgia",8852,33.7,164,5.0,886,26.7,0.8228,0.8234,0.8279,0.412,0.784
GA,13321,Worth County,"Worth County, Georgia",20706,28.7,615,7.8,2191,27.7,0.938,0.8816,0.7019,0.4585,0.8571
HI,15001,Hawaii County,"Hawaii County, Hawaii",202163,21.6,3647,5.0,9435,13.0,0.4502,0.7894,0.9602,0.4881,0.636
HI,15003,Honolulu County,"Honolulu County, Hawaii",1010100,14.2,32091,9.6,30650,9.2,0.2307,0.2638,0.9854,0.957,0.5708
HI,15005,Kalawao County,"Kalawao County, Hawaii",50,21.3,3,9.4,4,12.5,0.0983,0.0614,0.9723,0.4044,0.1871
HI,15007,Kauai County,"Kauai County, Hawaii",73511,15.4,983,4.3,1754,7.6,0.2367,0.3446,0.9625,0.4566,0.3964
HI,15009,Maui County,"Maui County, Hawaii",164765,15.0,2418,4.4,6670,12.2,0.2918,0.4003,0.9605,0.6032,0.4938
ID,16001,Ada County,"Ada County, Idaho",497494,14.7,6720,3.5,12312,6.5,0.1559,0.161,0.4779,0.3767,0.1931
ID,16003,Adams County,"Adams County, Idaho",4464,23.9,18,1.1,364,21.6,0.6268,0.1549,0.2959,0.0175,0.2017
ID,16005,Bannock County,"Bannock County, Idaho",87434,23.8,1625,5.0,4111,12.6,0.4403,0.4337,0.489,0.6125,0.4995
ID,16007,Bear Lake County,"Bear Lake County, Idaho",6436,21.8,87,3.7,265,11.4,0.2361,0.7105,0.182,0.0821,0.2024
ID,16009,Benewah County,"Benewah County, Idaho",9731,27.9,79,2.1,732,19.1,0.8123,0.6955,0.4588,0.3618,0.6717
ID,16011,Bingham County,"Bingham County, Idaho",48253,22.1,645,4.1,2006,12.8,0.5517,0.7423,0.6249,0.2841,0.5469
ID,16013,Blaine County,"Blaine County, Idaho",24248,12.7,180,1.9,563,6.1,0.2523,0.6462,0.6516,0.385,0.4025
ID,16015,Boise County,"Boise County, Idaho",7809,17.1,97,2.9,425,12.5,0.1578,0.1292,0.3961,0.1346,0.1075
ID,16017,Bonner County,"Bonner County, Idaho",47976,21.1,826,4.3,2796,14.5,0.4655,0.3318,0.2692,0.4954,0.412
ID,16019,Bonneville County,"Bonneville County, Idaho",124490,19.3,1732,4.1,3629,8.6,0.4101,0.5915,0.504,0.3703,0.4473
ID,16021,Boundary County,"Boundary County, Idaho",12335,25.7,81,1.7,581,12.3,0.657,0.5199,0.3388,0.3067,0.5037
ID,16023,Butte County,"Butte County, Idaho",2605,35.0,61,6.0,148,14.5,0.5186,0.9959,0.328,0.4267,0.7009
ID,16025,Camas County,"Camas County, Idaho",1133,13.4,5,1.5,47,14.6,0.5348,0.3824,0.5406,0.0907,0.3271
ID,16027,Canyon County,"Canyon County, Idaho",235006,19.9,2615,3.3,6527,8.2,0.5647,0.7311,0.6885,0.4623,0.6217
ID,16029,Caribou County,"Caribou County, Idaho",7058,14.3,76,3.0,206,8.2,0.2332,0.0512,0.3118,0.2039,0.1231
ID,16031,Cassia County,"Cassia County, Idaho",24859,23.9,329,4.0,1026,12.5,0.5103,0.5367,0.6971,0.5208,0.56
ID,16033,Clark County,"Clark County, Idaho",756,23.8,0,0.0,37,14.3,0.8206,0.2068,0.8829,0.1607,0.5412
ID,16035,Clearwater County,"Clearwater County, Idaho",8810,21.7,191,5.4,715,20.4,0.4709,0.5272,0.3388,0.8349,0.5912
ID,16037,Custer County,"Custer County, Idaho",4344,20.8,67,3.7,180,10.0,0.4556,0.434,0.3166,0.3016,0.3713
ID,16039,Elmore County,"Elmore County, Idaho",28752,27.1,518,4.8,1073,10.0,0.8804,0.6745,0.6538,0.6503,0.8155
ID,16041,Franklin County,"Franklin County, Idaho",14376,18.7,85,1.8,275,5.9,0.3035,0.1002,0.2879,0.0627,0.1101
ID,16043,Fremont County,"Fremont County, Idaho",13519,19.5,92,2.1,362,8.4,0.475,0.8002,0.4658,0.4333,0.5504
ID,16045,Gem County,"Gem County, Idaho",19250,16.7,348,4.8,854,11.9,0.3054,0.9815,0.4356,0.5657,0.6153
ID,16047,Gooding County,"Gooding County, Idaho",15520,24.4,302,5.6,1090,20.1,0.7477,0.8686,0.7165,0.6408,0.8059
ID,16049,Idaho County,"Idaho County, Idaho",16787,25.1,92,1.4,1204,18.2,0.5915,0.5593,0.2816,0.4489,0.5199
ID,16051,Jefferson County,"Jefferson County, Idaho",31383,19.5,118,1.2,605,6.3,0.1699,0.2313,0.4085,0.098,0.1212
ID,16053,Jerome County,"Jerome County, Idaho",24474,26.9,277,3.4,1072,13.2,0.7057,0.6666,0.8005,0.1801,0.5826
ID,16055,Kootenai County,"Kootenai County, Idaho",173396,18.3,2876,4.3,6770,10.1,0.3544,0.2071,0.3675,0.322,0.2746
ID,16057,Latah County,"Latah County, Idaho",39872,22.7,646,4.1,1770,11.1,0.4518,0.0035,0.3847,0.8097,0.2825
ID,16059,Lemhi County,"Lemhi County, Idaho",8043,19.1,166,5.0,495,14.9,0.3579,0.5555,0.1985,0.5212,0.4073
ID,16061,Lewis County,"Lewis County, Idaho",3630,30.8,72,4.6,349,22.3,0.7261,0.9217,0.5183,0.3557,0.7146
ID,16063,Lincoln County,"Lincoln County, Idaho",5203,24.5,13,0.7,339,18.4,0.7738,0.7146,0.7359,0.2784,0.6742
ID,16065,Madison County,"Madison County, Idaho",52487,42.0,341,2.8,2407,20.1,0.7264,0.0016,0.4057,0.8657,0.4318
ID,16067,Minidoka County,"Minidoka County, Idaho",21626,22.9,329,4.4,1159,15.5,0.6118,0.5931,0.7725,0.3913,0.5978
ID,16069,Nez Perce County,"Nez Perce County, Idaho",42200,22.8,1176,6.9,2434,14.2,0.4378,0.5565,0.4018,0.8333,0.5892
ID,16071,Oneida County,"Oneida County, Idaho",4572,19.3,29,1.6,230,12.5,0.1149,0.4814,0.182,0.0395,0.0792
ID,16073,Owyhee County,"Owyhee County, Idaho",12043,25.1,116,2.7,751,17.8,0.5892,0.9828,0.6872,0.3968,0.7432
ID,16075,Payette County,"Payette County, Idaho",25571,25.6,307,3.3,1234,13.2,0.5689,0.9271,0.5927,0.4197,0.6713
ID,16077,Power County,"Power County, Idaho",7918,27.7,104,3.9,281,10.5,0.7747,0.8616,0.776,0.3926,0.762
ID,16079,Shoshone County,"Shoshone County, Idaho",13399,32.0,260,4.7,927,16.9,0.8416,0.7359,0.3166,0.5877,0.7493
ID,16081,Teton County,"Teton County, Idaho",11813,17.9,58,1.3,262,6.1,0.4041,0.0932,0.5294,0.1266,0.2052
ID,16083,Twin Falls County,"Twin Falls County, Idaho",90592,23.3,1172,3.5,3676,11.0,0.6185,0.6405,0.5854,0.3837,0.5756
ID,16085,Valley County,"Valley County, Idaho",11830,26.6,149,3.9,361,9.5,0.482,0.043,0.0025,0.1196,0.1365
ID,16087,Washington County,"Washington County, Idaho",10612,34.7,245,5.9,576,13.9,0.8186,0.9987,0.5501,0.6577,0.9093
IL,17001,Adams County,"Adams County, Illinois",65583,21.1,1967,7.2,4430,16.1,0.1343,0.4849,0.2628,0.6481,0.2965
IL,17003,Alexander County,"Alexander County, Illinois",5261,34.2,183,10.6,686,39.7,0.9052,0.8521,0.7423,0.7509,0.8941
IL,17005,Bond County,"Bond County, Illinois",16750,24.3,523,8.4,1063,17.1,0.3159,0.2167,0.3888,0.9736,0.5253
IL,17007,Boone County,"Boone County, Illinois",53459,16.4,845,4.4,2110,11.1,0.5189,0.6465,0.658,0.174,0.4655
IL,17009,Brown County,"Brown County, Illinois",6334,23.2,130,6.3,404,19.6,0.2469,0.2199,0.6013,0.9144,0.4753
IL,17011,Bureau County,"Bureau County, Illinois",33203,21.4,808,5.8,2185,15.7,0.4069,0.5644,0.4057,0.1973,0.3544
IL,17013,Calhoun County,"Calhoun County, Illinois",4472,12.1,37,3.1,187,15.5,0.043,0.2297,0.0474,0.188,0.0541
IL,17015,Carroll County,"Carroll County, Illinois",15594,18.8,267,4.2,951,15.1,0.3271,0.1133,0.3118,0.3519,0.2304
IL,17017,Cass County,"Cass County, Illinois",12955,23.0,280,5.6,793,15.8,0.3519,0.8148,0.6277,0.356,0.4998
IL,17019,Champaign County,"Champaign County, Illinois",206525,26.6,9705,11.8,10872,13.2,0.4388,0.0395,0.7226,0.8269,0.4658
IL,17021,Christian County,"Christian County, Illinois",33893,20.8,668,5.0,2246,16.7,0.2329,0.2173,0.1508,0.3509,0.1966
IL,17023,Clark County,"Clark County, Illinois",15467,17.5,327,5.1,968,15.0,0.1553,0.1642,0.015,0.1238,0.0745
IL,17025,Clay County,"Clay County, Illinois",13248,26.4,290,5.3,901,16.5,0.5196,0.8673,0.0407,0.5956,0.5813
IL,17027,Clinton County,"Clinton County, Illinois",36998,14.9,460,3.2,1705,11.8,0.0754,0.0951,0.2444,0.4664,0.1168
IL,17029,Coles County,"Coles County, Illinois",47076,28.3,1537,7.5,3038,14.9,0.6892,0.0566,0.2984,0.8941,0.5574
IL,17031,Cook County,"Cook County, Illinois",5225367,21.1,365875,17.7,247897,12.0,0.7754,0.3926,0.9138,0.8298,0.7964
IL,17033,Crawford County,"Crawford County, Illinois",18729,17.9,401,5.4,910,12.2,0.1709,0.1635,0.2587,0.4467,0.1919
IL,17035,Cumberland County,"Cumberland County, Illinois",10447,16.0,123,3.0,615,14.8,0.0347,0.1511,0.0191,0.0318,0.015
IL,17037,DeKalb County,"DeKalb County, Illinois",100686,21.9,2601,6.6,3215,8.2,0.5087,0.2329,0.6166,0.7604,0.5523
IL,17039,De Witt County,"De Witt County, Illinois",15535,20.2,229,3.4,1027,15.5,0.1941,0.0751,0.0881,0.0538,0.0493
IL,17041,Douglas County,"Douglas County, Illinois",19714,18.1,928,12.1,1708,22.4,0.447,0.4454,0.3322,0.5492,0.4578
IL,17043,DuPage County,"DuPage County, Illinois",930559,10.7,14670,4.2,22044,6.3,0.1632,0.1667,0.7296,0.3579,0.2284
IL,17045,Edgar County,"Edgar County, Illinois",16852,23.6,560,7.4,1127,14.8,0.3067,0.3875,0.0099,0.6402,0.343
IL,17047,Edwards County,"Edwards County, Illinois",6182,22.8,122,4.6,422,16.1,0.3789,0.8632,0.0299,0.1037,0.3058
IL,17049,Effingham County,"Effingham County, Illinois",34594,17.4,878,6.2,1620,11.5,0.0452,0.6032,0.0455,0.6169,0.2081
IL,17051,Fayette County,"Fayette County, Illinois",21464,24.0,428,5.6,1488,19.4,0.4391,0.6207,0.3118,0.7789,0.5644
IL,17053,Ford County,"Ford County, Illinois",13484,20.8,425,7.5,878,15.4,0.3449,0.5667,0.2536,0.4263,0.3824
IL,17055,Franklin County,"Franklin County, Illinois",37810,30.3,1125,7.0,2822,17.5,0.6704,0.4948,0.0579,0.4025,0.4871
IL,17057,Fulton County,"Fulton County, Illinois",33691,24.4,697,5.0,2091,15.0,0.4343,0.0754,0.2109,0.2399,0.2106
IL,17059,Gallatin County,"Gallatin County, Illinois",4967,29.3,167,7.7,534,24.8,0.4572,0.8078,0.0932,0.3408,0.4521
IL,17061,Greene County,"Greene County, Illinois",12015,23.4,160,3.5,809,17.8,0.2043,0.3996,0.0099,0.0592,0.1044
IL,17063,Grundy County,"Grundy County, Illinois",52624,12.2,869,4.3,2169,10.6,0.0865,0.2043,0.4518,0.0891,0.0773
IL,17065,Hamilton County,"Hamilton County, Illinois",8008,25.2,146,4.5,748,22.9,0.4213,0.6507,0.0474,0.1794,0.3029
IL,17067,Hancock County,"Hancock County, Illinois",17582,21.5,319,4.2,1346,17.9,0.1285,0.5577,0.0474,0.0484,0.0885
IL,17069,Hardin County,"Hardin County, Illinois",3665,22.3,123,8.3,355,24.0,0.1696,0.5301,0.0073,0.4588,0.2383
IL,17071,Henderson County,"Henderson County, Illinois",6374,17.4,80,2.9,493,18.0,0.1543,0.1438,0.0821,0.0204,0.0391
IL,17073,Henry County,"Henry County, Illinois",49157,15.5,1243,6.2,3329,16.5,0.0916,0.447,0.3388,0.1339,0.126
IL,17075,Iroquois County,"Iroquois County, Illinois",27043,22.2,490,4.4,1775,15.8,0.4092,0.6456,0.3388,0.0573,0.2673
IL,17077,Jackson County,"Jackson County, Illinois",53176,36.4,2643,11.4,3267,14.1,0.8225,0.3452,0.6316,0.9863,0.8479
IL,17079,Jasper County,"Jasper County, Illinois",9295,16.7,168,4.5,519,14.0,0.1352,0.3239,0.0115,0.1139,0.0875
IL,17081,Jefferson County,"Jefferson County, Illinois",37043,22.8,913,6.2,2278,15.4,0.503,0.8164,0.4445,0.8406,0.7117
IL,17083,Jersey County,"Jersey County, Illinois",21462,15.1,318,4.1,1160,15.0,0.0541,0.1152,0.0407,0.0986,0.0318
IL,17085,Jo Daviess County,"Jo Daviess County, Illinois",21942,15.2,725,7.2,1552,15.4,0.092,0.272,0.1276,0.1295,0.076
IL,17087,Johnson County,"Johnson County, Illinois",13313,22.7,170,4.1,931,22.7,0.2969,0.3716,0.503,0.5259,0.3834
IL,17089,Kane County,"Kane County, Illinois",517254,14.3,8498,4.7,15439,8.5,0.4823,0.5033,0.8263,0.3427,0.5084
IL,17091,Kankakee County,"Kankakee County, Illinois",107421,23.6,2784,6.9,5816,14.3,0.5695,0.7206,0.6656,0.7652,0.7241
IL,17093,Kendall County,"Kendall County, Illinois",132795,7.8,917,2.1,2797,6.4,0.0694,0.4537,0.7251,0.0331,0.0996
IL,17095,Knox County,"Knox County, Illinois",49751,27.4,1969,9.5,4243,20.5,0.6074,0.4397,0.504,0.7731,0.644
IL,17097,Lake County,"Lake County, Illinois",713159,13.5,12943,5.1,17964,7.1,0.3086,0.3847,0.7941,0.6118,0.475
IL,17099,LaSalle County,"LaSalle County, Illinois",109495,19.6,2649,5.9,6368,14.1,0.301,0.5142,0.4588,0.4556,0.3894
IL,17101,Lawrence County,"Lawrence County, Illinois",15302,24.0,224,4.1,773,14.2,0.6039,0.4995,0.434,0.5533,0.5657
IL,17103,Lee County,"Lee County, Illinois",34221,20.1,1069,7.8,2221,16.2,0.2501,0.3745,0.4222,0.6332,0.3777
IL,17105,Livingston County,"Livingston County, Illinois",35771,19.1,763,5.2,2360,16.1,0.1842,0.5301,0.3248,0.5606,0.328
IL,17107,Logan County,"Logan County, Illinois",28027,18.2,782,7.0,1772,16.0,0.1912,0.1409,0.3847,0.7238,0.2921
IL,17109,McDonough County,"McDonough County, Illinois",27370,31.3,1125,9.7,2417,20.8,0.6672,0.0646,0.3847,0.8123,0.539
IL,17111,McHenry County,"McHenry County, Illinois",311133,9.9,4361,3.8,5908,5.1,0.1403,0.2431,0.5472,0.041,0.0923
IL,17113,McLean County,"McLean County, Illinois",171284,20.2,4021,5.9,9040,13.2,0.1168,0.0573,0.552,0.6029,0.1903
IL,17115,Macon County,"Macon County, Illinois",103542,23.6,4170,9.6,7396,17.1,0.3971,0.511,0.6102,0.6755,0.5396
IL,17117,Macoupin County,"Macoupin County, Illinois",44907,22.7,804,4.6,2697,15.4,0.2386,0.2561,0.0525,0.1009,0.1161
IL,17119,Madison County,"Madison County, Illinois",265512,18.7,6140,5.6,12070,11.1,0.2663,0.3175,0.4658,0.2625,0.2561
IL,17121,Marion County,"Marion County, Illinois",37543,26.2,1055,6.9,2371,15.6,0.567,0.721,0.2816,0.6204,0.6036
IL,17123,Marshall County,"Marshall County, Illinois",11740,20.0,184,3.7,863,17.4,0.1467,0.2536,0.1572,0.0993,0.0894
IL,17125,Mason County,"Mason County, Illinois",13074,21.9,305,5.3,820,14.2,0.2568,0.1823,0.021,0.1409,0.1254
IL,17127,Massac County,"Massac County, Illinois",14135,26.7,234,4.3,1343,24.8,0.5476,0.6389,0.3977,0.5444,0.5625
IL,17129,Menard County,"Menard County, Illinois",12284,15.5,204,4.0,583,11.5,0.0522,0.3834,0.0474,0.0162,0.0283
IL,17131,Mercer County,"Mercer County, Illinois",15692,19.3,324,5.0,816,12.7,0.1419,0.2762,0.0932,0.048,0.064
IL,17133,Monroe County,"Monroe County, Illinois",34905,7.5,472,3.5,1199,8.8,0.0016,0.0465,0.0299,0.0083,0.001
IL,17135,Montgomery County,"Montgomery County, Illinois",28352,21.6,767,6.8,2125,18.9,0.343,0.1492,0.1861,0.6382,0.3191
IL,17137,Morgan County,"Morgan County, Illinois",32882,23.8,980,7.4,2624,19.7,0.5052,0.3156,0.3563,0.6421,0.4935
IL,17139,Moultrie County,"Moultrie County, Illinois",14531,17.2,691,11.9,1157,19.9,0.3926,0.4298,0.0229,0.8476,0.4827
IL,17141,Ogle County,"Ogle County, Illinois",51672,17.2,1407,6.8,2945,14.2,0.2539,0.5982,0.4378,0.28,0.3131
IL,17143,Peoria County,"Peoria County, Illinois",181186,24.3,6596,8.6,10105,13.2,0.5444,0.6446,0.6923,0.7041,0.6656
IL,17145,Perry County,"Perry County, Illinois",20996,26.0,580,7.1,1328,16.3,0.4677,0.545,0.4057,0.8263,0.6001
IL,17147,Piatt County,"Piatt County, Illinois",16698,12.4,161,2.4,1066,15.7,0.0745,0.042,0.0299,0.0086,0.0045
IL,17149,Pike County,"Pike County, Illinois",14776,23.6,239,4.2,1164,20.3,0.2988,0.8091,0.0337,0.1581,0.2771
IL,17151,Pope County,"Pope County, Illinois",3799,23.5,79,5.9,436,32.3,0.391,0.2657,0.3086,0.4114,0.3277
IL,17153,Pulaski County,"Pulaski County, Illinois",5177,36.8,162,8.6,816,43.3,0.5256,0.7111,0.749,0.5428,0.6357
IL,17155,Putnam County,"Putnam County, Illinois",5628,11.5,81,3.4,405,16.9,0.014,0.2269,0.2536,0.0032,0.0048
IL,17157,Randolph County,"Randolph County, Illinois",30413,20.2,829,7.1,1939,16.6,0.3077,0.6322,0.3939,0.6869,0.4897
IL,17159,Richland County,"Richland County, Illinois",15716,22.3,477,7.4,885,13.6,0.189,0.8995,0.0881,0.5577,0.413
IL,17161,Rock Island County,"Rock Island County, Illinois",143819,23.5,5289,8.7,7015,11.5,0.5816,0.8482,0.6701,0.7385,0.7556
IL,17163,St. Clair County,"St. Clair County, Illinois",256791,20.7,7312,7.3,13605,13.5,0.4438,0.5902,0.7821,0.4505,0.532
IL,17165,Saline County,"Saline County, Illinois",23662,27.8,935,9.2,2560,25.2,0.5934,0.7372,0.2109,0.7506,0.6557
IL,17167,Sangamon County,"Sangamon County, Illinois",196122,19.8,6176,7.4,12426,14.8,0.2437,0.4531,0.546,0.5978,0.4041
IL,17169,Schuyler County,"Schuyler County, Illinois",6879,25.3,94,3.4,385,14.1,0.4674,0.7719,0.2323,0.4238,0.4957
IL,17171,Scott County,"Scott County, Illinois",4899,18.2,90,4.6,340,17.4,0.0652,0.4976,0.0264,0.0455,0.0512
IL,17173,Shelby County,"Shelby County, Illinois",21042,18.9,443,5.1,1283,14.6,0.0935,0.259,0.0099,0.2953,0.1069
IL,17175,Stark County,"Stark County, Illinois",5395,19.2,102,4.4,401,17.2,0.2059,0.2351,0.1457,0.014,0.0579
IL,17177,Stephenson County,"Stephenson County, Illinois",44482,23.3,1655,8.6,2938,15.2,0.4668,0.6621,0.5119,0.4537,0.5218
IL,17179,Tazewell County,"Tazewell County, Illinois",131276,16.0,3092,5.8,6717,12.5,0.1075,0.1311,0.1572,0.3204,0.1085
IL,17181,Union County,"Union County, Illinois",17122,27.1,670,9.9,2024,29.9,0.6631,0.4378,0.265,0.7063,0.602
IL,17183,Vermilion County,"Vermilion County, Illinois",74113,27.4,2674,8.9,4986,16.7,0.5116,0.8231,0.5679,0.6904,0.6806
IL,17185,Wabash County,"Wabash County, Illinois",11321,24.7,500,10.5,898,18.8,0.2294,0.7712,0.1928,0.6045,0.4209
IL,17187,Warren County,"Warren County, Illinois",16760,23.2,382,5.6,1071,15.7,0.4661,0.7143,0.4973,0.4948,0.5441
IL,17189,Washington County,"Washington County, Illinois",13781,14.8,178,3.1,820,14.3,0.0885,0.1168,0.0379,0.0585,0.0347
IL,17191,Wayne County,"Wayne County, Illinois",16127,25.7,548,8.0,1583,23.1,0.4811,0.6468,0.0229,0.5772,0.4843
IL,17193,White County,"White County, Illinois",13834,26.9,415,7.3,1322,23.3,0.4209,0.6577,0.0191,0.4193,0.3999
IL,17195,Whiteside County,"Whiteside County, Illinois",55569,19.3,1210,5.2,3793,16.4,0.2669,0.7652,0.4814,0.1661,0.3236
IL,17197,Will County,"Will County, Illinois",696774,11.4,8408,3.5,18099,7.6,0.2062,0.3904,0.7706,0.1559,0.244
IL,17199,Williamson County,"Williamson County, Illinois",67120,22.2,2033,7.1,4516,15.8,0.3038,0.6192,0.3388,0.4553,0.3948
IL,17201,Winnebago County,"Winnebago County, Illinois",284591,26.0,9974,8.7,15392,13.4,0.7502,0.8591,0.7127,0.5227,0.7728
IL,17203,Woodford County,"Woodford County, Illinois",38414,13.6,497,3.4,1809,12.3,0.0515,0.0795,0.0675,0.057,0.0175
IN,18001,Adams County,"Adams County, Indiana",35827,28.5,1732,14.0,2974,24.1,0.6411,0.2055,0.1654,0.7569,0.5355
IN,18003,Allen County,"Allen County, Indiana",385456,21.3,9075,6.0,15780,10.4,0.4426,0.699,0.6468,0.4435,0.5374
IN,18005,Bartholomew County,"Bartholomew County, Indiana",82371,19.6,1799,5.5,3271,10.0,0.167,0.5492,0.5415,0.3484,0.287
IN,18007,Benton County,"Benton County, Indiana",8709,27.1,118,3.4,492,14.4,0.3738,0.9074,0.2587,0.0678,0.3369
IN,18009,Blackford County,"Blackford County, Indiana",12074,30.3,484,9.7,787,15.8,0.6748,0.5972,0.0675,0.2975,0.4801
IN,18011,Boone County,"Boone County, Indiana",71235,10.3,557,2.1,1888,7.0,0.0251,0.2526,0.3446,0.0366,0.0331
IN,18013,Brown County,"Brown County, Indiana",15513,16.5,232,3.5,837,12.7,0.2055,0.3261,0.0544,0.2542,0.1712
IN,18015,Carroll County,"Carroll County, Indiana",20397,17.1,308,3.9,1562,19.6,0.2097,0.2084,0.1753,0.0458,0.0821
IN,18017,Cass County,"Cass County, Indiana",37820,25.4,828,5.5,2810,18.8,0.4528,0.8479,0.5797,0.3961,0.5587
IN,18019,Clark County,"Clark County, Indiana",121484,17.6,2200,4.6,6884,14.4,0.2654,0.4171,0.504,0.3411,0.3093
IN,18021,Clay County,"Clay County, Indiana",26396,19.2,340,3.3,1447,13.9,0.1444,0.4496,0.0675,0.2873,0.1718
IN,18023,Clinton County,"Clinton County, Indiana",33020,19.3,598,4.8,2177,17.6,0.335,0.587,0.5202,0.2094,0.3443
IN,18025,Crawford County,"Crawford County, Indiana",10511,33.2,230,5.3,1441,33.2,0.5899,0.1247,0.0407,0.3449,0.3124
IN,18027,Daviess County,"Daviess County, Indiana",33337,20.9,1582,13.6,2340,20.2,0.5304,0.4136,0.328,0.9077,0.6239
IN,18029,Dearborn County,"Dearborn County, Indiana",50709,14.3,856,4.3,2113,10.6,0.0662,0.1241,0.0337,0.071,0.0312
IN,18031,Decatur County,"Decatur County, Indiana",26432,16.5,291,2.8,1404,13.6,0.0725,0.0229,0.1094,0.0659,0.0159
IN,18033,DeKalb County,"DeKalb County, Indiana",43312,16.5,851,5.0,2886,17.0,0.1667,0.2138,0.0821,0.2934,0.1384
IN,18035,Delaware County,"Delaware County, Indiana",112156,31.4,3567,7.7,6399,13.9,0.7226,0.2116,0.413,0.7903,0.6309
IN,18037,Dubois County,"Dubois County, Indiana",43584,15.4,856,4.9,2633,15.1,0.0697,0.461,0.335,0.3067,0.1619
IN,18039,Elkhart County,"Elkhart County, Indiana",206841,22.1,6001,8.4,9130,12.7,0.7245,0.7852,0.6287,0.819,0.8132
IN,18041,Fayette County,"Fayette County, Indiana",23391,28.6,740,7.7,1701,17.6,0.7022,0.8454,0.1037,0.4703,0.6293
IN,18043,Floyd County,"Floyd County, Indiana",80191,15.3,1765,5.7,4561,14.8,0.1333,0.412,0.3888,0.2641,0.1915
IN,18045,Fountain County,"Fountain County, Indiana",16468,19.9,315,4.6,960,14.1,0.4629,0.7318,0.0821,0.0795,0.2924
IN,18047,Franklin County,"Franklin County, Indiana",22850,15.3,639,7.1,1619,18.0,0.0872,0.2335,0.015,0.3996,0.1199
IN,18049,Fulton County,"Fulton County, Indiana",20420,22.6,464,6.0,1118,14.3,0.6577,0.6293,0.2854,0.3802,0.5415
IN,18051,Gibson County,"Gibson County, Indiana",33006,17.8,510,3.9,1833,14.1,0.0986,0.3548,0.2536,0.616,0.2342
IN,18053,Grant County,"Grant County, Indiana",66560,27.6,2108,7.9,4151,15.6,0.6965,0.6666,0.4537,0.8683,0.7649
IN,18055,Greene County,"Greene County, Indiana",30900,24.8,765,6.1,2659,21.0,0.6491,0.5514,0.0299,0.5332,0.5275
IN,18057,Hamilton County,"Hamilton County, Indiana",349527,7.4,2896,2.2,5546,4.3,0.0064,0.2682,0.5081,0.034,0.0302
IN,18059,Hancock County,"Hancock County, Indiana",80170,10.3,938,3.0,2679,8.5,0.0598,0.1085,0.2781,0.0178,0.0185
IN,18061,Harrison County,"Harrison County, Indiana",39684,15.1,703,4.8,2950,20.0,0.1117,0.09,0.0544,0.3815,0.1009
IN,18063,Hendricks County,"Hendricks County, Indiana",175639,9.4,1719,2.7,4551,7.1,0.0334,0.2819,0.5148,0.168,0.0904
IN,18065,Henry County,"Henry County, Indiana",48913,21.9,819,4.4,2799,15.1,0.3414,0.3121,0.1696,0.4521,0.3045
IN,18067,Howard County,"Howard County, Indiana",83452,21.7,2294,6.6,4674,13.4,0.4193,0.7238,0.4604,0.28,0.4505
IN,18069,Huntington County,"Huntington County, Indiana",36699,21.0,481,3.2,2557,16.9,0.1766,0.2052,0.1152,0.2428,0.1362
IN,18071,Jackson County,"Jackson County, Indiana",46212,21.6,1019,5.8,3404,19.4,0.3134,0.5956,0.4057,0.5972,0.4556
IN,18073,Jasper County,"Jasper County, Indiana",33045,14.7,365,2.9,1370,10.9,0.0939,0.4489,0.342,0.0659,0.1005
IN,18075,Jay County,"Jay County, Indiana",20451,25.5,785,9.7,1642,20.3,0.5762,0.5749,0.0881,0.3964,0.4626
IN,18077,Jefferson County,"Jefferson County, Indiana",33057,21.4,677,5.3,2520,19.6,0.4633,0.531,0.2062,0.8848,0.5832
IN,18079,Jennings County,"Jennings County, Indiana",27610,21.3,397,3.8,1599,15.3,0.4645,0.497,0.0932,0.308,0.3573
IN,18081,Johnson County,"Johnson County, Indiana",161952,13.5,1869,3.1,5597,9.3,0.1451,0.1645,0.3977,0.1387,0.1117
IN,18083,Knox County,"Knox County, Indiana",36148,21.8,1044,7.0,2231,14.9,0.2953,0.7938,0.265,0.6561,0.497
IN,18085,Kosciusko County,"Kosciusko County, Indiana",80442,17.0,1575,5.0,4582,14.6,0.314,0.5797,0.3917,0.4311,0.3926
IN,18087,LaGrange County,"LaGrange County, Indiana",40364,11.3,3453,27.3,4273,33.8,0.4251,0.4782,0.1152,0.4862,0.3961
IN,18089,Lake County,"Lake County, Indiana",497682,23.0,14647,7.6,25662,13.4,0.6258,0.7824,0.8549,0.4731,0.7031
IN,18091,LaPorte County,"LaPorte County, Indiana",112215,22.9,2271,5.3,5622,13.0,0.4295,0.4155,0.5667,0.615,0.5046
IN,18093,Lawrence County,"Lawrence County, Indiana",45113,19.9,1108,5.9,3187,16.9,0.2529,0.3866,0.0757,0.574,0.2981
IN,18095,Madison County,"Madison County, Indiana",130545,23.0,3426,6.6,7174,13.9,0.5619,0.6643,0.4636,0.5689,0.5985
IN,18097,Marion County,"Marion County, Indiana",971737,25.9,32286,8.2,50112,12.8,0.8132,0.7814,0.8565,0.6287,0.826
IN,18099,Marshall County,"Marshall County, Indiana",46208,20.9,1036,6.1,3526,20.8,0.4648,0.4617,0.3939,0.4473,0.4493
IN,18101,Martin County,"Martin County, Indiana",9863,20.2,145,3.7,732,18.5,0.1909,0.1228,0.0675,0.4365,0.1613
IN,18103,Miami County,"Miami County, Indiana",35952,23.6,738,5.6,2199,16.8,0.5021,0.2479,0.3748,0.4038,0.3904
IN,18105,Monroe County,"Monroe County, Indiana",140065,27.2,4331,7.5,6111,10.6,0.5619,0.0076,0.4779,0.8877,0.4302
IN,18107,Montgomery County,"Montgomery County, Indiana",38018,22.5,898,5.8,1908,12.4,0.3948,0.6475,0.2816,0.4846,0.455
IN,18109,Morgan County,"Morgan County, Indiana",71757,14.5,812,3.0,3233,11.9,0.1521,0.1712,0.0675,0.0566,0.0538
IN,18111,Newton County,"Newton County, Indiana",13829,19.1,170,3.1,610,11.2,0.566,0.7331,0.3388,0.0226,0.3229
IN,18113,Noble County,"Noble County, Indiana",47431,16.4,1644,9.3,2966,16.8,0.3828,0.5883,0.4085,0.7502,0.5418
IN,18115,Ohio County,"Ohio County, Indiana",5974,16.1,124,4.9,416,16.3,0.0869,0.4031,0.0579,0.4785,0.1734
IN,18117,Orange County,"Orange County, Indiana",19768,24.4,477,6.0,1257,15.8,0.4601,0.8384,0.1339,0.692,0.5791
IN,18119,Owen County,"Owen County, Indiana",21361,23.6,238,2.8,1762,20.8,0.574,0.188,0.0299,0.1241,0.238
IN,18121,Parke County,"Parke County, Indiana",16327,26.2,467,8.2,1362,23.8,0.7038,0.2307,0.0757,0.9472,0.6424
IN,18123,Perry County,"Perry County, Indiana",19186,18.1,447,5.9,1362,18.0,0.2084,0.0426,0.1457,0.9682,0.3182
IN,18125,Pike County,"Pike County, Indiana",12227,19.7,174,3.5,1174,23.3,0.1056,0.0436,0.0264,0.1944,0.0465
IN,18127,Porter County,"Porter County, Indiana",173355,15.0,2494,3.7,6845,10.1,0.1473,0.1152,0.5148,0.2218,0.1374
IN,18129,Posey County,"Posey County, Indiana",25226,15.0,415,4.1,1162,11.4,0.0331,0.0439,0.0525,0.0547,0.0092
IN,18131,Pulaski County,"Pulaski County, Indiana",12498,21.9,338,7.0,705,14.7,0.4257,0.5711,0.1753,0.3573,0.3866
IN,18133,Putnam County,"Putnam County, Indiana",36942,17.1,541,3.9,2022,14.6,0.1129,0.0554,0.2364,0.6134,0.1502
IN,18135,Randolph County,"Randolph County, Indiana",24586,22.9,559,5.5,1857,18.2,0.4321,0.881,0.2164,0.4101,0.5113
IN,18137,Ripley County,"Ripley County, Indiana",28990,14.9,529,4.8,1865,16.8,0.2017,0.1654,0.0544,0.5447,0.2062
IN,18139,Rush County,"Rush County, Indiana",16716,24.9,283,4.2,1290,19.2,0.5791,0.1604,0.0525,0.0843,0.2125
IN,18141,St. Joseph County,"St. Joseph County, Indiana",272388,23.3,7336,6.8,15297,14.2,0.5167,0.5358,0.6567,0.6882,0.6134
IN,18143,Scott County,"Scott County, Indiana",24403,26.6,427,4.4,1799,18.6,0.6723,0.5052,0.0983,0.6662,0.5807
IN,18145,Shelby County,"Shelby County, Indiana",44940,19.7,970,5.4,2598,14.4,0.2641,0.3427,0.2364,0.4528,0.2832
IN,18147,Spencer County,"Spencer County, Indiana",19935,17.2,299,3.8,1685,21.4,0.0665,0.1063,0.1037,0.097,0.0369
IN,18149,Starke County,"Starke County, Indiana",23308,25.0,463,5.4,1573,18.2,0.4658,0.4413,0.2109,0.1355,0.2829
IN,18151,Steuben County,"Steuben County, Indiana",34507,16.8,700,5.1,2222,16.1,0.2297,0.0538,0.1753,0.4582,0.1651
IN,18153,Sullivan County,"Sullivan County, Indiana",20791,27.0,360,4.7,1622,21.0,0.4992,0.5476,0.2536,0.7887,0.574
IN,18155,Switzerland County,"Switzerland County, Indiana",9896,24.3,260,6.9,936,24.7,0.6379,0.7432,0.0757,0.5514,0.5886
IN,18157,Tippecanoe County,"Tippecanoe County, Indiana",186955,28.3,6329,8.6,8612,11.7,0.5107,0.0477,0.6211,0.8594,0.5087
IN,18159,Tipton County,"Tipton County, Indiana",15328,17.8,73,1.2,765,12.4,0.1849,0.0617,0.0821,0.0325,0.0382
IN,18161,Union County,"Union County, Indiana",7041,16.0,118,4.1,448,15.4,0.3169,0.1903,0.0757,0.0267,0.0897
IN,18163,Vanderburgh County,"Vanderburgh County, Indiana",179900,23.2,6165,8.0,9124,11.9,0.5415,0.4518,0.4948,0.636,0.5612
IN,18165,Vermillion County,"Vermillion County, Indiana",15488,25.1,258,4.0,885,13.6,0.3777,0.7626,0.0264,0.3598,0.391
IN,18167,Vigo County,"Vigo County, Indiana",106355,30.2,3026,7.1,5830,13.6,0.776,0.3185,0.434,0.8711,0.7286
IN,18169,Wabash County,"Wabash County, Indiana",31032,20.8,544,4.4,1854,14.9,0.1775,0.1947,0.1276,0.2905,0.147
IN,18171,Warren County,"Warren County, Indiana",8454,17.1,95,2.9,412,12.4,0.0646,0.1849,0.0544,0.0477,0.0315
IN,18173,Warrick County,"Warrick County, Indiana",64065,10.3,472,1.9,2351,9.6,0.0099,0.2084,0.2587,0.0465,0.0194
IN,18175,Washington County,"Washington County, Indiana",28133,24.7,668,6.1,2292,21.1,0.4594,0.4696,0.0229,0.3268,0.3382
IN,18177,Wayne County,"Wayne County, Indiana",66522,26.4,2204,8.1,4068,15.0,0.7035,0.9084,0.377,0.63,0.7515
IN,18179,Wells County,"Wells County, Indiana",28167,14.9,362,3.2,1920,17.2,0.064,0.293,0.1457,0.0878,0.0531
IN,18181,White County,"White County, Indiana",24630,16.2,245,2.5,1208,12.3,0.2851,0.6058,0.3484,0.0773,0.2221
IN,18183,Whitley County,"Whitley County, Indiana",34259,15.0,513,3.7,1572,11.4,0.1588,0.2014,0.1339,0.0732,0.0735
IA,19001,Adair County,"Adair County, Iowa",7479,21.3,146,4.5,657,20.4,0.1133,0.1861,0.0881,0.0872,0.0554
IA,19003,Adams County,"Adams County, Iowa",3680,17.3,67,4.4,243,16.0,0.1257,0.3484,0.0821,0.1098,0.091
IA,19005,Allamakee County,"Allamakee County, Iowa",14046,19.6,237,4.0,998,16.7,0.1505,0.5982,0.3166,0.2269,0.2164
IA,19007,Appanoose County,"Appanoose County, Iowa",12279,30.2,325,6.5,908,18.1,0.6634,0.3783,0.1094,0.3738,0.4547
IA,19009,Audubon County,"Audubon County, Iowa",5651,20.4,179,7.1,447,17.6,0.0846,0.3843,0.0579,0.0706,0.0611
IA,19011,Benton County,"Benton County, Iowa",25652,13.9,328,3.2,1251,12.4,0.0092,0.125,0.0474,0.0283,0.007
IA,19013,Black Hawk County,"Black Hawk County, Iowa",131041,24.2,3913,7.3,7013,13.1,0.4308,0.441,0.5383,0.7992,0.5667
IA,19015,Boone County,"Boone County, Iowa",26700,14.2,580,5.3,1382,12.7,0.0204,0.0321,0.1152,0.252,0.0255
IA,19017,Bremer County,"Bremer County, Iowa",25012,12.7,193,2.0,907,9.4,0.0045,0.0894,0.1225,0.1766,0.021
IA,19019,Buchanan County,"Buchanan County, Iowa",20631,14.2,498,6.2,1159,14.5,0.077,0.2549,0.0407,0.1537,0.0655
IA,19021,Buena Vista County,"Buena Vista County, Iowa",20687,21.0,321,4.3,827,11.0,0.4123,0.6055,0.8263,0.7366,0.6258
IA,19023,Butler County,"Butler County, Iowa",14376,19.0,196,3.4,963,16.5,0.0827,0.1747,0.0407,0.0375,0.0325
IA,19025,Calhoun County,"Calhoun County, Iowa",9893,19.4,119,3.1,476,12.4,0.036,0.3398,0.1696,0.2593,0.092
IA,19027,Carroll County,"Carroll County, Iowa",20728,16.7,569,6.5,1277,14.7,0.0344,0.2736,0.1409,0.2819,0.0815
IA,19029,Cass County,"Cass County, Iowa",13116,23.8,365,6.3,1017,17.6,0.2609,0.3738,0.0881,0.2704,0.2144
IA,19031,Cedar County,"Cedar County, Iowa",18479,13.5,247,3.3,1153,15.4,0.0146,0.0694,0.0675,0.0496,0.0089
IA,19033,Cerro Gordo County,"Cerro Gordo County, Iowa",42979,18.7,1124,5.8,2609,13.4,0.0738,0.14,0.314,0.4531,0.1343
IA,19035,Cherokee County,"Cherokee County, Iowa",11601,21.9,392,7.6,854,16.6,0.1002,0.2103,0.265,0.4318,0.1546
IA,19037,Chickasaw County,"Chickasaw County, Iowa",11957,13.8,164,3.3,776,15.8,0.0582,0.3961,0.0544,0.0436,0.0433
IA,19039,Clarke County,"Clarke County, Iowa",9737,28.3,375,9.7,651,16.8,0.6262,0.9141,0.552,0.8371,0.8107
IA,19041,Clay County,"Clay County, Iowa",16423,19.1,288,4.0,977,13.5,0.14,0.7407,0.1985,0.1199,0.1826
IA,19043,Clayton County,"Clayton County, Iowa",17123,22.1,550,7.5,1322,18.1,0.2883,0.6048,0.0407,0.2981,0.2752
IA,19045,Clinton County,"Clinton County, Iowa",46488,21.8,1267,6.6,3068,16.0,0.2949,0.6281,0.2914,0.3446,0.3446
IA,19047,Crawford County,"Crawford County, Iowa",16450,27.0,294,4.7,879,14.1,0.5231,0.979,0.7448,0.5186,0.7563
IA,19049,Dallas County,"Dallas County, Iowa",100367,10.0,1168,3.0,3567,9.1,0.0121,0.2186,0.4814,0.1394,0.0515
IA,19051,Davis County,"Davis County, Iowa",9093,16.1,526,16.6,1002,31.6,0.4508,0.5329,0.0337,0.6437,0.4585
IA,19053,Decatur County,"Decatur County, Iowa",7684,25.5,253,8.3,552,18.1,0.5234,0.1705,0.2364,0.8705,0.524
IA,19055,Delaware County,"Delaware County, Iowa",17523,13.5,366,5.2,1048,14.8,0.0309,0.0805,0.0379,0.1406,0.0248
IA,19057,Des Moines County,"Des Moines County, Iowa",38824,22.3,1485,8.6,2764,16.0,0.2192,0.7967,0.4273,0.4655,0.4174
IA,19059,Dickinson County,"Dickinson County, Iowa",17692,13.2,324,3.9,1030,12.4,0.0296,0.3395,0.1152,0.1505,0.055
IA,19061,Dubuque County,"Dubuque County, Iowa",98812,17.7,2315,5.8,4595,11.5,0.1422,0.2148,0.3058,0.5762,0.2281
IA,19063,Emmet County,"Emmet County, Iowa",9349,20.4,148,3.8,572,14.7,0.1887,0.6338,0.4699,0.1791,0.2494
IA,19065,Fayette County,"Fayette County, Iowa",19519,23.8,384,4.7,1374,16.7,0.3583,0.2851,0.2294,0.1629,0.2179
IA,19067,Floyd County,"Floyd County, Iowa",15601,18.2,477,7.2,1175,17.8,0.0802,0.2542,0.3086,0.2501,0.1196
IA,19069,Franklin County,"Franklin County, Iowa",10015,23.8,158,3.9,750,18.3,0.2797,0.6487,0.4613,0.0414,0.2132
IA,19071,Fremont County,"Fremont County, Iowa",6639,18.6,72,2.6,457,16.7,0.0337,0.1896,0.1508,0.0124,0.0146
IA,19073,Greene County,"Greene County, Iowa",8801,21.2,180,4.7,528,13.8,0.104,0.6214,0.1572,0.2125,0.1664
IA,19075,Grundy County,"Grundy County, Iowa",12351,11.0,138,2.7,689,13.6,0.0029,0.0948,0.0379,0.0216,0.0029
IA,19077,Guthrie County,"Guthrie County, Iowa",10619,15.8,149,3.3,652,14.4,0.0484,0.1203,0.1094,0.0353,0.0178
IA,19079,Hamilton County,"Hamilton County, Iowa",14979,15.5,344,5.5,1035,16.7,0.0862,0.4146,0.3675,0.1712,0.1289
IA,19081,Hancock County,"Hancock County, Iowa",10790,15.4,188,4.1,663,14.5,0.0401,0.3392,0.2294,0.1467,0.0713
IA,19083,Hardin County,"Hardin County, Iowa",16861,19.7,365,5.2,1329,18.9,0.119,0.2825,0.2399,0.3061,0.1514
IA,19085,Harrison County,"Harrison County, Iowa",14623,15.9,258,4.3,986,16.5,0.049,0.0643,0.0474,0.2024,0.0388
IA,19087,Henry County,"Henry County, Iowa",20436,19.3,338,4.4,1223,16.0,0.1174,0.4967,0.3847,0.273,0.2001
IA,19089,Howard County,"Howard County, Iowa",9479,16.9,243,6.7,617,17.0,0.1282,0.2024,0.0474,0.1645,0.0846
IA,19091,Humboldt County,"Humboldt County, Iowa",9606,23.1,224,5.3,719,17.1,0.0815,0.8285,0.2265,0.1868,0.1941
IA,19093,Ida County,"Ida County, Iowa",6969,19.7,131,4.3,441,14.6,0.0496,0.1995,0.1457,0.0999,0.0445
IA,19095,Iowa County,"Iowa County, Iowa",16575,14.5,196,2.9,868,12.8,0.0261,0.3245,0.1457,0.1228,0.0484
IA,19097,Jackson County,"Jackson County, Iowa",19470,19.6,477,5.9,1333,16.4,0.1225,0.0999,0.0627,0.2265,0.078
IA,19099,Jasper County,"Jasper County, Iowa",37808,17.2,597,4.1,1826,12.5,0.1693,0.4423,0.1985,0.3134,0.2078
IA,19101,Jefferson County,"Jefferson County, Iowa",15785,25.7,565,8.3,1025,15.0,0.5339,0.5463,0.4683,0.9001,0.6774
IA,19103,Johnson County,"Johnson County, Iowa",153360,24.7,4660,7.6,6352,10.3,0.3408,0.0213,0.5829,0.8855,0.3863
IA,19105,Jones County,"Jones County, Iowa",20733,18.0,337,4.2,1143,14.2,0.0471,0.342,0.1985,0.2873,0.1082
IA,19107,Keokuk County,"Keokuk County, Iowa",10026,22.6,88,2.2,721,17.6,0.1623,0.5542,0.0264,0.0095,0.0633
IA,19109,Kossuth County,"Kossuth County, Iowa",14718,20.0,483,7.5,1091,17.0,0.085,0.7168,0.1696,0.3099,0.203
IA,19111,Lee County,"Lee County, Iowa",33442,22.7,728,5.1,2328,16.3,0.2504,0.4114,0.2781,0.336,0.2631
IA,19113,Linn County,"Linn County, Iowa",229308,16.5,4835,5.1,8634,9.2,0.1009,0.2984,0.4588,0.3999,0.1944
IA,19115,Louisa County,"Louisa County, Iowa",10823,17.4,183,4.5,587,14.3,0.2106,0.5393,0.5679,0.2113,0.2676
IA,19117,Lucas County,"Lucas County, Iowa",8666,27.0,279,7.7,788,21.8,0.3239,0.7302,0.0544,0.3328,0.3458
IA,19119,Lyon County,"Lyon County, Iowa",12023,11.1,172,3.9,519,11.8,0.0105,0.2965,0.0675,0.0881,0.0286
IA,19121,Madison County,"Madison County, Iowa",16609,9.5,270,4.2,932,14.4,0.006,0.0869,0.0821,0.0194,0.0035
IA,19123,Mahaska County,"Mahaska County, Iowa",22059,21.1,420,4.7,1269,14.3,0.099,0.5161,0.182,0.2488,0.1575
IA,19125,Marion County,"Marion County, Iowa",33487,12.9,492,3.7,1954,14.7,0.0248,0.2784,0.1094,0.4375,0.099
IA,19127,Marshall County,"Marshall County, Iowa",40049,19.4,1083,7.1,2432,15.9,0.4149,0.6841,0.7003,0.8645,0.6799
IA,19129,Mills County,"Mills County, Iowa",14605,15.9,291,5.5,591,11.2,0.07,0.3054,0.1276,0.1709,0.0811
IA,19131,Mitchell County,"Mitchell County, Iowa",10537,17.0,228,5.1,564,12.5,0.1028,0.3433,0.0169,0.1362,0.085
IA,19133,Monona County,"Monona County, Iowa",8671,20.8,97,2.5,674,17.5,0.0999,0.4066,0.0983,0.1234,0.0951
IA,19135,Monroe County,"Monroe County, Iowa",7574,16.9,186,6.1,576,19.0,0.0932,0.1018,0.0675,0.5002,0.1203
IA,19137,Montgomery County,"Montgomery County, Iowa",10285,23.6,202,4.5,866,19.3,0.1744,0.5406,0.2062,0.0869,0.1432
IA,19139,Muscatine County,"Muscatine County, Iowa",42968,19.7,895,5.2,2061,12.1,0.2173,0.8212,0.6077,0.5329,0.4792
IA,19141,O'Brien County,"O'Brien County, Iowa",14138,22.3,453,7.9,573,10.1,0.1234,0.6026,0.2733,0.784,0.3681
IA,19143,Osceola County,"Osceola County, Iowa",6149,18.4,80,3.0,342,13.0,0.2593,0.776,0.3939,0.0665,0.251
IA,19145,Page County,"Page County, Iowa",15225,23.1,387,6.3,923,15.0,0.3904,0.4327,0.265,0.4623,0.3878
IA,19147,Palo Alto County,"Palo Alto County, Iowa",8938,18.0,137,3.8,593,16.3,0.0745,0.371,0.2536,0.3188,0.1422
IA,19149,Plymouth County,"Plymouth County, Iowa",25621,11.6,397,3.9,1160,11.4,0.015,0.4664,0.3016,0.1158,0.0624
IA,19151,Pocahontas County,"Pocahontas County, Iowa",7061,18.8,124,4.0,457,14.8,0.2631,0.4836,0.2323,0.0417,0.1476
IA,19153,Polk County,"Polk County, Iowa",493378,17.4,11272,5.7,20340,10.2,0.2431,0.5947,0.5994,0.595,0.4477
IA,19155,Pottawattamie County,"Pottawattamie County, Iowa",93543,20.3,2386,6.4,6008,16.2,0.2864,0.7448,0.4085,0.6312,0.4944
IA,19157,Poweshiek County,"Poweshiek County, Iowa",18608,19.0,668,8.6,1328,17.1,0.2132,0.0665,0.2364,0.6946,0.2348
IA,19159,Ringgold County,"Ringgold County, Iowa",4690,19.3,104,5.6,287,15.6,0.1018,0.7556,0.0821,0.3261,0.2176
IA,19161,Sac County,"Sac County, Iowa",9778,17.3,177,4.2,674,16.0,0.0605,0.1941,0.1152,0.1814,0.0614
IA,19163,Scott County,"Scott County, Iowa",174315,18.7,4640,6.5,8553,12.0,0.1896,0.482,0.5581,0.4534,0.3252
IA,19165,Shelby County,"Shelby County, Iowa",11737,17.0,132,2.7,854,17.3,0.0783,0.1193,0.1654,0.036,0.029
IA,19167,Sioux County,"Sioux County, Iowa",35815,11.7,472,3.8,1115,8.9,0.0509,0.2625,0.4057,0.3458,0.1311
IA,19169,Story County,"Story County, Iowa",98573,25.3,2530,6.6,8442,22.0,0.4521,0.001,0.4839,0.6974,0.2364
IA,19171,Tama County,"Tama County, Iowa",17017,23.6,210,3.1,1079,16.1,0.35,0.7292,0.5476,0.293,0.4384
IA,19173,Taylor County,"Taylor County, Iowa",5916,16.7,102,4.2,429,17.6,0.1187,0.567,0.3503,0.0741,0.1292
IA,19175,Union County,"Union County, Iowa",12107,19.4,312,6.3,794,15.9,0.3233,0.5991,0.1339,0.4887,0.3767
IA,19177,Van Buren County,"Van Buren County, Iowa",7207,24.3,215,7.6,788,27.7,0.5724,0.4292,0.0229,0.2424,0.3608
IA,19179,Wapello County,"Wapello County, Iowa",35292,28.0,1054,7.4,2766,19.5,0.6478,0.922,0.5383,0.728,0.7852
IA,19181,Warren County,"Warren County, Iowa",52709,10.5,477,2.4,2055,10.3,0.0137,0.2389,0.1654,0.3761,0.0741
IA,19183,Washington County,"Washington County, Iowa",22534,16.2,414,4.6,1186,13.3,0.0948,0.6548,0.3016,0.1034,0.1397
IA,19185,Wayne County,"Wayne County, Iowa",6484,19.1,189,7.5,589,23.3,0.3105,0.8626,0.0881,0.405,0.4168
IA,19187,Webster County,"Webster County, Iowa",36986,20.3,1063,6.8,2677,17.2,0.2039,0.2844,0.4273,0.6977,0.3439
IA,19189,Winnebago County,"Winnebago County, Iowa",10704,16.1,207,4.6,641,14.2,0.0286,0.6258,0.2914,0.2832,0.1403
IA,19191,Winneshiek County,"Winneshiek County, Iowa",20050,14.1,358,4.4,1208,14.7,0.0337,0.0821,0.0735,0.3423,0.0522
IA,19193,Woodbury County,"Woodbury County, Iowa",105526,22.3,2500,6.2,6228,15.5,0.4804,0.8766,0.6752,0.7276,0.7197
IA,19195,Worth County,"Worth County, Iowa",7417,16.6,153,4.8,501,15.7,0.0585,0.0802,0.1037,0.0675,0.0232
IA,19197,Wright County,"Wright County, Iowa",12897,27.7,431,8.0,1073,20.0,0.1464,0.9742,0.4814,0.2351,0.3971
KS,20001,Allen County,"Allen County, Kansas",12554,24.2,379,7.6,930,18.7,0.5702,0.6433,0.3217,0.6115,0.5854
KS,20003,Anderson County,"Anderson County, Kansas",7799,23.9,197,6.2,863,27.3,0.5854,0.7595,0.1928,0.105,0.4085
KS,20005,Atchison County,"Atchison County, Kansas",16309,23.7,406,7.0,1062,18.2,0.3859,0.3535,0.3824,0.7181,0.4728
KS,20007,Barber County,"Barber County, Kansas",4081,27.5,106,6.0,302,17.1,0.42,0.7531,0.3847,0.476,0.5107
KS,20009,Barton County,"Barton County, Kansas",25477,25.6,579,5.8,1616,16.1,0.5562,0.9847,0.5269,0.3716,0.7006
KS,20011,Bourbon County,"Bourbon County, Kansas",14405,26.2,215,3.7,962,16.4,0.4057,0.707,0.328,0.5647,0.5126
KS,20013,Brown County,"Brown County, Kansas",9486,22.9,172,4.7,633,17.3,0.3188,0.3258,0.5183,0.0544,0.1893
KS,20015,Butler County,"Butler County, Kansas",67618,14.8,883,3.6,3045,12.3,0.0818,0.2173,0.3917,0.2927,0.1295
KS,20017,Chase County,"Chase County, Kansas",2570,27.8,49,4.6,225,21.1,0.2246,0.482,0.3503,0.216,0.2358
KS,20019,Chautauqua County,"Chautauqua County, Kansas",3389,31.1,45,3.4,309,23.4,0.6557,0.5186,0.4613,0.4881,0.5781
KS,20021,Cherokee County,"Cherokee County, Kansas",19380,26.9,557,7.4,1414,18.8,0.4598,0.5816,0.4018,0.4346,0.4718
KS,20023,Cheyenne County,"Cheyenne County, Kansas",2619,25.1,32,2.7,195,16.2,0.4858,0.8056,0.3058,0.0213,0.2953
KS,20025,Clark County,"Clark County, Kansas",1977,19.4,33,4.1,141,17.5,0.0528,0.9424,0.4445,0.1604,0.2354
KS,20027,Clay County,"Clay County, Kansas",8088,18.8,265,7.4,791,22.2,0.1814,0.8743,0.1985,0.7086,0.4636
KS,20029,Cloud County,"Cloud County, Kansas",9008,25.4,230,6.3,756,20.6,0.4454,0.3611,0.2692,0.3137,0.3427
KS,20031,Coffey County,"Coffey County, Kansas",8334,20.9,172,4.9,456,12.9,0.2599,0.7477,0.1985,0.1798,0.2743
KS,20033,Comanche County,"Comanche County, Kansas",1825,15.7,32,3.9,164,19.8,0.125,0.8594,0.0264,0.3344,0.2577
KS,20035,Cowley County,"Cowley County, Kansas",34661,23.8,806,6.2,2281,17.4,0.5441,0.9411,0.5616,0.8164,0.7871
KS,20037,Crawford County,"Crawford County, Kansas",39012,30.9,1393,8.8,2299,14.5,0.6023,0.4108,0.42,0.965,0.7213
KS,20039,Decatur County,"Decatur County, Kansas",2771,19.3,39,2.9,201,15.2,0.1747,0.3913,0.1985,0.0115,0.0681
KS,20041,Dickinson County,"Dickinson County, Kansas",18492,15.0,467,5.9,1211,15.3,0.168,0.4569,0.3166,0.1969,0.1884
KS,20043,Doniphan County,"Doniphan County, Kansas",7501,19.1,132,4.8,398,14.6,0.238,0.0185,0.3166,0.5921,0.1861
KS,20045,Douglas County,"Douglas County, Kansas",119094,23.5,3249,6.5,4782,9.6,0.4738,0.007,0.574,0.7964,0.3602
KS,20047,Edwards County,"Edwards County, Kansas",2849,23.1,59,4.8,216,17.6,0.3726,0.9615,0.6179,0.0923,0.4639
KS,20049,Elk County,"Elk County, Kansas",2453,29.7,53,5.2,201,19.6,0.4922,0.7041,0.3446,0.0624,0.336
KS,20051,Ellis County,"Ellis County, Kansas",28921,24.4,454,3.8,1214,10.2,0.3557,0.0331,0.3446,0.4951,0.2393
KS,20053,Ellsworth County,"Ellsworth County, Kansas",6374,20.6,92,4.0,344,14.9,0.1721,0.0563,0.4356,0.4572,0.1731
KS,20055,Finney County,"Finney County, Kansas",38187,22.5,816,6.3,1873,14.4,0.8346,0.7366,0.9224,0.895,0.8966
KS,20057,Ford County,"Ford County, Kansas",34212,23.1,555,4.8,1529,13.1,0.5492,0.7283,0.9294,0.7187,0.7359
KS,20059,Franklin County,"Franklin County, Kansas",25968,17.9,411,4.0,1907,18.7,0.2472,0.3347,0.3058,0.2558,0.224
KS,20061,Geary County,"Geary County, Kansas",36247,28.9,552,4.1,1162,8.6,0.5832,0.8556,0.8279,0.5797,0.7353
KS,20063,Gove County,"Gove County, Kansas",2758,15.7,16,1.4,275,23.3,0.1441,0.3516,0.0821,0.0045,0.0372
KS,20065,Graham County,"Graham County, Kansas",2430,28.3,50,4.2,162,13.5,0.49,0.6147,0.3697,0.0344,0.2765
KS,20067,Grant County,"Grant County, Kansas",7336,10.2,43,1.8,122,5.0,0.3646,0.2208,0.8804,0.2332,0.3363
KS,20069,Gray County,"Gray County, Kansas",5719,11.6,31,1.5,307,14.9,0.2685,0.35,0.5371,0.2825,0.2816
KS,20071,Greeley County,"Greeley County, Kansas",1279,12.4,27,4.9,57,10.3,0.1241,0.8969,0.5727,0.1254,0.2689
KS,20073,Greenwood County,"Greenwood County, Kansas",6001,25.1,178,6.9,555,21.5,0.3229,0.7919,0.2536,0.1209,0.2978
KS,20075,Hamilton County,"Hamilton County, Kansas",2520,16.0,13,1.8,104,14.5,0.3334,0.433,0.7251,0.2062,0.3398
KS,20077,Harper County,"Harper County, Kansas",5457,32.1,49,2.2,477,21.8,0.5431,0.9905,0.363,0.2307,0.6316
KS,20079,Harvey County,"Harvey County, Kansas",33959,18.2,570,4.3,2025,15.3,0.2739,0.6223,0.5119,0.4795,0.4193
KS,20081,Haskell County,"Haskell County, Kansas",3735,20.4,47,3.5,155,11.4,0.5132,0.2574,0.72,0.2625,0.4143
KS,20083,Hodgeman County,"Hodgeman County, Kansas",1770,12.7,5,0.7,154,21.7,0.0786,0.7404,0.2587,0.007,0.0646
KS,20085,Jackson County,"Jackson County, Kansas",13274,15.5,190,3.7,742,14.3,0.1371,0.8005,0.4741,0.1511,0.2472
KS,20087,Jefferson County,"Jefferson County, Kansas",18387,11.0,330,4.5,760,10.4,0.1072,0.0522,0.1928,0.0261,0.0197
KS,20089,Jewell County,"Jewell County, Kansas",2929,28.9,43,3.4,288,22.5,0.1572,0.1677,0.1696,0.021,0.0455
KS,20091,Johnson County,"Johnson County, Kansas",610742,9.0,8011,3.3,11784,4.9,0.0439,0.1976,0.5542,0.0808,0.0605
KS,20093,Kearny County,"Kearny County, Kansas",3964,28.4,37,2.7,122,9.0,0.5641,0.9198,0.7591,0.0792,0.5358
KS,20095,Kingman County,"Kingman County, Kansas",7369,16.5,130,4.2,597,19.2,0.2631,0.0897,0.2485,0.1018,0.1079
KS,20097,Kiowa County,"Kiowa County, Kansas",2445,13.7,26,2.8,194,20.9,0.2749,0.5425,0.3446,0.2498,0.2879
KS,20099,Labette County,"Labette County, Kansas",20096,24.0,395,5.0,1400,17.6,0.3341,0.8317,0.4445,0.4502,0.4941
KS,20101,Lane County,"Lane County, Kansas",1528,18.6,19,2.8,99,14.7,0.1384,0.4502,0.4613,0.0073,0.0716
KS,20103,Leavenworth County,"Leavenworth County, Kansas",82050,14.8,1406,4.8,3020,10.3,0.2068,0.146,0.5581,0.4416,0.2475
KS,20105,Lincoln County,"Lincoln County, Kansas",2929,22.9,47,3.8,320,26.2,0.1581,0.3481,0.1508,0.0805,0.1021
KS,20107,Linn County,"Linn County, Kansas",9696,19.9,169,4.1,890,21.7,0.461,0.3315,0.2265,0.1731,0.2733
KS,20109,Logan County,"Logan County, Kansas",2752,22.5,42,3.5,125,10.3,0.16,0.9787,0.3058,0.062,0.28
KS,20111,Lyon County,"Lyon County, Kansas",32182,26.8,853,6.5,1731,13.1,0.6153,0.3325,0.6656,0.9376,0.7222
KS,20113,McPherson County,"McPherson County, Kansas",30085,16.2,444,3.7,1641,13.5,0.1311,0.2469,0.2781,0.3462,0.1635
KS,20115,Marion County,"Marion County, Kansas",11867,18.3,149,3.3,810,17.7,0.1619,0.3233,0.2234,0.1569,0.1355
KS,20117,Marshall County,"Marshall County, Kansas",10014,19.6,164,4.0,649,15.9,0.1397,0.4391,0.1339,0.308,0.181
KS,20119,Meade County,"Meade County, Kansas",4019,17.5,47,2.9,191,11.9,0.2119,0.6697,0.6204,0.1174,0.2628
KS,20121,Miami County,"Miami County, Kansas",34312,11.4,363,2.7,1994,15.1,0.0729,0.2927,0.2294,0.1215,0.0757
KS,20123,Mitchell County,"Mitchell County, Kansas",5829,21.7,139,5.7,397,16.2,0.1101,0.3815,0.1572,0.2059,0.1285
KS,20125,Montgomery County,"Montgomery County, Kansas",31448,29.0,1041,8.2,2201,17.4,0.6993,0.8785,0.5616,0.825,0.8209
KS,20127,Morris County,"Morris County, Kansas",5385,19.0,89,3.9,427,18.7,0.1534,0.5364,0.3016,0.1164,0.1569
KS,20129,Morton County,"Morton County, Kansas",2688,17.7,24,2.6,110,11.7,0.3411,0.8549,0.6567,0.0245,0.3077
KS,20131,Nemaha County,"Nemaha County, Kansas",10219,15.9,160,4.0,682,17.1,0.0426,0.181,0.0881,0.2106,0.057
KS,20133,Neosho County,"Neosho County, Kansas",15826,24.3,355,5.7,1212,19.5,0.5367,0.8759,0.3503,0.7311,0.6911
KS,20135,Ness County,"Ness County, Kansas",2677,18.6,27,2.4,145,12.7,0.1126,0.4858,0.4973,0.027,0.0999
KS,20137,Norton County,"Norton County, Kansas",5431,21.2,39,2.1,156,8.3,0.3045,0.3277,0.3917,0.1546,0.223
KS,20139,Osage County,"Osage County, Kansas",15787,18.7,145,2.3,988,15.7,0.2784,0.4302,0.182,0.1269,0.1909
KS,20141,Osborne County,"Osborne County, Kansas",3493,23.8,60,3.7,267,16.6,0.0716,0.517,0.1572,0.0515,0.0687
KS,20143,Ottawa County,"Ottawa County, Kansas",5768,18.4,84,3.5,362,15.2,0.1336,0.1817,0.1409,0.0232,0.042
KS,20145,Pawnee County,"Pawnee County, Kansas",6288,18.5,209,8.7,321,13.4,0.2475,0.1734,0.4658,0.5727,0.3019
KS,20147,Phillips County,"Phillips County, Kansas",4960,23.7,55,2.5,298,13.6,0.3423,0.6484,0.1753,0.2374,0.3137
KS,20149,Pottawatomie County,"Pottawatomie County, Kansas",25482,13.9,156,1.7,811,9.0,0.0191,0.0993,0.3322,0.2889,0.0544
KS,20151,Pratt County,"Pratt County, Kansas",9175,19.4,139,3.9,582,16.3,0.252,0.7754,0.3917,0.2234,0.3341
KS,20153,Rawlins County,"Rawlins County, Kansas",2544,29.1,64,5.5,182,15.6,0.1928,0.8772,0.335,0.4123,0.3958
KS,20155,Reno County,"Reno County, Kansas",61881,23.1,1157,4.6,4129,16.4,0.4314,0.6153,0.4725,0.5072,0.5011
KS,20157,Republic County,"Republic County, Kansas",4686,22.8,82,4.0,481,23.7,0.0445,0.2918,0.0881,0.0655,0.041
KS,20159,Rice County,"Rice County, Kansas",9441,17.7,91,2.4,650,17.3,0.1387,0.5927,0.5148,0.1031,0.1823
KS,20161,Riley County,"Riley County, Kansas",72105,32.2,1451,5.4,2552,9.5,0.5733,0.0503,0.5978,0.9287,0.567
KS,20163,Rooks County,"Rooks County, Kansas",4925,13.9,148,7.0,363,17.1,0.0277,0.224,0.1037,0.3185,0.071
KS,20165,Rush County,"Rush County, Kansas",2939,22.4,37,2.8,175,13.0,0.2844,0.1164,0.3446,0.0296,0.0916
KS,20167,Russell County,"Russell County, Kansas",6702,27.4,108,3.6,395,13.2,0.5857,0.3703,0.2914,0.1133,0.3226
KS,20169,Saline County,"Saline County, Kansas",54160,20.5,1813,8.1,2916,13.0,0.3691,0.7248,0.5406,0.4642,0.5008
KS,20171,Scott County,"Scott County, Kansas",5128,21.2,27,1.3,510,23.8,0.2841,0.9176,0.5953,0.1893,0.4349
KS,20173,Sedgwick County,"Sedgwick County, Kansas",522700,21.7,12110,6.0,21362,10.5,0.6596,0.8123,0.7098,0.5562,0.7292
KS,20175,Seward County,"Seward County, Kansas",21942,26.4,480,6.8,919,13.0,0.7871,0.7429,0.966,0.7954,0.8578
KS,20177,Shawnee County,"Shawnee County, Kansas",178625,20.6,5208,7.0,12678,17.0,0.3869,0.7095,0.6398,0.7486,0.6137
KS,20179,Sheridan County,"Sheridan County, Kansas",2450,13.5,59,5.8,101,10.0,0.0404,0.5355,0.2234,0.0757,0.0706
KS,20181,Sherman County,"Sherman County, Kansas",5940,20.7,77,3.3,246,10.6,0.4082,0.8956,0.4741,0.2494,0.4992
KS,20183,Smith County,"Smith County, Kansas",3561,18.4,42,2.7,230,14.7,0.0792,0.3128,0.1152,0.029,0.0404
KS,20185,Stafford County,"Stafford County, Kansas",4054,21.4,39,2.4,270,16.8,0.1782,0.8031,0.4814,0.0671,0.2272
KS,20187,Stanton County,"Stanton County, Kansas",2060,25.5,14,1.6,182,20.5,0.5603,0.3999,0.8225,0.063,0.3786
KS,20189,Stevens County,"Stevens County, Kansas",5275,23.5,94,5.5,230,13.4,0.63,0.7257,0.797,0.4992,0.6879
KS,20191,Sumner County,"Sumner County, Kansas",22517,21.3,438,4.9,1430,15.9,0.3783,0.3929,0.3535,0.3124,0.3322
KS,20193,Thomas County,"Thomas County, Kansas",7907,17.4,100,3.2,377,12.0,0.1021,0.3948,0.2628,0.1572,0.1247
KS,20195,Trego County,"Trego County, Kansas",2798,14.4,37,2.8,188,14.4,0.0506,0.0417,0.0089,0.0563,0.0105
KS,20197,Wabaunsee County,"Wabaunsee County, Kansas",6922,11.2,59,2.3,471,18.3,0.0458,0.3761,0.2733,0.0859,0.0636
KS,20199,Wallace County,"Wallace County, Kansas",1489,25.4,27,4.1,78,11.8,0.0891,0.7865,0.3166,0.1219,0.1756
KS,20201,Washington County,"Washington County, Kansas",5529,15.9,70,3.0,629,26.8,0.029,0.6013,0.1928,0.1126,0.0802
KS,20203,Wichita County,"Wichita County, Kansas",2131,23.8,13,1.5,60,6.8,0.3455,0.9583,0.6437,0.1473,0.4858
KS,20205,Wilson County,"Wilson County, Kansas",8667,26.9,190,5.4,884,25.3,0.3898,0.8533,0.2485,0.3207,0.4566
KS,20207,Woodson County,"Woodson County, Kansas",3134,24.1,61,5.0,231,19.0,0.4174,0.5877,0.1861,0.0681,0.2491
KS,20209,Wyandotte County,"Wyandotte County, Kansas",167989,28.8,4878,8.0,8926,14.6,0.9612,0.8941,0.9227,0.678,0.9386
KY,21001,Adair County,"Adair County, Kentucky",18887,32.1,372,5.5,1232,18.1,0.7461,0.2109,0.2265,0.7735,0.6026
KY,21003,Allen County,"Allen County, Kentucky",20773,26.6,497,6.4,1583,20.3,0.7563,0.7617,0.0932,0.5288,0.6484
KY,21005,Anderson County,"Anderson County, Kentucky",23839,20.9,176,1.9,1165,12.7,0.2908,0.3968,0.1696,0.0051,0.0843
KY,21007,Ballard County,"Ballard County, Kentucky",7742,25.9,160,5.4,438,14.8,0.2574,0.2039,0.2164,0.4757,0.2507
KY,21009,Barren County,"Barren County, Kentucky",44511,31.9,1176,6.7,2766,15.7,0.7916,0.9068,0.3118,0.6599,0.7919
KY,21011,Bath County,"Bath County, Kentucky",12739,33.6,459,9.5,899,18.6,0.5075,0.5772,0.0544,0.7108,0.5269
KY,21013,Bell County,"Bell County, Kentucky",24248,42.5,728,7.7,2443,25.8,0.9319,0.4187,0.1339,0.818,0.7782
KY,21015,Boone County,"Boone County, Kentucky",136150,11.9,1645,3.3,3912,7.9,0.0369,0.4731,0.4146,0.1877,0.1177
KY,21017,Bourbon County,"Bourbon County, Kentucky",20228,28.0,408,5.1,1432,17.8,0.6691,0.6583,0.4416,0.2122,0.5237
KY,21019,Boyd County,"Boyd County, Kentucky",48242,26.8,1604,8.7,2581,13.9,0.637,0.7585,0.1985,0.7315,0.6704
KY,21021,Boyle County,"Boyle County, Kentucky",30613,25.3,671,5.8,1804,15.5,0.6402,0.5339,0.4407,0.357,0.5304
KY,21023,Bracken County,"Bracken County, Kentucky",8420,27.8,82,2.6,520,16.6,0.4432,0.2908,0.0337,0.2364,0.2568
KY,21025,Breathitt County,"Breathitt County, Kentucky",13580,38.3,734,13.3,1389,25.1,0.7111,0.4445,0.0169,0.9497,0.6962
KY,21027,Breckinridge County,"Breckinridge County, Kentucky",20528,34.6,371,4.9,1709,22.7,0.7197,0.8279,0.1508,0.4976,0.6481
KY,21029,Bullitt County,"Bullitt County, Kentucky",82482,17.4,1294,4.2,3407,11.0,0.1922,0.4648,0.1928,0.1728,0.1779
KY,21031,Butler County,"Butler County, Kentucky",12365,32.2,305,6.8,1117,24.8,0.7658,0.7996,0.1152,0.8043,0.7623
KY,21033,Caldwell County,"Caldwell County, Kentucky",12635,25.4,403,7.9,922,18.0,0.6592,0.819,0.3058,0.7216,0.7184
KY,21035,Calloway County,"Calloway County, Kentucky",37345,31.5,768,5.2,2581,17.4,0.6363,0.1301,0.3322,0.7996,0.5482
KY,21037,Campbell County,"Campbell County, Kentucky",93122,17.7,2572,6.6,4447,11.5,0.2001,0.1024,0.2444,0.5542,0.2103
KY,21039,Carlisle County,"Carlisle County, Kentucky",4782,33.1,49,2.6,243,12.8,0.5918,0.5059,0.1928,0.2453,0.4225
KY,21041,Carroll County,"Carroll County, Kentucky",10842,28.9,243,6.0,978,24.2,0.8743,0.9609,0.3723,0.7894,0.8886
KY,21043,Carter County,"Carter County, Kentucky",26671,35.7,685,7.0,2482,25.4,0.7639,0.3808,0.0455,0.5708,0.5581
KY,21045,Casey County,"Casey County, Kentucky",15942,40.1,486,8.1,1312,21.8,0.9376,0.6122,0.0881,0.8886,0.8361
KY,21047,Christian County,"Christian County, Kentucky",72766,32.7,1837,7.2,4979,19.4,0.929,0.9335,0.7276,0.854,0.9469
KY,21049,Clark County,"Clark County, Kentucky",36897,22.4,969,6.6,1891,12.8,0.4938,0.7175,0.3166,0.4235,0.51
KY,21051,Clay County,"Clay County, Kentucky",20322,45.1,854,12.0,1546,21.7,0.8377,0.5498,0.2323,0.952,0.8174
KY,21053,Clinton County,"Clinton County, Kentucky",9295,36.6,223,6.1,969,26.4,0.6888,0.7862,0.119,0.5994,0.6472
KY,21055,Crittenden County,"Crittenden County, Kentucky",8979,30.6,199,5.7,904,25.9,0.5587,0.6927,0.0757,0.4922,0.518
KY,21057,Cumberland County,"Cumberland County, Kentucky",5974,39.1,249,9.9,630,25.0,0.8797,0.496,0.1508,0.8018,0.7544
KY,21059,Daviess County,"Daviess County, Kentucky",102916,23.3,2803,6.9,4705,11.6,0.3443,0.8199,0.3888,0.8247,0.6109
KY,21061,Edmonson County,"Edmonson County, Kentucky",12179,27.6,179,3.8,781,16.4,0.6446,0.1763,0.0455,0.3554,0.3697
KY,21063,Elliott County,"Elliott County, Kentucky",7378,38.9,156,6.9,572,25.3,0.8848,0.2113,0.0337,0.9742,0.7617
KY,21065,Estill County,"Estill County, Kentucky",14138,34.8,458,8.0,1315,22.9,0.8686,0.958,0.0191,0.4289,0.7604
KY,21067,Fayette County,"Fayette County, Kentucky",321276,23.0,9854,7.2,12589,9.2,0.5329,0.1639,0.672,0.7611,0.5542
KY,21069,Fleming County,"Fleming County, Kentucky",15111,34.0,509,8.9,1348,23.5,0.7878,0.685,0.0735,0.6376,0.6771
KY,21071,Floyd County,"Floyd County, Kentucky",35780,40.2,1232,8.6,2906,20.3,0.8626,0.4811,0.0115,0.7544,0.7073
KY,21073,Franklin County,"Franklin County, Kentucky",51475,21.7,1299,5.8,3770,16.7,0.426,0.8295,0.5094,0.6933,0.6255
KY,21075,Fulton County,"Fulton County, Kentucky",6480,40.4,336,14.1,373,15.7,0.881,0.7897,0.6685,0.943,0.91
KY,21077,Gallatin County,"Gallatin County, Kentucky",8720,31.0,102,3.3,571,18.4,0.7066,0.1126,0.3563,0.7401,0.5514
KY,21079,Garrard County,"Garrard County, Kentucky",17175,29.4,302,4.7,1037,16.0,0.6316,0.42,0.1753,0.099,0.3312
KY,21081,Grant County,"Grant County, Kentucky",25085,22.6,510,5.6,1396,15.3,0.2819,0.4228,0.1753,0.4082,0.2876
KY,21083,Graves County,"Graves County, Kentucky",36701,31.4,847,5.9,2677,18.7,0.5393,0.518,0.4308,0.5803,0.5507
KY,21085,Grayson County,"Grayson County, Kentucky",26465,30.2,484,5.0,2328,24.0,0.643,0.7025,0.0474,0.461,0.5428
KY,21087,Green County,"Green County, Kentucky",11198,36.3,203,4.6,975,22.2,0.8046,0.8918,0.1037,0.23,0.629
KY,21089,Greenup County,"Greenup County, Kentucky",35853,24.1,671,4.6,2496,17.2,0.4079,0.4464,0.0407,0.1349,0.2351
KY,21091,Hancock County,"Hancock County, Kentucky",9058,23.7,131,3.8,550,15.9,0.3083,0.4181,0.0735,0.1289,0.1874
KY,21093,Hardin County,"Hardin County, Kentucky",111005,20.3,2706,6.3,6070,14.2,0.3697,0.714,0.6029,0.6742,0.5721
KY,21095,Harlan County,"Harlan County, Kentucky",26589,45.1,939,8.9,2083,19.8,0.8495,0.8167,0.0757,0.9055,0.8336
KY,21097,Harrison County,"Harrison County, Kentucky",18803,25.9,653,9.0,1854,25.4,0.2895,0.1753,0.1276,0.567,0.2714
KY,21099,Hart County,"Hart County, Kentucky",19345,37.0,576,8.0,1379,19.2,0.8291,0.7951,0.265,0.7757,0.8037
KY,21101,Henderson County,"Henderson County, Kentucky",44770,26.3,1227,6.7,2448,13.4,0.4785,0.8463,0.4314,0.6608,0.6386
KY,21103,Henry County,"Henry County, Kentucky",15731,25.8,325,5.4,1212,20.1,0.7025,0.7362,0.2781,0.3586,0.5845
KY,21105,Hickman County,"Hickman County, Kentucky",4491,21.9,78,4.8,177,10.9,0.1966,0.3586,0.4018,0.3058,0.2326
KY,21107,Hopkins County,"Hopkins County, Kentucky",45223,28.0,1004,5.5,2756,15.0,0.5552,0.7961,0.3592,0.6239,0.6344
KY,21109,Jackson County,"Jackson County, Kentucky",13002,34.9,394,7.6,878,17.0,0.7464,0.7789,0.0041,0.6325,0.664
KY,21111,Jefferson County,"Jefferson County, Kentucky",779232,22.3,29516,9.0,35372,10.8,0.468,0.6723,0.7226,0.6516,0.622
KY,21113,Jessamine County,"Jessamine County, Kentucky",53381,19.8,764,4.0,2118,11.0,0.3987,0.5574,0.3697,0.2148,0.3474
KY,21115,Johnson County,"Johnson County, Kentucky",22631,38.6,649,7.6,1276,15.0,0.7687,0.6841,0.0099,0.9007,0.7509
KY,21117,Kenton County,"Kenton County, Kentucky",169066,18.6,4635,6.9,6488,9.6,0.2313,0.3856,0.3723,0.4935,0.308
KY,21119,Knott County,"Knott County, Kentucky",14282,41.7,416,7.5,1337,24.0,0.7248,0.4836,0.0115,0.973,0.7334
KY,21121,Knox County,"Knox County, Kentucky",30207,45.9,1455,13.0,2184,19.4,0.9154,0.7757,0.0474,0.9316,0.8584
KY,21123,Larue County,"Larue County, Kentucky",14902,29.1,220,3.7,1212,20.3,0.4553,0.5437,0.2587,0.0522,0.2501
KY,21125,Laurel County,"Laurel County, Kentucky",62442,31.2,1258,5.4,3461,14.8,0.5826,0.4706,0.0407,0.6942,0.5285
KY,21127,Lawrence County,"Lawrence County, Kentucky",16228,36.8,267,4.7,1378,24.1,0.7445,0.5765,0.0115,0.2214,0.4744
KY,21129,Lee County,"Lee County, Kentucky",7338,50.4,406,15.4,722,27.4,0.854,0.4407,0.2062,0.9968,0.8492
KY,21131,Leslie County,"Leslie County, Kentucky",10468,45.0,312,8.4,795,21.5,0.7041,0.1324,0.0057,0.9182,0.5746
KY,21133,Letcher County,"Letcher County, Kentucky",21490,41.9,596,7.1,1717,20.4,0.7833,0.7512,0.0073,0.6962,0.7012
KY,21135,Lewis County,"Lewis County, Kentucky",13063,45.3,303,6.4,959,20.2,0.8002,0.503,0.0048,0.4038,0.5495
KY,21137,Lincoln County,"Lincoln County, Kentucky",24320,30.1,651,6.7,2025,20.9,0.7031,0.8155,0.1457,0.3455,0.5835
KY,21139,Livingston County,"Livingston County, Kentucky",8980,27.7,104,2.9,573,16.2,0.497,0.496,0.0735,0.0582,0.2374
KY,21141,Logan County,"Logan County, Kentucky",27498,25.7,664,6.1,1956,18.0,0.6274,0.4852,0.3503,0.2599,0.4671
KY,21143,Lyon County,"Lyon County, Kentucky",8721,18.8,88,2.7,461,14.3,0.1718,0.1616,0.3563,0.3576,0.1845
KY,21145,McCracken County,"McCracken County, Kentucky",67573,26.5,2219,8.2,3092,11.5,0.3436,0.4763,0.4913,0.8626,0.5517
KY,21147,McCreary County,"McCreary County, Kentucky",16892,50.4,595,10.8,1527,27.7,0.7311,0.3077,0.314,0.9087,0.6965
KY,21149,McLean County,"McLean County, Kentucky",9173,18.4,211,5.8,587,16.3,0.195,0.21,0.0627,0.4165,0.1839
KY,21151,Madison County,"Madison County, Kentucky",92955,23.4,1637,4.5,4421,12.2,0.4843,0.1005,0.328,0.5982,0.3843
KY,21153,Magoffin County,"Magoffin County, Kentucky",11647,51.2,389,8.5,1044,22.9,0.8396,0.6872,0.0057,0.8062,0.7595
KY,21155,Marion County,"Marion County, Kentucky",19627,31.9,434,5.7,1209,15.9,0.6949,0.8791,0.3697,0.7957,0.7859
KY,21157,Marshall County,"Marshall County, Kentucky",31706,23.0,570,4.4,2031,15.6,0.1833,0.3163,0.0191,0.3175,0.1699
KY,21159,Martin County,"Martin County, Kentucky",11298,41.7,311,8.3,755,20.1,0.7079,0.1537,0.3592,0.9618,0.6869
KY,21161,Mason County,"Mason County, Kentucky",17068,30.5,703,10.5,1181,17.6,0.6042,0.8304,0.3535,0.5743,0.6542
KY,21163,Meade County,"Meade County, Kentucky",29964,17.5,448,4.2,1123,10.6,0.1839,0.2272,0.335,0.2084,0.1559
KY,21165,Menifee County,"Menifee County, Kentucky",6174,38.1,155,6.9,645,28.5,0.5469,0.6907,0.0191,0.7136,0.5676
KY,21167,Mercer County,"Mercer County, Kentucky",22662,19.1,444,4.9,1484,16.3,0.2774,0.2323,0.2781,0.126,0.1591
KY,21169,Metcalfe County,"Metcalfe County, Kentucky",10313,32.2,262,6.3,688,16.5,0.6217,0.4108,0.0627,0.7194,0.5453
KY,21171,Monroe County,"Monroe County, Kentucky",11331,32.9,340,7.5,979,21.5,0.581,0.9112,0.1409,0.777,0.714
KY,21173,Montgomery County,"Montgomery County, Kentucky",28188,26.9,659,6.2,1314,12.3,0.6936,0.7,0.1753,0.4617,0.5896
KY,21175,Morgan County,"Morgan County, Kentucky",13840,34.8,313,6.7,1031,22.1,0.5845,0.2256,0.1985,0.9297,0.5918
KY,21177,Muhlenberg County,"Muhlenberg County, Kentucky",30735,28.8,544,4.6,2090,17.6,0.5307,0.2584,0.182,0.3325,0.3535
KY,21179,Nelson County,"Nelson County, Kentucky",46779,16.4,557,3.0,2027,11.0,0.1359,0.3532,0.2879,0.0496,0.0888
KY,21181,Nicholas County,"Nicholas County, Kentucky",7613,27.8,233,8.9,662,25.3,0.6001,0.1868,0.0229,0.5345,0.4111
KY,21183,Ohio County,"Ohio County, Kentucky",23782,25.7,331,3.7,1860,20.6,0.4158,0.9252,0.1225,0.1817,0.4251
KY,21185,Oldham County,"Oldham County, Kentucky",67997,8.3,262,1.2,1155,5.2,0.0181,0.1702,0.3723,0.112,0.0398
KY,21187,Owen County,"Owen County, Kentucky",11229,24.8,115,2.8,1134,27.4,0.5507,0.3058,0.0932,0.133,0.2711
KY,21189,Owsley County,"Owsley County, Kentucky",4054,38.1,144,10.4,403,29.1,0.7082,0.2246,0.2323,0.5371,0.5078
KY,21191,Pendleton County,"Pendleton County, Kentucky",14638,24.9,229,4.3,1251,23.7,0.6252,0.3662,0.1225,0.6351,0.5221
KY,21193,Perry County,"Perry County, Kentucky",28136,36.3,879,7.8,1671,14.8,0.7566,0.7343,0.0932,0.6767,0.6901
KY,21195,Pike County,"Pike County, Kentucky",58196,36.4,2135,8.9,4798,20.0,0.8673,0.5272,0.0229,0.8489,0.7506
KY,21197,Powell County,"Powell County, Kentucky",13089,33.2,397,8.5,1360,29.2,0.867,0.5651,0.0757,0.938,0.7992
KY,21199,Pulaski County,"Pulaski County, Kentucky",65145,33.1,1564,6.1,4797,18.7,0.7483,0.8886,0.1339,0.3735,0.6456
KY,21201,Robertson County,"Robertson County, Kentucky",2207,34.0,20,2.5,255,32.0,0.7251,0.5339,0.0115,0.6246,0.587
KY,21203,Rockcastle County,"Rockcastle County, Kentucky",16171,33.5,578,9.1,1494,23.4,0.6389,0.4178,0.0099,0.6621,0.5291
KY,21205,Rowan County,"Rowan County, Kentucky",24551,37.7,786,8.8,886,9.9,0.6927,0.014,0.0932,0.9586,0.5065
KY,21207,Russell County,"Russell County, Kentucky",18021,33.0,273,3.9,1524,21.7,0.6812,0.938,0.1572,0.2552,0.6029
KY,21209,Scott County,"Scott County, Kentucky",57286,14.8,737,3.4,2029,9.4,0.0544,0.5501,0.4018,0.2552,0.1572
KY,21211,Shelby County,"Shelby County, Kentucky",48105,17.0,413,2.3,1604,9.1,0.2564,0.3789,0.5383,0.3007,0.2892
KY,21213,Simpson County,"Simpson County, Kentucky",19574,20.6,228,3.0,1172,15.6,0.4779,0.0372,0.4314,0.2205,0.2259
KY,21215,Spencer County,"Spencer County, Kentucky",19549,15.5,187,2.7,725,10.5,0.1448,0.069,0.1276,0.0347,0.0356
KY,21217,Taylor County,"Taylor County, Kentucky",26056,23.8,656,6.7,1400,14.2,0.2911,0.5654,0.3086,0.3789,0.3395
KY,21219,Todd County,"Todd County, Kentucky",12281,29.5,415,9.3,1403,31.3,0.7572,0.7455,0.4273,0.8533,0.7986
KY,21221,Trigg County,"Trigg County, Kentucky",14154,28.3,410,7.0,1449,24.9,0.685,0.7846,0.377,0.5352,0.6672
KY,21223,Trimble County,"Trimble County, Kentucky",8510,21.5,173,5.3,840,25.7,0.419,0.3805,0.2062,0.4232,0.3633
KY,21225,Union County,"Union County, Kentucky",13495,26.5,260,5.1,754,14.9,0.2794,0.1829,0.3649,0.3468,0.2424
KY,21227,Warren County,"Warren County, Kentucky",135307,26.8,3511,6.7,5081,9.7,0.6265,0.6029,0.5819,0.9415,0.7731
KY,21229,Washington County,"Washington County, Kentucky",12025,21.7,314,6.8,1106,23.9,0.3735,0.6373,0.3592,0.3818,0.4184
KY,21231,Wayne County,"Wayne County, Kentucky",19666,40.8,470,6.0,1798,22.8,0.7941,0.9255,0.1696,0.3128,0.6812
KY,21233,Webster County,"Webster County, Kentucky",12951,28.2,256,5.3,1002,20.8,0.5317,0.9704,0.3484,0.5702,0.706
KY,21235,Whitley County,"Whitley County, Kentucky",36648,38.6,1121,8.6,2812,21.5,0.8918,0.5027,0.0407,0.9831,0.8365
KY,21237,Wolfe County,"Wolfe County, Kentucky",6573,54.9,409,16.3,687,27.4,0.902,0.4728,0.0006,0.8995,0.776
KY,21239,Woodford County,"Woodford County, Kentucky",26886,15.5,385,3.7,1158,11.0,0.1085,0.6659,0.4085,0.1378,0.1801
LA,22001,Acadia Parish,"Acadia Parish, Louisiana",57674,35.9,1976,9.2,4556,21.3,0.8867,0.8781,0.5759,0.7935,0.8832
LA,22003,Allen Parish,"Allen Parish, Louisiana",22798,28.8,623,8.2,1841,24.1,0.7525,0.9354,0.6647,0.944,0.903
LA,22005,Ascension Parish,"Ascension Parish, Louisiana",126973,16.1,1718,3.7,4436,9.6,0.2259,0.6717,0.7105,0.3274,0.384
LA,22007,Assumption Parish,"Assumption Parish, Louisiana",21067,29.7,757,9.0,2039,24.4,0.7719,0.5854,0.7226,0.5635,0.7296
LA,22009,Avoyelles Parish,"Avoyelles Parish, Louisiana",39529,41.4,1439,9.9,3748,25.7,0.9545,0.9383,0.7299,0.9084,0.9682
LA,22011,Beauregard Parish,"Beauregard Parish, Louisiana",36553,22.0,740,5.4,1604,11.8,0.4744,0.5377,0.5415,0.6131,0.5498
LA,22013,Bienville Parish,"Bienville Parish, Louisiana",12958,46.9,696,12.9,1892,35.2,0.8944,0.9612,0.8492,0.9695,0.9755
LA,22015,Bossier Parish,"Bossier Parish, Louisiana",128877,25.8,2967,6.1,11208,23.0,0.721,0.7381,0.7359,0.7019,0.7773
LA,22017,Caddo Parish,"Caddo Parish, Louisiana",236259,33.4,9764,10.3,19279,20.4,0.9033,0.8202,0.9017,0.8963,0.9329
LA,22019,Calcasieu Parish,"Calcasieu Parish, Louisiana",210770,25.9,4767,6.2,12879,16.8,0.616,0.5673,0.7105,0.7693,0.7149
LA,22021,Caldwell Parish,"Caldwell Parish, Louisiana",9658,39.0,321,9.1,993,28.2,0.8568,0.6777,0.5775,0.986,0.9052
LA,22023,Cameron Parish,"Cameron Parish, Louisiana",5447,30.0,33,1.5,341,15.7,0.2644,0.5415,0.377,0.2899,0.2984
LA,22025,Catahoula Parish,"Catahoula Parish, Louisiana",8895,32.8,312,10.3,803,26.5,0.8374,0.2911,0.7121,0.9876,0.8581
LA,22027,Claiborne Parish,"Claiborne Parish, Louisiana",14203,48.9,643,12.7,2659,52.5,0.7636,0.2876,0.8899,0.9395,0.8069
LA,22029,Concordia Parish,"Concordia Parish, Louisiana",18677,45.9,741,11.8,1725,27.4,0.9561,0.9924,0.8088,0.9577,0.9949
LA,22031,De Soto Parish,"De Soto Parish, Louisiana",26821,31.1,932,9.1,2301,22.5,0.7397,0.8988,0.7929,0.5784,0.8101
LA,22033,East Baton Rouge Parish,"East Baton Rouge Parish, Louisiana",454369,27.2,13416,7.7,18823,10.8,0.7903,0.6347,0.9017,0.8546,0.846
LA,22035,East Carroll Parish,"East Carroll Parish, Louisiana",7371,57.0,289,12.1,878,36.9,0.9469,0.4897,0.9672,0.7496,0.8781
LA,22037,East Feliciana Parish,"East Feliciana Parish, Louisiana",19452,22.2,548,8.3,1646,24.9,0.4741,0.056,0.8403,0.9609,0.5937
LA,22039,Evangeline Parish,"Evangeline Parish, Louisiana",32335,43.1,1350,11.1,2897,23.9,0.9841,0.9955,0.7261,0.9895,0.999
LA,22041,Franklin Parish,"Franklin Parish, Louisiana",19752,41.7,383,5.2,2638,36.1,0.9122,0.7525,0.7178,0.4337,0.8053
LA,22043,Grant Parish,"Grant Parish, Louisiana",22185,27.3,504,7.5,1547,23.0,0.6163,0.5908,0.6045,0.8231,0.7219
LA,22045,Iberia Parish,"Iberia Parish, Louisiana",69958,33.4,3092,11.5,4185,15.5,0.8409,0.9351,0.8059,0.9115,0.936
LA,22047,Iberville Parish,"Iberville Parish, Louisiana",30210,26.3,840,7.6,2063,18.7,0.7308,0.7222,0.8842,0.8953,0.8501
LA,22049,Jackson Parish,"Jackson Parish, Louisiana",15093,37.0,582,10.7,1455,26.6,0.6192,0.9173,0.7003,0.8524,0.8301
LA,22051,Jefferson Parish,"Jefferson Parish, Louisiana",436171,24.5,12663,7.2,25341,14.4,0.8288,0.8559,0.8673,0.5148,0.8295
LA,22053,Jefferson Davis Parish,"Jefferson Davis Parish, Louisiana",32277,26.8,669,5.7,2632,22.5,0.5113,0.7079,0.5759,0.4203,0.5549
LA,22055,Lafayette Parish,"Lafayette Parish, Louisiana",243175,25.3,6339,6.5,9976,10.2,0.6344,0.5205,0.7321,0.8285,0.735
LA,22057,Lafourche Parish,"Lafourche Parish, Louisiana",97220,27.6,2923,7.9,6394,17.4,0.6815,0.5609,0.5915,0.8384,0.7416
LA,22059,LaSalle Parish,"LaSalle Parish, Louisiana",14764,23.6,221,4.7,607,13.0,0.3274,0.4547,0.5326,0.6456,0.4648
LA,22061,Lincoln Parish,"Lincoln Parish, Louisiana",48323,42.4,1560,8.6,3216,17.8,0.7544,0.1712,0.8524,0.9507,0.7786
LA,22063,Livingston Parish,"Livingston Parish, Louisiana",143425,20.0,2063,4.1,5347,10.7,0.3344,0.6933,0.4378,0.5135,0.4709
LA,22065,Madison Parish,"Madison Parish, Louisiana",10028,51.8,412,13.3,1090,35.3,0.9663,0.964,0.9459,1.0,1.0
LA,22067,Morehouse Parish,"Morehouse Parish, Louisiana",25438,42.7,979,10.3,3042,32.1,0.9488,0.7601,0.8804,0.9354,0.9558
LA,22069,Natchitoches Parish,"Natchitoches Parish, Louisiana",37478,38.4,1111,8.0,3659,26.4,0.9017,0.4668,0.8661,0.9924,0.9281
LA,22071,Orleans Parish,"Orleans Parish, Louisiana",380408,33.9,27134,17.4,28588,18.4,0.9115,0.3595,0.9567,0.7381,0.8381
LA,22073,Ouachita Parish,"Ouachita Parish, Louisiana",159585,33.8,5242,8.8,11801,19.8,0.882,0.5682,0.8116,0.9303,0.8845
LA,22075,Plaquemines Parish,"Plaquemines Parish, Louisiana",23305,23.1,435,5.3,983,12.0,0.4092,0.7197,0.7626,0.7451,0.651
LA,22077,Pointe Coupee Parish,"Pointe Coupee Parish, Louisiana",20652,29.1,463,5.6,1655,20.2,0.8428,0.7521,0.7859,0.2138,0.7127
LA,22079,Rapides Parish,"Rapides Parish, Louisiana",129536,28.7,4637,9.6,7466,15.4,0.7744,0.9189,0.776,0.922,0.9071
LA,22081,Red River Parish,"Red River Parish, Louisiana",7631,37.2,142,4.8,723,24.6,0.6742,0.7929,0.8225,0.3105,0.6662
LA,22083,Richland Parish,"Richland Parish, Louisiana",20028,40.1,451,6.2,2773,38.0,0.8737,0.5097,0.7751,0.9058,0.8632
LA,22085,Sabine Parish,"Sabine Parish, Louisiana",22209,36.6,711,8.5,2323,27.9,0.8724,0.973,0.7121,0.5673,0.8848
LA,22087,St. Bernard Parish,"St. Bernard Parish, Louisiana",44038,32.6,1132,7.2,2658,16.9,0.9392,0.9516,0.7859,0.5173,0.9026
LA,22089,St. Charles Parish,"St. Charles Parish, Louisiana",52191,17.3,620,3.3,1666,9.0,0.3624,0.8244,0.7308,0.161,0.4451
LA,22091,St. Helena Parish,"St. Helena Parish, Louisiana",10872,36.7,431,10.8,1361,34.0,0.8021,0.9812,0.8953,0.8746,0.9478
LA,22093,St. James Parish,"St. James Parish, Louisiana",20090,22.5,633,8.4,1358,18.1,0.2189,0.2956,0.8762,0.2164,0.2701
LA,22095,St. John the Baptist Parish,"St. John the Baptist Parish, Louisiana",41986,26.2,617,4.1,2053,13.5,0.7556,0.8209,0.9567,0.2284,0.7152
LA,22097,St. Landry Parish,"St. Landry Parish, Louisiana",82574,40.3,2988,9.7,9557,30.9,0.9453,0.7531,0.8482,0.8505,0.9262
LA,22099,St. Martin Parish,"St. Martin Parish, Louisiana",51856,28.1,1577,7.9,3758,18.9,0.7219,0.6612,0.7321,0.5078,0.7041
LA,22101,St. Mary Parish,"St. Mary Parish, Louisiana",49114,33.7,2076,11.1,2893,15.5,0.8425,0.9469,0.8212,0.7719,0.9109
LA,22103,St. Tammany Parish,"St. Tammany Parish, Louisiana",266168,19.8,3876,3.8,8593,8.5,0.4537,0.8648,0.5953,0.1699,0.4868
LA,22105,Tangipahoa Parish,"Tangipahoa Parish, Louisiana",133953,30.1,2864,5.9,7405,15.2,0.7992,0.8963,0.7626,0.7397,0.8651
LA,22107,Tensas Parish,"Tensas Parish, Louisiana",4127,45.4,139,8.7,681,42.7,0.9497,0.3471,0.9122,0.7111,0.8454
LA,22109,Terrebonne Parish,"Terrebonne Parish, Louisiana",108862,24.3,3294,7.9,6236,15.0,0.6452,0.7607,0.7156,0.8075,0.7821
LA,22111,Union Parish,"Union Parish, Louisiana",21049,35.9,522,6.4,2883,35.3,0.798,0.8711,0.6742,0.8451,0.8724
LA,22113,Vermilion Parish,"Vermilion Parish, Louisiana",57202,30.7,1975,9.1,2482,11.4,0.7006,0.8915,0.5711,0.6923,0.7875
LA,22115,Vernon Parish,"Vernon Parish, Louisiana",48452,29.0,1425,8.0,2497,14.1,0.7343,0.8412,0.6685,0.8088,0.832
LA,22117,Washington Parish,"Washington Parish, Louisiana",45514,37.6,1730,10.1,5113,29.8,0.9383,0.9771,0.7308,0.9526,0.9822
LA,22119,Webster Parish,"Webster Parish, Louisiana",36761,44.7,1289,8.7,5985,40.4,0.8476,0.7047,0.7617,0.8966,0.8775
LA,22121,West Baton Rouge Parish,"West Baton Rouge Parish, Louisiana",27377,22.0,541,5.4,1179,11.7,0.4811,0.2704,0.8403,0.8721,0.6341
LA,22123,West Carroll Parish,"West Carroll Parish, Louisiana",9800,34.6,135,3.6,1475,39.0,0.6093,0.8241,0.5383,0.4149,0.6325
LA,22125,West Feliciana Parish,"West Feliciana Parish, Louisiana",15358,18.3,149,3.9,812,21.2,0.4531,0.0722,0.8591,0.6729,0.4668
LA,22127,Winn Parish,"Winn Parish, Louisiana",13665,31.9,461,9.4,1138,23.3,0.5886,0.797,0.7245,0.7235,0.7401
ME,23001,Androscoggin County,"Androscoggin County, Maine",111532,21.5,4130,9.0,5780,12.6,0.4725,0.5173,0.3166,0.8715,0.6007
ME,23003,Aroostook County,"Aroostook County, Maine",67237,25.3,2510,8.6,6405,21.9,0.636,0.6771,0.1409,0.7677,0.6545
ME,23005,Cumberland County,"Cumberland County, Maine",303357,12.2,8988,7.0,11498,9.0,0.1063,0.0401,0.3563,0.5721,0.1413
ME,23007,Franklin County,"Franklin County, Maine",29839,22.3,1126,9.2,2133,17.4,0.3993,0.315,0.0821,0.8215,0.4569
ME,23009,Hancock County,"Hancock County, Maine",55851,18.9,1374,5.6,2971,12.0,0.3608,0.0891,0.119,0.3955,0.2183
ME,23011,Kennebec County,"Kennebec County, Maine",124003,20.5,3926,7.3,6378,11.9,0.2946,0.2934,0.1276,0.7082,0.357
ME,23013,Knox County,"Knox County, Maine",40729,18.1,1028,5.8,1908,10.7,0.2759,0.0834,0.0757,0.3777,0.1724
ME,23015,Lincoln County,"Lincoln County, Maine",35466,16.5,850,5.4,2285,14.4,0.2065,0.132,0.1457,0.1578,0.1094
ME,23017,Oxford County,"Oxford County, Maine",58276,24.8,1300,5.6,3857,16.6,0.6465,0.0942,0.1276,0.3595,0.3452
ME,23019,Penobscot County,"Penobscot County, Maine",152640,21.9,5200,8.2,8522,13.4,0.398,0.1365,0.1928,0.8699,0.4416
ME,23021,Piscataquis County,"Piscataquis County, Maine",16936,24.7,470,6.1,1433,18.7,0.5749,0.4524,0.1654,0.4963,0.4804
ME,23023,Sagadahoc County,"Sagadahoc County, Maine",36868,16.6,939,5.8,1289,8.0,0.2972,0.0519,0.1276,0.1273,0.1015
ME,23025,Somerset County,"Somerset County, Maine",50656,28.7,1378,6.2,3563,16.1,0.5361,0.1228,0.0544,0.3856,0.3
ME,23027,Waldo County,"Waldo County, Maine",39772,20.7,1000,5.8,2087,12.1,0.4578,0.2647,0.1339,0.2908,0.2902
ME,23029,Washington County,"Washington County, Maine",31096,27.0,1012,7.4,2494,18.4,0.7751,0.6147,0.3563,0.5498,0.6694
ME,23031,York County,"York County, Maine",212691,13.5,4636,5.2,8470,9.5,0.1626,0.1174,0.2214,0.2879,0.1304
MD,24001,Allegany County,"Allegany County, Maryland",68161,26.4,2625,9.6,4803,17.5,0.532,0.3917,0.3847,0.7302,0.5552
MD,24003,Anne Arundel County,"Anne Arundel County, Maryland",588109,9.7,8326,3.8,12376,5.6,0.0773,0.2027,0.7286,0.2962,0.1639
MD,24005,Baltimore County,"Baltimore County, Maryland",850737,16.1,25774,7.8,32889,10.0,0.3653,0.5103,0.8428,0.6748,0.5571
MD,24009,Calvert County,"Calvert County, Maryland",93244,7.8,1024,3.1,2698,8.1,0.0095,0.0261,0.5978,0.0159,0.0057
MD,24011,Caroline County,"Caroline County, Maryland",33320,26.6,737,6.1,1699,14.1,0.7318,0.868,0.6277,0.5218,0.7579
MD,24013,Carroll County,"Carroll County, Maryland",173225,8.9,2548,4.0,6027,9.5,0.0153,0.0662,0.3824,0.1285,0.0277
MD,24015,Cecil County,"Cecil County, Maryland",103876,17.6,2062,5.2,4064,10.3,0.2991,0.2539,0.4839,0.4661,0.322
MD,24017,Charles County,"Charles County, Maryland",167035,10.1,1976,3.3,5078,8.6,0.0951,0.3894,0.9424,0.1028,0.174
MD,24019,Dorchester County,"Dorchester County, Maryland",32557,25.6,1319,10.0,1867,14.1,0.6809,0.9513,0.7655,0.4766,0.7824
MD,24021,Frederick County,"Frederick County, Maryland",273829,9.6,3861,3.9,8037,8.0,0.063,0.2504,0.6726,0.1763,0.1234
MD,24023,Garrett County,"Garrett County, Maryland",28856,20.1,915,7.4,2106,16.9,0.2389,0.448,0.0299,0.4356,0.2564
MD,24025,Harford County,"Harford County, Maryland",261059,11.9,3918,4.0,7098,7.2,0.0531,0.1355,0.6233,0.1397,0.0789
MD,24027,Howard County,"Howard County, Maryland",332011,8.7,4760,4.0,4934,4.1,0.027,0.4769,0.8785,0.1689,0.1483
MD,24029,Kent County,"Kent County, Maryland",19289,17.6,543,6.5,1685,20.1,0.3003,0.5931,0.5778,0.4674,0.4353
MD,24031,Montgomery County,"Montgomery County, Maryland",1056910,12.0,30292,7.9,19852,5.2,0.2711,0.4388,0.9122,0.623,0.4893
MD,24033,Prince George's County,"Prince George's County, Maryland",957189,14.9,31746,9.3,26970,7.9,0.7159,0.5116,0.9914,0.8676,0.8161
MD,24035,Queen Anne's County,"Queen Anne's County, Maryland",50316,11.2,604,3.1,2595,13.4,0.1215,0.112,0.4496,0.0188,0.043
MD,24037,St. Mary's County,"St. Mary's County, Maryland",113814,12.5,1845,4.5,4005,9.7,0.0945,0.4057,0.6449,0.4244,0.2466
MD,24039,Somerset County,"Somerset County, Maryland",24672,29.5,624,7.5,1567,18.8,0.797,0.4639,0.861,0.987,0.8794
MD,24041,Talbot County,"Talbot County, Maryland",37663,16.4,1175,7.2,1912,11.8,0.1852,0.7935,0.5854,0.2316,0.3338
MD,24043,Washington County,"Washington County, Maryland",154645,20.1,4689,7.9,8339,14.1,0.4788,0.5867,0.5867,0.7846,0.6325
MD,24045,Wicomico County,"Wicomico County, Maryland",103815,23.0,2938,7.4,5341,13.4,0.7178,0.5829,0.7735,0.8438,0.7916
MD,24047,Worcester County,"Worcester County, Maryland",52827,15.0,1303,5.6,2663,11.4,0.3933,0.3697,0.5437,0.4798,0.4305
MD,24510,Baltimore City,"Baltimore city, Maryland",584548,29.4,65398,26.5,46494,18.8,0.811,0.6169,0.9698,0.8466,0.8565
MA,25001,Barnstable County,"Barnstable County, Massachusetts",229436,12.0,4968,5.0,6992,7.0,0.1537,0.3003,0.3917,0.1107,0.1279
MA,25003,Berkshire County,"Berkshire County, Massachusetts",128763,18.4,5275,9.4,6744,12.0,0.3242,0.4311,0.3939,0.6061,0.4235
MA,25005,Bristol County,"Bristol County, Massachusetts",576699,18.1,22005,9.6,29811,13.0,0.5148,0.6332,0.5558,0.699,0.6227
MA,25007,Dukes County,"Dukes County, Massachusetts",20543,12.8,269,3.9,740,10.7,0.3821,0.2704,0.5094,0.0064,0.133
MA,25009,Essex County,"Essex County, Massachusetts",806103,16.1,30809,9.9,29927,9.7,0.3869,0.5584,0.7038,0.8024,0.6055
MA,25011,Franklin County,"Franklin County, Massachusetts",70980,19.8,2290,7.3,3613,11.6,0.3742,0.5619,0.3248,0.5037,0.4375
MA,25013,Hampden County,"Hampden County, Massachusetts",464575,24.0,22462,12.2,26187,14.3,0.6637,0.8638,0.7798,0.776,0.8177
MA,25015,Hampshire County,"Hampshire County, Massachusetts",153931,16.4,4518,7.4,5819,9.5,0.2463,0.0582,0.4763,0.664,0.2708
MA,25017,Middlesex County,"Middlesex County, Massachusetts",1623109,11.6,66004,10.5,40929,6.5,0.1219,0.062,0.6885,0.8282,0.2854
MA,25019,Nantucket County,"Nantucket County, Massachusetts",14065,10.6,188,4.0,337,7.2,0.1728,0.0442,0.6548,0.1199,0.1031
MA,25021,Norfolk County,"Norfolk County, Massachusetts",722112,10.4,25493,9.1,18137,6.5,0.1378,0.126,0.6487,0.741,0.2959
MA,25023,Plymouth County,"Plymouth County, Massachusetts",529548,11.0,12584,6.3,17773,8.9,0.1992,0.3605,0.5597,0.4715,0.3064
MA,25025,Suffolk County,"Suffolk County, Massachusetts",785443,24.6,101613,31.8,34311,10.7,0.6853,0.1982,0.8988,0.978,0.7849
MA,25027,Worcester County,"Worcester County, Massachusetts",858898,15.8,28598,8.7,30373,9.2,0.3373,0.406,0.6268,0.7423,0.51
MI,26001,Alcona County,"Alcona County, Michigan",10238,23.9,168,3.5,966,20.0,0.4203,0.2234,0.1094,0.0274,0.1298
MI,26003,Alger County,"Alger County, Michigan",8866,18.9,193,5.9,532,16.2,0.209,0.1075,0.4948,0.6866,0.2908
MI,26005,Allegan County,"Allegan County, Michigan",120189,17.6,1365,3.1,5013,11.2,0.1225,0.3694,0.3977,0.2278,0.1677
MI,26007,Alpena County,"Alpena County, Michigan",28911,28.0,1145,9.0,2222,17.5,0.4951,0.4617,0.0881,0.4563,0.4165
MI,26009,Antrim County,"Antrim County, Michigan",23662,16.8,387,3.6,1469,13.7,0.1479,0.0904,0.1339,0.0977,0.0566
MI,26011,Arenac County,"Arenac County, Michigan",15031,23.5,464,7.3,1029,16.2,0.4696,0.5052,0.1276,0.3306,0.377
MI,26013,Baraga County,"Baraga County, Michigan",8245,24.6,255,7.9,618,19.1,0.2975,0.202,0.6402,0.7006,0.4178
MI,26015,Barry County,"Barry County, Michigan",62581,14.8,823,3.4,3892,16.0,0.1604,0.1206,0.1753,0.0865,0.0668
MI,26017,Bay County,"Bay County, Michigan",103752,22.2,3090,6.9,5483,12.2,0.371,0.3048,0.3248,0.2978,0.294
MI,26019,Benzie County,"Benzie County, Michigan",18058,17.9,209,2.9,669,9.3,0.2456,0.0547,0.1861,0.1056,0.0818
MI,26021,Berrien County,"Berrien County, Michigan",153938,25.8,4976,7.8,10777,17.0,0.6179,0.5743,0.6223,0.5737,0.6338
MI,26023,Branch County,"Branch County, Michigan",44795,25.3,1073,6.4,2801,16.7,0.5883,0.6949,0.3248,0.8921,0.7181
MI,26025,Calhoun County,"Calhoun County, Michigan",134011,24.2,3905,7.4,6801,12.8,0.5982,0.678,0.5867,0.6888,0.6815
MI,26027,Cass County,"Cass County, Michigan",51604,20.0,852,4.1,2698,13.0,0.3554,0.2097,0.4356,0.1324,0.2122
MI,26029,Charlevoix County,"Charlevoix County, Michigan",26174,16.2,678,5.5,1602,13.1,0.1759,0.2542,0.1753,0.2418,0.1518
MI,26031,Cheboygan County,"Cheboygan County, Michigan",25709,23.1,496,4.7,1691,15.9,0.4995,0.2281,0.2781,0.139,0.2599
MI,26033,Chippewa County,"Chippewa County, Michigan",36670,25.8,1055,7.7,1911,13.9,0.5574,0.1769,0.6971,0.9112,0.6373
MI,26035,Clare County,"Clare County, Michigan",30998,31.9,936,7.8,2454,20.6,0.9068,0.5527,0.1094,0.5339,0.693
MI,26037,Clinton County,"Clinton County, Michigan",79249,15.3,793,2.6,3349,10.8,0.0554,0.1136,0.3388,0.0802,0.0414
MI,26039,Crawford County,"Crawford County, Michigan",13197,25.0,420,7.2,651,11.2,0.5157,0.4276,0.182,0.2739,0.3707
MI,26041,Delta County,"Delta County, Michigan",36839,22.5,1405,8.9,2553,16.1,0.3506,0.2402,0.2536,0.5463,0.335
MI,26043,Dickinson County,"Dickinson County, Michigan",25937,18.4,793,6.9,1660,14.4,0.0576,0.1798,0.1225,0.3589,0.0945
MI,26045,Eaton County,"Eaton County, Michigan",109072,13.9,1935,4.3,4884,10.9,0.1244,0.265,0.503,0.2886,0.1782
MI,26047,Emmet County,"Emmet County, Michigan",34072,15.8,765,5.3,1535,10.6,0.1406,0.0706,0.3118,0.2994,0.1149
MI,26049,Genesee County,"Genesee County, Michigan",405280,25.7,13130,7.9,23161,13.9,0.6424,0.7369,0.6513,0.4683,0.6573
MI,26051,Gladwin County,"Gladwin County, Michigan",25461,26.2,735,6.8,1899,17.5,0.7133,0.4349,0.0821,0.4687,0.5202
MI,26053,Gogebic County,"Gogebic County, Michigan",14597,26.8,576,8.3,1230,17.7,0.3178,0.1686,0.2587,0.3506,0.2418
MI,26055,Grand Traverse County,"Grand Traverse County, Michigan",95315,16.7,2221,5.8,3928,10.2,0.1737,0.0856,0.2214,0.6227,0.2033
MI,26057,Gratiot County,"Gratiot County, Michigan",41534,23.7,759,5.2,2473,16.8,0.3509,0.1839,0.4356,0.7251,0.4171
MI,26059,Hillsdale County,"Hillsdale County, Michigan",45698,26.6,1075,6.1,3104,17.6,0.4703,0.322,0.1225,0.7751,0.483
MI,26061,Houghton County,"Houghton County, Michigan",37414,28.0,1294,9.1,2123,15.0,0.5259,0.0216,0.2444,0.8778,0.4213
MI,26063,Huron County,"Huron County, Michigan",31461,22.9,839,6.2,2876,21.1,0.3703,0.2227,0.0757,0.2014,0.2046
MI,26065,Ingham County,"Ingham County, Michigan",282540,24.9,10536,9.1,13563,11.7,0.5326,0.1282,0.6911,0.8543,0.5759
MI,26067,Ionia County,"Ionia County, Michigan",66663,17.9,1207,5.3,3208,14.1,0.294,0.0786,0.4085,0.7378,0.3296
MI,26069,Iosco County,"Iosco County, Michigan",25319,28.4,866,7.5,2069,17.9,0.6682,0.3987,0.1985,0.2444,0.4362
MI,26071,Iron County,"Iron County, Michigan",11585,24.0,399,7.7,1165,22.4,0.3493,0.4308,0.1457,0.4213,0.3239
MI,26073,Isabella County,"Isabella County, Michigan",64938,34.3,1739,7.0,4520,18.2,0.7881,0.0153,0.4445,0.8883,0.5711
MI,26075,Jackson County,"Jackson County, Michigan",160637,20.7,4374,7.0,6953,11.2,0.4279,0.3535,0.4725,0.706,0.5014
MI,26077,Kalamazoo County,"Kalamazoo County, Michigan",261426,21.5,7162,6.8,11321,10.7,0.4098,0.1486,0.5927,0.6109,0.4257
MI,26079,Kalkaska County,"Kalkaska County, Michigan",17934,25.9,388,5.3,1197,16.2,0.5332,0.1966,0.1861,0.2561,0.3035
MI,26081,Kent County,"Kent County, Michigan",657321,18.1,16938,6.7,25377,10.0,0.2587,0.4674,0.6437,0.6239,0.4464
MI,26083,Keweenaw County,"Keweenaw County, Michigan",2088,15.1,23,2.2,186,17.5,0.1098,0.0929,0.0229,0.0029,0.0076
MI,26085,Lake County,"Lake County, Michigan",12285,34.8,422,9.3,1147,25.2,0.9259,0.3118,0.5119,0.5342,0.721
MI,26087,Lapeer County,"Lapeer County, Michigan",88687,17.2,1474,4.3,4380,12.8,0.2507,0.2644,0.2733,0.2571,0.2065
MI,26089,Leelanau County,"Leelanau County, Michigan",22426,12.2,367,4.0,841,9.1,0.0328,0.0687,0.3016,0.0229,0.0118
MI,26091,Lenawee County,"Lenawee County, Michigan",99263,19.5,1997,5.2,5328,13.8,0.4171,0.3662,0.4165,0.5441,0.4403
MI,26093,Livingston County,"Livingston County, Michigan",194302,9.0,2211,3.0,6077,8.1,0.0318,0.0162,0.1339,0.049,0.0041
MI,26095,Luce County,"Luce County, Michigan",5442,29.1,116,5.6,407,19.7,0.5005,0.5698,0.5218,0.5037,0.5313
MI,26097,Mackinac County,"Mackinac County, Michigan",10843,25.5,634,12.1,966,18.5,0.6029,0.448,0.6437,0.6465,0.6211
MI,26099,Macomb County,"Macomb County, Michigan",878453,16.9,20650,5.8,30914,8.7,0.4127,0.4095,0.5867,0.3353,0.4079
MI,26101,Manistee County,"Manistee County, Michigan",25058,19.9,495,5.0,1627,16.4,0.3961,0.2724,0.3592,0.4438,0.3583
MI,26103,Marquette County,"Marquette County, Michigan",66376,22.0,1641,6.0,4430,16.2,0.3277,0.0353,0.2323,0.5571,0.2291
MI,26105,Mason County,"Mason County, Michigan",29178,23.0,840,6.8,2125,17.3,0.3598,0.3032,0.2816,0.5756,0.3812
MI,26107,Mecosta County,"Mecosta County, Michigan",40128,28.1,1002,6.2,3404,21.1,0.6141,0.2418,0.2816,0.9122,0.6102
MI,26109,Menominee County,"Menominee County, Michigan",23433,19.8,681,6.8,1887,18.9,0.181,0.1565,0.2062,0.3194,0.1553
MI,26111,Midland County,"Midland County, Michigan",83503,17.4,1987,5.8,4386,12.8,0.1473,0.1257,0.2854,0.4413,0.1683
MI,26113,Missaukee County,"Missaukee County, Michigan",15089,22.5,225,3.9,935,16.1,0.6246,0.5663,0.2062,0.2991,0.4757
MI,26115,Monroe County,"Monroe County, Michigan",154823,17.5,3230,5.2,8496,13.7,0.2771,0.1066,0.2914,0.2046,0.1588
MI,26117,Montcalm County,"Montcalm County, Michigan",66901,21.9,1442,6.0,4447,18.5,0.4722,0.1833,0.335,0.7273,0.4607
MI,26119,Montmorency County,"Montmorency County, Michigan",9261,29.2,346,7.4,901,19.3,0.7518,0.3977,0.0627,0.1957,0.4311
MI,26121,Muskegon County,"Muskegon County, Michigan",175947,24.0,4721,7.1,10092,15.2,0.5091,0.4798,0.6029,0.7945,0.63
MI,26123,Newaygo County,"Newaygo County, Michigan",50130,25.1,847,4.4,3700,19.4,0.5367,0.6974,0.3322,0.4868,0.5463
MI,26125,Oakland County,"Oakland County, Michigan",1272264,12.4,28610,5.5,38203,7.3,0.1298,0.1225,0.6656,0.2119,0.1435
MI,26127,Oceana County,"Oceana County, Michigan",26707,26.0,480,4.8,2105,21.2,0.5212,0.7051,0.5218,0.6443,0.6252
MI,26129,Ogemaw County,"Ogemaw County, Michigan",20820,27.9,515,5.7,1572,17.3,0.6503,0.4919,0.1152,0.3681,0.4766
MI,26131,Ontonagon County,"Ontonagon County, Michigan",5862,24.8,141,4.9,486,16.9,0.2899,0.2033,0.1037,0.0939,0.1269
MI,26133,Osceola County,"Osceola County, Michigan",23022,25.5,611,6.9,1753,19.7,0.6608,0.6115,0.182,0.5924,0.5924
MI,26135,Oscoda County,"Oscoda County, Michigan",8264,27.5,252,7.2,847,24.2,0.8801,0.5482,0.0932,0.2778,0.5797
MI,26137,Otsego County,"Otsego County, Michigan",25221,20.1,637,5.9,1023,9.5,0.3322,0.5692,0.0983,0.2339,0.2759
MI,26139,Ottawa County,"Ottawa County, Michigan",296183,13.2,4246,3.9,10145,9.4,0.0544,0.119,0.4814,0.4801,0.1371
MI,26141,Presque Isle County,"Presque Isle County, Michigan",13083,23.6,347,5.7,1097,18.0,0.356,0.3083,0.0579,0.1534,0.1957
MI,26143,Roscommon County,"Roscommon County, Michigan",23556,26.7,900,7.9,1515,13.3,0.5129,0.5065,0.1696,0.2781,0.3898
MI,26145,Saginaw County,"Saginaw County, Michigan",189821,27.8,6228,8.0,10599,13.6,0.601,0.6774,0.6885,0.6013,0.6707
MI,26147,St. Clair County,"St. Clair County, Michigan",160257,20.0,3706,5.6,7466,11.3,0.4302,0.3707,0.2781,0.1985,0.2914
MI,26149,St. Joseph County,"St. Joseph County, Michigan",60887,21.4,1931,8.2,3458,14.7,0.5667,0.763,0.4248,0.4712,0.5905
MI,26151,Sanilac County,"Sanilac County, Michigan",40759,25.2,1032,6.0,3207,18.5,0.5577,0.5017,0.1508,0.4397,0.4613
MI,26153,Schoolcraft County,"Schoolcraft County, Michigan",8062,28.1,279,7.4,561,14.8,0.7016,0.6265,0.434,0.2762,0.552
MI,26155,Shiawassee County,"Shiawassee County, Michigan",68124,19.7,1628,5.8,4198,15.0,0.2224,0.1709,0.1339,0.2383,0.1489
MI,26157,Tuscola County,"Tuscola County, Michigan",53218,22.7,1119,5.2,4217,19.6,0.3786,0.2555,0.2109,0.3544,0.2841
MI,26159,Van Buren County,"Van Buren County, Michigan",75636,23.5,1620,5.5,3812,12.9,0.5593,0.7413,0.5326,0.6281,0.6494
MI,26161,Washtenaw County,"Washtenaw County, Michigan",370231,19.5,12012,8.1,10203,6.9,0.2571,0.0232,0.6847,0.8056,0.3223
MI,26163,Wayne County,"Wayne County, Michigan",1781641,29.7,83077,12.1,97393,14.1,0.8234,0.881,0.8769,0.6367,0.861
MI,26165,Wexford County,"Wexford County, Michigan",33766,25.0,710,5.4,1949,14.8,0.5355,0.5581,0.2109,0.5288,0.5056
MN,27001,Aitkin County,"Aitkin County, Minnesota",15859,21.0,352,5.2,1236,18.2,0.4464,0.2698,0.1508,0.2755,0.2838
MN,27003,Anoka County,"Anoka County, Minnesota",363985,11.4,6374,4.7,9427,7.0,0.0837,0.3303,0.5654,0.3178,0.1807
MN,27005,Becker County,"Becker County, Minnesota",35202,20.5,724,5.1,1888,13.4,0.2615,0.4451,0.4165,0.5616,0.3808
MN,27007,Beltrami County,"Beltrami County, Minnesota",46274,27.1,1229,6.9,2332,13.0,0.5768,0.4572,0.6548,0.9647,0.755
MN,27009,Benton County,"Benton County, Minnesota",41300,16.5,865,5.3,1709,10.5,0.1362,0.4136,0.3748,0.8301,0.3719
MN,27011,Big Stone County,"Big Stone County, Minnesota",5161,18.3,106,4.7,288,12.8,0.0592,0.1855,0.0474,0.3567,0.0881
MN,27013,Blue Earth County,"Blue Earth County, Minnesota",69022,24.7,1897,7.0,2987,11.0,0.2822,0.0433,0.4018,0.9325,0.3831
MN,27015,Brown County,"Brown County, Minnesota",25880,15.8,508,4.6,1583,14.5,0.05,0.237,0.1928,0.413,0.1145
MN,27017,Carlton County,"Carlton County, Minnesota",36362,19.8,659,4.8,2169,15.7,0.21,0.4808,0.3649,0.6386,0.3678
MN,27019,Carver County,"Carver County, Minnesota",107216,6.8,1573,4.0,2596,6.6,0.0048,0.1954,0.3818,0.0862,0.0337
MN,27021,Cass County,"Cass County, Minnesota",30288,22.9,558,4.5,1791,14.3,0.4763,0.2291,0.5202,0.2657,0.3465
MN,27023,Chippewa County,"Chippewa County, Minnesota",12466,22.6,386,7.4,848,16.3,0.5145,0.8024,0.4222,0.6806,0.6452
MN,27025,Chisago County,"Chisago County, Minnesota",56927,11.0,846,4.0,1731,8.3,0.0385,0.0251,0.2323,0.3131,0.0426
MN,27027,Clay County,"Clay County, Minnesota",65307,21.3,2142,8.4,3063,12.0,0.2514,0.2383,0.4314,0.8807,0.4381
MN,27029,Clearwater County,"Clearwater County, Minnesota",8541,20.1,272,8.5,500,15.6,0.7381,0.5552,0.4658,0.9109,0.7779
MN,27031,Cook County,"Cook County, Minnesota",5611,14.5,106,4.0,213,8.0,0.0503,0.1298,0.4378,0.2253,0.084
MN,27033,Cottonwood County,"Cottonwood County, Minnesota",11481,23.1,259,5.6,767,16.6,0.1823,0.9004,0.4613,0.6102,0.4903
MN,27035,Crow Wing County,"Crow Wing County, Minnesota",66558,17.9,1351,4.8,3735,13.3,0.2889,0.2393,0.1152,0.2984,0.2087
MN,27037,Dakota County,"Dakota County, Minnesota",439179,10.0,7540,4.5,11162,6.6,0.0601,0.4123,0.6013,0.2071,0.1492
MN,27039,Dodge County,"Dodge County, Minnesota",20893,8.2,296,3.8,844,10.8,0.0111,0.1839,0.265,0.1543,0.0401
MN,27041,Douglas County,"Douglas County, Minnesota",39081,15.4,938,5.4,2440,14.1,0.0614,0.2886,0.0675,0.3971,0.1174
MN,27043,Faribault County,"Faribault County, Minnesota",13931,21.3,309,5.1,906,15.1,0.1661,0.3742,0.328,0.1734,0.1629
MN,27045,Fillmore County,"Fillmore County, Minnesota",21251,16.2,522,6.2,1346,15.9,0.1584,0.371,0.0579,0.433,0.2004
MN,27047,Freeborn County,"Freeborn County, Minnesota",30857,20.8,816,6.3,2135,16.6,0.3516,0.7203,0.4763,0.524,0.4986
MN,27049,Goodhue County,"Goodhue County, Minnesota",47697,14.2,1291,6.6,2068,10.5,0.1266,0.1196,0.2733,0.4979,0.1645
MN,27051,Grant County,"Grant County, Minnesota",6091,21.2,107,4.2,363,14.3,0.2323,0.4951,0.1339,0.1861,0.1998
MN,27053,Hennepin County,"Hennepin County, Minnesota",1270787,15.5,47132,8.9,44274,8.4,0.1979,0.1979,0.7038,0.8126,0.4108
MN,27055,Houston County,"Houston County, Minnesota",18826,13.1,279,3.5,1043,13.0,0.0235,0.1546,0.0983,0.0716,0.0207
MN,27057,Hubbard County,"Hubbard County, Minnesota",21479,18.6,458,5.2,1252,14.3,0.2358,0.2937,0.2364,0.5297,0.2809
MN,27059,Isanti County,"Isanti County, Minnesota",41257,15.2,508,3.3,1633,10.5,0.2081,0.1199,0.1861,0.0996,0.0913
MN,27061,Itasca County,"Itasca County, Minnesota",45054,18.9,1008,5.6,2696,14.9,0.3465,0.3089,0.314,0.6405,0.4012
MN,27063,Jackson County,"Jackson County, Minnesota",9990,15.6,213,4.9,622,14.2,0.0264,0.3503,0.2485,0.2386,0.0856
MN,27065,Kanabec County,"Kanabec County, Minnesota",16145,20.7,296,4.5,1107,17.0,0.308,0.1304,0.1225,0.5565,0.2612
MN,27067,Kandiyohi County,"Kandiyohi County, Minnesota",43686,20.0,949,5.5,2252,13.1,0.2765,0.7684,0.5667,0.6895,0.5383
MN,27069,Kittson County,"Kittson County, Minnesota",4191,17.1,80,4.6,294,17.1,0.0232,0.1123,0.1037,0.609,0.0958
MN,27071,Koochiching County,"Koochiching County, Minnesota",12072,18.9,394,6.9,854,15.0,0.1989,0.5119,0.2536,0.5323,0.3118
MN,27073,Lac qui Parle County,"Lac qui Parle County, Minnesota",6736,14.3,97,3.4,455,16.0,0.0169,0.4932,0.0932,0.1276,0.0535
MN,27075,Lake County,"Lake County, Minnesota",10915,15.7,218,4.3,645,12.8,0.0741,0.2873,0.0474,0.1934,0.0805
MN,27077,Lake of the Woods County,"Lake of the Woods County, Minnesota",3786,17.2,39,2.4,333,20.4,0.0942,0.0264,0.2265,0.1588,0.0417
MN,27079,Le Sueur County,"Le Sueur County, Minnesota",28795,12.2,320,2.8,1284,11.3,0.069,0.3408,0.2879,0.0786,0.0694
MN,27081,Lincoln County,"Lincoln County, Minnesota",5630,18.2,74,3.0,369,15.2,0.0961,0.3073,0.0675,0.1002,0.069
MN,27083,Lyon County,"Lyon County, Minnesota",25352,19.6,724,7.3,1129,11.4,0.2125,0.7245,0.4913,0.8498,0.5348
MN,27085,McLeod County,"McLeod County, Minnesota",36727,13.3,591,4.0,2050,13.8,0.0875,0.2603,0.3086,0.2087,0.1126
MN,27087,Mahnomen County,"Mahnomen County, Minnesota",5389,36.0,154,8.2,339,18.0,0.944,0.8645,0.8941,0.8708,0.9577
MN,27089,Marshall County,"Marshall County, Minnesota",9017,15.4,146,3.9,548,14.6,0.0414,0.4925,0.2062,0.2246,0.1133
MN,27091,Martin County,"Martin County, Minnesota",19960,21.1,540,6.1,1289,14.5,0.2364,0.504,0.2536,0.3859,0.2867
MN,27093,Meeker County,"Meeker County, Minnesota",23352,15.2,416,4.6,1245,13.9,0.0611,0.286,0.1508,0.2701,0.1018
MN,27095,Mille Lacs County,"Mille Lacs County, Minnesota",26680,18.8,704,6.7,1515,14.4,0.3754,0.6137,0.3484,0.7636,0.5406
MN,27097,Morrison County,"Morrison County, Minnesota",34023,18.6,713,5.2,2285,16.7,0.217,0.1394,0.0474,0.2997,0.1448
MN,27099,Mower County,"Mower County, Minnesota",40082,21.3,930,5.9,1998,12.8,0.1845,0.8215,0.6083,0.6697,0.5021
MN,27101,Murray County,"Murray County, Minnesota",8170,15.7,144,4.1,677,19.2,0.0719,0.5008,0.2733,0.0942,0.0983
MN,27103,Nicollet County,"Nicollet County, Minnesota",34380,17.5,680,5.3,1550,12.0,0.0468,0.2781,0.3888,0.5943,0.1877
MN,27105,Nobles County,"Nobles County, Minnesota",22194,22.8,548,7.1,1202,15.6,0.5549,0.9599,0.8225,0.797,0.8323
MN,27107,Norman County,"Norman County, Minnesota",6457,18.2,136,5.1,406,15.3,0.2326,0.2946,0.3535,0.4763,0.2806
MN,27109,Olmsted County,"Olmsted County, Minnesota",162307,13.3,4442,6.7,6320,9.6,0.0627,0.2841,0.5654,0.6367,0.2361
MN,27111,Otter Tail County,"Otter Tail County, Minnesota",60072,17.8,1390,5.6,3907,15.7,0.2482,0.4852,0.2444,0.5221,0.3303
MN,27113,Pennington County,"Pennington County, Minnesota",13995,15.8,290,4.7,668,10.9,0.0436,0.2205,0.3217,0.5091,0.1416
MN,27115,Pine County,"Pine County, Minnesota",29090,19.9,700,6.2,1797,15.8,0.4493,0.1689,0.3446,0.8482,0.4919
MN,27117,Pipestone County,"Pipestone County, Minnesota",9380,19.1,221,5.6,564,14.2,0.1059,0.7509,0.4248,0.2043,0.2288
MN,27119,Polk County,"Polk County, Minnesota",31128,21.0,814,6.5,1491,12.0,0.2027,0.4018,0.4314,0.8428,0.4365
MN,27121,Pope County,"Pope County, Minnesota",11312,16.0,227,4.6,780,15.9,0.0315,0.0585,0.0821,0.1779,0.028
MN,27123,Ramsey County,"Ramsey County, Minnesota",547202,20.5,22413,10.3,19480,9.0,0.4346,0.5278,0.7881,0.9456,0.7076
MN,27125,Red Lake County,"Red Lake County, Minnesota",3912,17.2,74,4.5,317,19.4,0.0216,0.2978,0.2399,0.3143,0.0891
MN,27127,Redwood County,"Redwood County, Minnesota",15428,19.4,258,4.2,1037,17.1,0.1047,0.3341,0.4085,0.3223,0.1794
MN,27129,Renville County,"Renville County, Minnesota",14707,20.2,369,6.3,1131,19.2,0.118,0.4957,0.4057,0.4375,0.2482
MN,27131,Rice County,"Rice County, Minnesota",67152,17.0,1156,5.0,2197,9.4,0.2984,0.2491,0.5269,0.8253,0.4598
MN,27133,Rock County,"Rock County, Minnesota",9659,17.3,241,6.1,463,11.8,0.07,0.1594,0.1696,0.4887,0.1304
MN,27135,Roseau County,"Roseau County, Minnesota",15294,15.7,313,5.4,1104,18.9,0.139,0.4069,0.3016,0.5097,0.2504
MN,27137,St. Louis County,"St. Louis County, Minnesota",200122,21.6,7310,8.5,11462,13.4,0.2542,0.0964,0.2816,0.7684,0.3054
MN,27139,Scott County,"Scott County, Minnesota",151347,9.4,1566,3.0,3265,6.2,0.0175,0.4359,0.5616,0.1807,0.1034
MN,27141,Sherburne County,"Sherburne County, Minnesota",97820,9.4,1410,4.1,2387,6.9,0.0245,0.3799,0.3592,0.2612,0.1047
MN,27143,Sibley County,"Sibley County, Minnesota",14950,14.7,292,5.0,1008,17.1,0.0624,0.168,0.3675,0.3293,0.1139
MN,27145,Stearns County,"Stearns County, Minnesota",158622,20.9,3399,5.6,7006,11.6,0.2673,0.3035,0.4725,0.8473,0.4572
MN,27147,Steele County,"Steele County, Minnesota",37396,17.1,1115,7.4,2019,13.5,0.1562,0.524,0.4273,0.5247,0.3105
MN,27149,Stevens County,"Stevens County, Minnesota",9682,20.3,164,4.3,416,11.0,0.0732,0.1435,0.42,0.5555,0.1728
MN,27151,Swift County,"Swift County, Minnesota",9806,24.8,191,4.6,830,20.0,0.3204,0.9618,0.3503,0.3487,0.5119
MN,27153,Todd County,"Todd County, Minnesota",25277,21.7,596,6.1,2236,22.9,0.4031,0.7763,0.363,0.7331,0.5915
MN,27155,Traverse County,"Traverse County, Minnesota",3345,18.9,74,5.2,290,20.2,0.0713,0.4257,0.3977,0.3691,0.1829
MN,27157,Wabasha County,"Wabasha County, Minnesota",21460,13.3,437,4.7,1381,15.0,0.0449,0.3293,0.0983,0.2949,0.0986
MN,27159,Wadena County,"Wadena County, Minnesota",14108,24.0,522,9.1,1005,17.5,0.5027,0.7604,0.2265,0.9822,0.7448
MN,27161,Waseca County,"Waseca County, Minnesota",18953,15.4,249,3.3,1052,14.0,0.1158,0.4973,0.3388,0.3818,0.2195
MN,27163,Washington County,"Washington County, Minnesota",268651,8.0,4181,4.1,6244,6.2,0.0134,0.1938,0.5326,0.1263,0.0503
MN,27165,Watonwan County,"Watonwan County, Minnesota",11205,19.1,280,6.5,824,19.2,0.5199,0.7261,0.6701,0.6557,0.6583
MN,27167,Wilkin County,"Wilkin County, Minnesota",6454,19.6,140,5.2,501,18.8,0.1629,0.0729,0.2164,0.4941,0.1556
MN,27169,Winona County,"Winona County, Minnesota",49792,21.3,1468,7.3,1853,9.2,0.2208,0.0134,0.2816,0.8664,0.2377
MN,27171,Wright County,"Wright County, Minnesota",142543,8.6,1430,2.8,4376,8.5,0.0165,0.1149,0.2914,0.0827,0.0235
MN,27173,Yellow Medicine County,"Yellow Medicine County, Minnesota",9569,19.2,214,5.4,644,16.2,0.076,0.5829,0.335,0.483,0.237
MS,28001,Adams County,"Adams County, Mississippi",29425,41.5,1004,8.6,2172,18.7,0.9523,0.9402,0.936,0.8393,0.971
MS,28003,Alcorn County,"Alcorn County, Mississippi",34717,32.2,1082,7.7,3691,26.4,0.9494,0.6761,0.5161,0.8785,0.8944
MS,28005,Amite County,"Amite County, Mississippi",12683,38.0,444,7.6,1821,31.2,0.7808,0.9348,0.8027,0.3646,0.7894
MS,28007,Attala County,"Attala County, Mississippi",17842,36.4,510,8.1,1444,22.9,0.9411,0.8893,0.8549,0.8603,0.957
MS,28009,Benton County,"Benton County, Mississippi",7637,30.7,193,6.3,1175,38.1,0.8212,0.7913,0.7821,0.4219,0.7725
MS,28011,Bolivar County,"Bolivar County, Mississippi",30688,47.1,1259,10.8,2968,25.4,0.9927,0.8883,0.9567,0.9583,0.994
MS,28013,Calhoun County,"Calhoun County, Mississippi",13193,34.4,423,7.5,1341,23.8,0.7964,0.9844,0.7378,0.7066,0.8988
MS,28015,Carroll County,"Carroll County, Mississippi",9930,36.1,205,5.1,1519,37.6,0.7884,0.3653,0.7442,0.5947,0.7
MS,28017,Chickasaw County,"Chickasaw County, Mississippi",17024,35.5,645,9.5,2128,31.4,0.8664,0.9838,0.8759,0.8081,0.9542
MS,28019,Choctaw County,"Choctaw County, Mississippi",8208,31.4,204,5.8,717,20.3,0.9074,0.7286,0.7028,0.4305,0.7932
MS,28021,Claiborne County,"Claiborne County, Mississippi",9044,49.0,315,12.0,673,25.6,0.9714,0.0137,0.9924,0.9427,0.819
MS,28023,Clarke County,"Clarke County, Mississippi",15553,32.1,418,6.8,1476,24.1,0.8759,0.9087,0.7521,0.3156,0.8021
MS,28025,Clay County,"Clay County, Mississippi",18598,36.7,605,8.0,1552,20.5,0.9825,0.2879,0.93,0.3649,0.7913
MS,28027,Coahoma County,"Coahoma County, Mississippi",21264,49.3,1010,12.0,2187,26.1,0.9933,0.9045,0.9822,0.8896,0.9895
MS,28029,Copiah County,"Copiah County, Mississippi",28210,35.4,733,7.4,2852,29.0,0.8034,0.3719,0.9017,0.8148,0.7976
MS,28031,Covington County,"Covington County, Mississippi",18323,35.1,450,6.5,2618,37.6,0.8947,0.6678,0.7894,0.3758,0.7674
MS,28033,DeSoto County,"DeSoto County, Mississippi",186214,17.1,2520,3.7,6190,9.1,0.3847,0.51,0.7859,0.1289,0.3563
MS,28035,Forrest County,"Forrest County, Mississippi",77917,34.9,2345,8.0,5247,17.9,0.923,0.7346,0.8101,0.9758,0.9497
MS,28037,Franklin County,"Franklin County, Mississippi",7690,37.9,99,3.3,511,17.2,0.5568,0.915,0.7537,0.1597,0.5787
MS,28039,George County,"George County, Mississippi",24547,32.7,546,6.1,2084,23.2,0.9045,0.728,0.3961,0.7591,0.8384
MS,28041,Greene County,"Greene County, Mississippi",13672,27.8,280,7.2,1233,31.5,0.888,0.1308,0.6538,0.8969,0.7776
MS,28043,Grenada County,"Grenada County, Mississippi",21474,34.9,578,6.9,2010,23.8,0.9093,0.6885,0.8616,0.6306,0.8492
MS,28045,Hancock County,"Hancock County, Mississippi",46010,24.3,732,3.8,2990,15.4,0.5959,0.4343,0.4445,0.3236,0.4776
MS,28047,Harrison County,"Harrison County, Mississippi",208748,27.5,4710,5.9,11201,14.0,0.9246,0.9093,0.756,0.7525,0.9182
MS,28049,Hinds County,"Hinds County, Mississippi",226541,33.6,6459,7.2,11822,13.2,0.9437,0.5686,0.9771,0.8638,0.9154
MS,28051,Holmes County,"Holmes County, Mississippi",16848,50.3,875,15.1,2146,37.0,0.994,0.875,0.9879,0.945,0.992
MS,28053,Humphreys County,"Humphreys County, Mississippi",7744,56.5,364,12.2,893,29.9,0.9997,0.9297,0.9815,0.5927,0.9787
MS,28055,Issaquena County,"Issaquena County, Mississippi",1206,33.5,68,17.3,251,64.0,0.9879,0.0767,0.9682,0.9994,0.9539
MS,28057,Itawamba County,"Itawamba County, Mississippi",23888,21.8,343,3.8,1938,21.6,0.3446,0.0773,0.328,0.4251,0.2463
MS,28059,Jackson County,"Jackson County, Mississippi",143721,25.4,2518,4.5,7447,13.4,0.8533,0.929,0.7066,0.4442,0.8288
MS,28061,Jasper County,"Jasper County, Mississippi",16320,32.4,609,9.4,2885,44.7,0.5227,0.7591,0.8969,0.4139,0.6281
MS,28063,Jefferson County,"Jefferson County, Mississippi",7207,50.6,147,5.8,330,13.0,0.9084,0.5822,0.9901,0.8619,0.8991
MS,28065,Jefferson Davis County,"Jefferson Davis County, Mississippi",11291,37.7,313,7.0,1307,29.4,0.9749,0.6831,0.9332,0.4903,0.8743
MS,28067,Jones County,"Jones County, Mississippi",67152,32.3,1469,6.0,7788,32.0,0.6666,0.916,0.7321,0.6319,0.791
MS,28069,Kemper County,"Kemper County, Mississippi",8980,33.1,154,4.9,932,29.7,0.9615,0.7054,0.9472,0.8998,0.95
MS,28071,Lafayette County,"Lafayette County, Mississippi",56172,31.5,1099,5.9,2058,11.0,0.5686,0.0057,0.6656,0.8578,0.4391
MS,28073,Lamar County,"Lamar County, Mississippi",64425,24.1,1115,4.5,2834,11.4,0.6662,0.637,0.6373,0.3627,0.6032
MS,28075,Lauderdale County,"Lauderdale County, Mississippi",72741,36.1,2766,9.8,5265,18.6,0.9249,0.8097,0.8638,0.9612,0.959
MS,28077,Lawrence County,"Lawrence County, Mississippi",11933,39.0,239,5.3,1819,40.7,0.9405,0.9596,0.735,0.2479,0.8505
MS,28079,Leake County,"Leake County, Mississippi",21335,34.6,657,8.9,2140,29.0,0.8692,0.9695,0.882,0.8606,0.9574
MS,28081,Lee County,"Lee County, Mississippi",83343,21.8,1562,4.9,6039,18.9,0.6758,0.7016,0.7391,0.6815,0.7455
MS,28083,Leflore County,"Leflore County, Mississippi",27920,48.8,1242,12.9,4355,45.1,0.9962,0.5485,0.9806,0.763,0.9411
MS,28085,Lincoln County,"Lincoln County, Mississippi",34855,30.9,569,4.4,2520,19.3,0.6551,0.2739,0.7019,0.6252,0.6042
MS,28087,Lowndes County,"Lowndes County, Mississippi",58547,29.5,1537,6.8,3433,15.2,0.8559,0.3522,0.8718,0.5787,0.7521
MS,28089,Madison County,"Madison County, Mississippi",109257,16.6,1559,3.7,3726,8.8,0.2937,0.3656,0.8323,0.2883,0.3554
MS,28091,Marion County,"Marion County, Mississippi",24362,39.5,526,5.8,2505,27.5,0.9847,0.6004,0.7423,0.6879,0.8928
MS,28093,Marshall County,"Marshall County, Mississippi",33980,32.6,480,3.8,2804,21.9,0.8832,0.7133,0.8848,0.7388,0.8699
MS,28095,Monroe County,"Monroe County, Mississippi",34168,30.3,690,5.1,2220,16.6,0.7512,0.5457,0.7066,0.3054,0.6163
MS,28097,Montgomery County,"Montgomery County, Mississippi",9803,42.9,330,8.6,1075,28.1,0.9774,0.8428,0.8591,0.8295,0.9599
MS,28099,Neshoba County,"Neshoba County, Mississippi",28970,40.5,847,8.3,2474,24.3,0.9087,0.8902,0.804,0.8893,0.9402
MS,28101,Newton County,"Newton County, Mississippi",21275,34.4,423,5.5,2311,30.0,0.6882,0.6411,0.7922,0.4747,0.6793
MS,28103,Noxubee County,"Noxubee County, Mississippi",10261,37.2,263,7.1,1111,30.1,0.9946,0.9653,0.973,0.4919,0.964
MS,28105,Oktibbeha County,"Oktibbeha County, Mississippi",51388,39.8,1028,4.9,4030,19.0,0.8463,0.0407,0.819,0.812,0.6939
MS,28107,Panola County,"Panola County, Mississippi",33157,37.1,662,5.3,3481,28.1,0.9771,0.6615,0.8851,0.455,0.8626
MS,28109,Pearl River County,"Pearl River County, Mississippi",56351,26.3,616,2.9,4138,19.5,0.7604,0.8422,0.5231,0.3417,0.6907
MS,28111,Perry County,"Perry County, Mississippi",11511,35.2,200,4.5,1117,25.0,0.7846,0.7159,0.5679,0.4057,0.6914
MS,28113,Pike County,"Pike County, Mississippi",40098,40.8,998,6.8,3305,22.4,0.979,0.7922,0.9077,0.9733,0.9812
MS,28115,Pontotoc County,"Pontotoc County, Mississippi",31202,28.1,381,3.3,3187,27.4,0.5679,0.8804,0.6077,0.3035,0.6087
MS,28117,Prentiss County,"Prentiss County, Mississippi",24945,31.2,550,5.9,1971,21.2,0.6303,0.7744,0.5317,0.6389,0.6993
MS,28119,Quitman County,"Quitman County, Mississippi",6113,47.8,389,14.6,972,36.6,0.9959,0.4645,0.9749,0.8867,0.9551
MS,28121,Rankin County,"Rankin County, Mississippi",157185,15.7,1411,2.4,6306,10.7,0.3166,0.3436,0.636,0.4225,0.3732
MS,28123,Scott County,"Scott County, Mississippi",27943,40.7,785,8.1,2448,25.2,0.8877,0.9936,0.8769,0.5177,0.9217
MS,28125,Sharkey County,"Sharkey County, Mississippi",3910,49.1,207,15.1,568,41.3,0.9854,0.8027,0.9707,0.9494,0.9838
MS,28127,Simpson County,"Simpson County, Mississippi",25889,27.8,420,4.4,2560,26.9,0.8632,0.8186,0.7668,0.3583,0.7808
MS,28129,Smith County,"Smith County, Mississippi",14310,32.1,369,6.8,2468,45.3,0.6293,0.8708,0.6249,0.5504,0.7251
MS,28131,Stone County,"Stone County, Mississippi",18360,30.5,452,6.9,1675,25.7,0.8355,0.6157,0.5892,0.9408,0.8587
MS,28133,Sunflower County,"Sunflower County, Mississippi",25867,41.8,756,9.3,2598,31.9,0.986,0.5068,0.9777,0.8091,0.9303
MS,28135,Tallahatchie County,"Tallahatchie County, Mississippi",12621,40.0,466,10.8,1432,33.3,0.9809,0.5336,0.9437,0.7639,0.9141
MS,28137,Tate County,"Tate County, Mississippi",28094,28.3,422,4.0,2100,20.0,0.951,0.5724,0.7321,0.84,0.8915
MS,28139,Tippah County,"Tippah County, Mississippi",21769,33.6,300,3.7,2123,26.2,0.924,0.9061,0.574,0.6815,0.8839
MS,28141,Tishomingo County,"Tishomingo County, Mississippi",18837,32.8,419,5.0,2414,28.5,0.8094,0.9465,0.2485,0.4073,0.7467
MS,28143,Tunica County,"Tunica County, Mississippi",9787,48.7,340,9.5,576,16.0,0.9952,0.2943,0.9838,0.9666,0.9602
MS,28145,Union County,"Union County, Mississippi",27880,27.0,420,4.1,2592,25.3,0.6109,0.9306,0.5727,0.4403,0.6977
MS,28147,Walthall County,"Walthall County, Mississippi",13888,34.6,290,5.5,1509,28.5,0.936,0.9577,0.8543,0.4448,0.8982
MS,28149,Warren County,"Warren County, Mississippi",44341,26.7,1091,6.5,3601,21.4,0.7496,0.9386,0.8858,0.5285,0.8279
MS,28151,Washington County,"Washington County, Mississippi",44604,43.2,2147,12.4,7406,42.8,0.9965,0.9784,0.9758,0.8836,0.9971
MS,28153,Wayne County,"Wayne County, Mississippi",19760,35.1,483,6.5,1590,21.5,0.9446,0.9739,0.8075,0.4607,0.9119
MS,28155,Webster County,"Webster County, Mississippi",9942,24.0,282,6.9,961,23.6,0.7919,0.6866,0.5542,0.2068,0.6112
MS,28157,Wilkinson County,"Wilkinson County, Mississippi",8531,41.3,223,6.8,954,29.2,0.8498,0.6446,0.9672,0.6497,0.8349
MS,28159,Winston County,"Winston County, Mississippi",17741,35.2,500,7.0,2165,30.4,0.8591,0.8438,0.8734,0.6036,0.8543
MS,28161,Yalobusha County,"Yalobusha County, Mississippi",12499,35.2,309,6.1,1454,28.5,0.7976,0.7725,0.8031,0.3799,0.7429
MS,28163,Yazoo County,"Yazoo County, Mississippi",27467,42.0,975,11.1,2220,25.2,0.9968,0.8396,0.945,0.9952,0.9975
MO,29001,Adair County,"Adair County, Missouri",25299,32.9,622,7.0,1677,18.9,0.6494,0.0143,0.342,0.6837,0.4006
MO,29003,Andrew County,"Andrew County, Missouri",18069,14.7,239,3.5,1382,20.1,0.097,0.048,0.1508,0.0248,0.0169
MO,29005,Atchison County,"Atchison County, Missouri",5270,25.5,103,4.4,451,19.2,0.3347,0.5399,0.0757,0.1339,0.2249
MO,29007,Audrain County,"Audrain County, Missouri",24873,29.8,601,6.7,1659,18.5,0.6338,0.8062,0.3802,0.7079,0.7105
MO,29009,Barry County,"Barry County, Missouri",34701,29.0,475,3.5,2529,18.9,0.672,0.749,0.5094,0.2568,0.5768
MO,29011,Barton County,"Barton County, Missouri",11683,36.9,347,7.8,809,18.1,0.9208,0.8183,0.2628,0.1788,0.6767
MO,29013,Bates County,"Bates County, Missouri",16101,29.0,438,7.4,1283,21.6,0.8027,0.5698,0.1985,0.7261,0.7114
MO,29015,Benton County,"Benton County, Missouri",19616,27.4,502,6.2,1542,18.9,0.7222,0.4079,0.1753,0.4827,0.5364
MO,29017,Bollinger County,"Bollinger County, Missouri",10658,29.6,143,3.8,944,24.9,0.6869,0.3373,0.1037,0.2771,0.4241
MO,29019,Boone County,"Boone County, Missouri",184043,25.2,4554,6.1,7906,10.6,0.3968,0.062,0.5711,0.7776,0.4244
MO,29021,Buchanan County,"Buchanan County, Missouri",84544,27.3,2924,8.8,5608,16.8,0.7541,0.7639,0.5094,0.8845,0.8218
MO,29023,Butler County,"Butler County, Missouri",42280,35.0,1435,8.8,3070,18.9,0.9402,0.6265,0.3888,0.7563,0.8412
MO,29025,Caldwell County,"Caldwell County, Missouri",8876,27.9,230,6.6,668,19.2,0.5212,0.1966,0.1457,0.3191,0.3163
MO,29027,Callaway County,"Callaway County, Missouri",44517,18.6,646,4.0,1804,11.3,0.4445,0.0589,0.3217,0.3169,0.2447
MO,29029,Camden County,"Camden County, Missouri",43227,20.0,457,2.8,2862,17.4,0.5428,0.2892,0.1572,0.294,0.3493
MO,29031,Cape Girardeau County,"Cape Girardeau County, Missouri",81703,23.1,1836,5.8,3653,11.6,0.3551,0.0598,0.4378,0.6147,0.3099
MO,29033,Carroll County,"Carroll County, Missouri",8513,24.0,205,6.1,742,22.0,0.3019,0.1285,0.1037,0.1556,0.1378
MO,29035,Carter County,"Carter County, Missouri",5299,31.2,202,10.5,383,19.9,0.8005,0.3353,0.1696,0.2348,0.4823
MO,29037,Cass County,"Cass County, Missouri",108205,12.8,1651,4.0,4078,9.8,0.1868,0.2981,0.4165,0.0608,0.1257
MO,29039,Cedar County,"Cedar County, Missouri",14314,34.6,397,7.2,1108,20.2,0.756,0.5975,0.1696,0.6809,0.6643
MO,29041,Chariton County,"Chariton County, Missouri",7417,20.5,120,4.6,474,18.3,0.2052,0.3891,0.1094,0.2065,0.1747
MO,29043,Christian County,"Christian County, Missouri",89568,15.0,836,2.5,3221,9.6,0.1724,0.2641,0.2294,0.1047,0.1107
MO,29045,Clark County,"Clark County, Missouri",6693,28.0,134,5.8,637,27.7,0.4381,0.154,0.0264,0.4031,0.265
MO,29047,Clay County,"Clay County, Missouri",253085,14.8,4522,4.5,9276,9.3,0.2218,0.4556,0.546,0.2514,0.2692
MO,29049,Clinton County,"Clinton County, Missouri",21155,17.9,329,4.1,1318,16.4,0.3618,0.1772,0.182,0.1136,0.1661
MO,29051,Cole County,"Cole County, Missouri",76890,15.4,1607,5.3,4972,16.5,0.1161,0.1877,0.525,0.4696,0.2049
MO,29053,Cooper County,"Cooper County, Missouri",16893,21.4,270,4.4,947,15.5,0.4448,0.3245,0.3592,0.3828,0.3716
MO,29055,Crawford County,"Crawford County, Missouri",23023,26.3,563,6.1,2163,23.3,0.9179,0.4104,0.1572,0.4773,0.657
MO,29057,Dade County,"Dade County, Missouri",7598,35.0,200,6.6,621,20.6,0.7894,0.3013,0.1572,0.6338,0.595
MO,29059,Dallas County,"Dallas County, Missouri",17158,32.6,318,4.8,1528,23.1,0.8031,0.6662,0.1276,0.2176,0.5466
MO,29061,Daviess County,"Daviess County, Missouri",8418,27.1,267,8.9,659,21.9,0.5514,0.3213,0.0379,0.7884,0.5157
MO,29063,DeKalb County,"DeKalb County, Missouri",11838,18.2,234,6.3,824,22.2,0.2243,0.0293,0.4356,0.4559,0.1753
MO,29065,Dent County,"Dent County, Missouri",14509,29.4,328,5.6,1566,26.9,0.7388,0.7569,0.1861,0.5374,0.6551
MO,29067,Douglas County,"Douglas County, Missouri",11803,30.2,207,4.5,1157,25.1,0.8702,0.8196,0.1225,0.1448,0.5969
MO,29069,Dunklin County,"Dunklin County, Missouri",28174,33.7,950,8.5,1568,14.1,0.9424,0.993,0.5778,0.8291,0.9707
MO,29071,Franklin County,"Franklin County, Missouri",104858,16.2,1673,4.0,4840,11.7,0.2851,0.07,0.2536,0.0964,0.1066
MO,29073,Gasconade County,"Gasconade County, Missouri",14801,20.1,357,6.0,1014,17.0,0.2024,0.4085,0.0757,0.4836,0.2488
MO,29075,Gentry County,"Gentry County, Missouri",6219,27.2,117,5.0,473,20.2,0.5711,0.2358,0.0627,0.5129,0.4066
MO,29077,Greene County,"Greene County, Missouri",299188,25.0,9335,7.1,23060,17.6,0.5835,0.1034,0.4085,0.8272,0.5317
MO,29079,Grundy County,"Grundy County, Missouri",9878,25.8,424,11.1,933,24.5,0.7375,0.7031,0.1409,0.6748,0.679
MO,29081,Harrison County,"Harrison County, Missouri",8190,30.7,194,6.4,526,17.5,0.4015,0.8113,0.0983,0.3637,0.4378
MO,29083,Henry County,"Henry County, Missouri",22064,25.4,469,5.1,1431,15.5,0.7674,0.8527,0.1928,0.3691,0.6526
MO,29085,Hickory County,"Hickory County, Missouri",8452,37.4,117,3.3,1261,36.0,0.9669,0.6182,0.1037,0.1298,0.6157
MO,29087,Holt County,"Holt County, Missouri",4274,22.8,58,3.3,418,24.0,0.2545,0.5765,0.0627,0.084,0.1705
MO,29089,Howard County,"Howard County, Missouri",10142,22.1,106,3.2,527,15.7,0.4423,0.3458,0.3723,0.3029,0.35
MO,29091,Howell County,"Howell County, Missouri",39960,36.5,1164,7.5,2958,19.2,0.9096,0.7149,0.1572,0.6271,0.7693
MO,29093,Iron County,"Iron County, Missouri",9538,27.9,221,5.8,832,21.8,0.6242,0.7331,0.1928,0.5778,0.6074
MO,29095,Jackson County,"Jackson County, Missouri",715526,22.6,23667,7.9,35121,11.7,0.6612,0.5899,0.7684,0.5829,0.6866
MO,29097,Jasper County,"Jasper County, Missouri",122788,29.0,3075,6.5,5963,12.6,0.7531,0.7703,0.489,0.6344,0.7451
MO,29099,Jefferson County,"Jefferson County, Missouri",226984,14.6,2779,3.2,8374,9.7,0.1931,0.2151,0.2816,0.0983,0.1136
MO,29101,Johnson County,"Johnson County, Missouri",54025,21.8,883,4.3,2144,10.4,0.5142,0.0484,0.4416,0.5873,0.3815
MO,29103,Knox County,"Knox County, Missouri",3772,28.9,31,2.7,431,37.3,0.6583,0.3382,0.0983,0.0509,0.2679
MO,29105,Laclede County,"Laclede County, Missouri",36060,30.1,972,6.8,3465,24.2,0.8101,0.861,0.2444,0.503,0.7327
MO,29107,Lafayette County,"Lafayette County, Missouri",32858,17.7,418,3.4,2045,16.8,0.1247,0.3754,0.2587,0.1094,0.1101
MO,29109,Lawrence County,"Lawrence County, Missouri",38231,28.4,878,6.0,2378,16.3,0.8352,0.7661,0.3723,0.5027,0.7362
MO,29111,Lewis County,"Lewis County, Missouri",9987,27.7,190,5.7,827,24.8,0.6328,0.0286,0.2109,0.7932,0.4486
MO,29113,Lincoln County,"Lincoln County, Missouri",60172,18.6,869,4.0,2164,9.9,0.2316,0.4222,0.1928,0.1925,0.1976
MO,29115,Linn County,"Linn County, Missouri",11892,25.6,258,5.4,1198,25.1,0.2682,0.3007,0.0932,0.0687,0.1263
MO,29117,Livingston County,"Livingston County, Missouri",14402,21.6,338,6.2,1516,27.8,0.3519,0.2854,0.2164,0.4394,0.3073
MO,29119,McDonald County,"McDonald County, Missouri",23381,35.2,468,5.6,2240,26.7,0.9596,0.8581,0.6701,0.5854,0.8899
MO,29121,Macon County,"Macon County, Missouri",15173,19.7,326,5.6,1422,24.3,0.3773,0.6287,0.182,0.2549,0.3388
MO,29123,Madison County,"Madison County, Missouri",12649,20.5,228,4.9,931,20.1,0.5612,0.7299,0.1094,0.4181,0.5097
MO,29125,Maries County,"Maries County, Missouri",8454,23.0,213,5.9,878,24.4,0.7423,0.4292,0.1276,0.2835,0.4814
MO,29127,Marion County,"Marion County, Missouri",28525,25.3,886,7.8,1532,13.6,0.3182,0.4865,0.2984,0.6627,0.4368
MO,29129,Mercer County,"Mercer County, Missouri",3517,28.0,66,5.3,292,23.3,0.4728,0.6962,0.1572,0.4852,0.4878
MO,29131,Miller County,"Miller County, Missouri",24855,25.4,401,4.0,2004,19.8,0.5237,0.2914,0.0932,0.4276,0.3793
MO,29133,Mississippi County,"Mississippi County, Missouri",12305,39.9,782,17.0,810,17.6,0.9586,0.8851,0.658,0.6844,0.9106
MO,29135,Moniteau County,"Moniteau County, Missouri",15401,18.6,375,6.6,1308,23.0,0.3882,0.4884,0.3248,0.8288,0.5367
MO,29137,Monroe County,"Monroe County, Missouri",8668,26.2,255,7.4,658,19.2,0.4289,0.6064,0.2164,0.6656,0.5059
MO,29139,Montgomery County,"Montgomery County, Missouri",11421,25.3,176,3.8,985,21.2,0.4235,0.6367,0.1696,0.4104,0.4187
MO,29141,Morgan County,"Morgan County, Missouri",21169,30.1,871,11.1,2113,27.0,0.853,0.8393,0.1572,0.9481,0.8657
MO,29143,New Madrid County,"New Madrid County, Missouri",16341,33.7,543,8.0,1254,18.5,0.812,0.9045,0.5915,0.4706,0.7891
MO,29145,Newton County,"Newton County, Missouri",59019,25.4,1098,5.0,3312,15.1,0.5628,0.4435,0.489,0.6354,0.5682
MO,29147,Nodaway County,"Nodaway County, Missouri",21140,27.1,579,7.0,1291,15.6,0.3675,0.0102,0.1654,0.6538,0.2151
MO,29149,Oregon County,"Oregon County, Missouri",8783,39.6,133,3.9,963,28.5,0.8941,0.7273,0.1339,0.3112,0.6589
MO,29151,Osage County,"Osage County, Missouri",13374,13.0,244,4.7,1096,21.0,0.0188,0.0258,0.0057,0.2517,0.0181
MO,29153,Ozark County,"Ozark County, Missouri",8688,37.8,235,6.4,908,24.8,0.9224,0.3099,0.0821,0.3045,0.5632
MO,29155,Pemiscot County,"Pemiscot County, Missouri",15555,43.1,588,9.4,1210,19.3,0.9901,0.9415,0.7105,0.5122,0.9364
MO,29157,Perry County,"Perry County, Missouri",18970,19.3,394,5.4,1172,16.0,0.5164,0.2284,0.0983,0.3315,0.3175
MO,29159,Pettis County,"Pettis County, Missouri",43059,24.5,1176,7.0,2288,13.7,0.6188,0.84,0.4636,0.6074,0.6936
MO,29161,Phelps County,"Phelps County, Missouri",44843,27.8,1164,6.6,2081,11.7,0.6309,0.3544,0.3977,0.8361,0.6402
MO,29163,Pike County,"Pike County, Missouri",17719,25.3,495,7.8,1094,17.3,0.5122,0.7321,0.3217,0.9459,0.7216
MO,29165,Platte County,"Platte County, Missouri",107033,13.1,1713,4.0,3086,7.2,0.104,0.3379,0.5488,0.2078,0.1632
MO,29167,Polk County,"Polk County, Missouri",31877,28.2,662,5.6,2491,21.1,0.7289,0.3869,0.1861,0.7047,0.6077
MO,29169,Pulaski County,"Pulaski County, Missouri",53726,25.0,801,5.1,2628,16.8,0.5479,0.419,0.6793,0.9049,0.6927
MO,29171,Putnam County,"Putnam County, Missouri",4698,17.9,120,6.8,492,27.8,0.2409,0.63,0.0525,0.5151,0.3258
MO,29173,Ralls County,"Ralls County, Missouri",10356,20.9,116,2.9,637,15.9,0.377,0.1489,0.1409,0.0363,0.1168
MO,29175,Randolph County,"Randolph County, Missouri",24652,27.7,495,5.4,1632,17.9,0.7267,0.4556,0.3649,0.6179,0.6268
MO,29177,Ray County,"Ray County, Missouri",23122,21.2,197,2.2,1399,15.9,0.2911,0.1273,0.1572,0.0468,0.0932
MO,29179,Reynolds County,"Reynolds County, Missouri",6102,28.2,141,6.1,560,24.3,0.8575,0.3882,0.1985,0.5301,0.6354
MO,29181,Ripley County,"Ripley County, Missouri",10839,34.9,192,4.9,860,21.8,0.8231,0.4384,0.1572,0.1441,0.476
MO,29183,St. Charles County,"St. Charles County, Missouri",406262,8.0,5213,3.3,9752,6.2,0.0178,0.0764,0.4308,0.118,0.034
MO,29185,St. Clair County,"St. Clair County, Missouri",9330,31.4,201,5.1,876,22.1,0.5877,0.7486,0.1696,0.6688,0.6182
MO,29186,Ste. Genevieve County,"Ste. Genevieve County, Missouri",18494,18.6,225,3.2,1319,18.5,0.1734,0.3029,0.0881,0.2669,0.1537
MO,29187,St. Francois County,"St. Francois County, Missouri",66814,26.9,1640,6.8,3659,15.3,0.7426,0.4636,0.2733,0.889,0.7257
MO,29189,St. Louis County,"St. Louis County, Missouri",999703,15.6,26402,6.4,35339,8.6,0.2227,0.4289,0.7458,0.3767,0.3401
MO,29195,Saline County,"Saline County, Missouri",23219,23.0,428,5.5,1261,16.2,0.3694,0.4314,0.5616,0.4928,0.44
MO,29197,Schuyler County,"Schuyler County, Missouri",4066,18.3,91,7.2,456,36.1,0.2122,0.3525,0.0379,0.468,0.2329
MO,29199,Scotland County,"Scotland County, Missouri",4720,21.8,71,4.6,354,23.2,0.6395,0.2529,0.007,0.1963,0.3169
MO,29201,Scott County,"Scott County, Missouri",38055,27.0,1124,7.4,2300,15.2,0.615,0.6923,0.4973,0.6548,0.665
MO,29203,Shannon County,"Shannon County, Missouri",7132,26.0,151,5.5,608,22.1,0.6052,0.266,0.1508,0.4833,0.4429
MO,29205,Shelby County,"Shelby County, Missouri",6049,34.7,132,5.6,495,21.0,0.4295,0.4874,0.0675,0.5014,0.3968
MO,29207,Stoddard County,"Stoddard County, Missouri",28656,29.5,544,4.7,1986,17.3,0.6952,0.5994,0.119,0.1514,0.4359
MO,29209,Stone County,"Stone County, Missouri",31314,26.2,391,3.1,1371,10.8,0.734,0.203,0.1037,0.3436,0.4337
MO,29211,Sullivan County,"Sullivan County, Missouri",5983,27.1,115,5.8,496,24.9,0.4244,0.4919,0.5854,0.5638,0.5068
MO,29213,Taney County,"Taney County, Missouri",56202,27.0,1051,4.9,3026,14.0,0.7887,0.5969,0.377,0.9071,0.7941
MO,29215,Texas County,"Texas County, Missouri",24828,35.8,765,8.2,1898,20.3,0.9675,0.5183,0.2854,0.8702,0.8575
MO,29217,Vernon County,"Vernon County, Missouri",19777,31.2,650,8.4,1259,16.2,0.6627,0.5717,0.1339,0.5934,0.5733
MO,29219,Warren County,"Warren County, Missouri",35729,17.0,333,2.5,1474,11.3,0.3719,0.0881,0.2781,0.1518,0.1689
MO,29221,Washington County,"Washington County, Missouri",23580,33.5,847,9.4,2146,23.8,0.8085,0.7327,0.2109,0.8571,0.7957
MO,29223,Wayne County,"Wayne County, Missouri",11081,35.5,246,5.5,1037,23.1,0.9233,0.2587,0.1654,0.6122,0.6675
MO,29225,Webster County,"Webster County, Missouri",39265,25.3,751,5.5,2783,20.3,0.5555,0.5122,0.2062,0.6675,0.5437
MO,29227,Worth County,"Worth County, Missouri",1982,29.1,66,8.5,146,18.9,0.1731,0.7375,0.0337,0.2291,0.2237
MO,29229,Wright County,"Wright County, Missouri",18475,37.2,444,6.5,1552,22.7,0.915,0.9564,0.1457,0.2329,0.749
MO,29510,St. Louis City,"St. Louis city, Missouri",298018,30.3,26457,18.5,24151,16.9,0.8161,0.3668,0.8941,0.8438,0.8139
MT,30001,Beaverhead County,"Beaverhead County, Montana",9469,25.7,36,0.9,547,13.3,0.307,0.041,0.3166,0.4343,0.2043
MT,30003,Big Horn County,"Big Horn County, Montana",13090,42.1,235,6.5,839,23.2,0.8861,0.0977,0.9714,0.7661,0.7646
MT,30005,Blaine County,"Blaine County, Montana",7030,33.5,210,9.2,465,20.5,0.9055,0.8721,0.9036,0.8982,0.9443
MT,30007,Broadwater County,"Broadwater County, Montana",6977,19.7,56,1.9,604,21.0,0.4913,0.0328,0.314,0.0076,0.0827
MT,30009,Carbon County,"Carbon County, Montana",10645,18.7,127,2.7,763,16.4,0.342,0.2615,0.2109,0.0258,0.1241
MT,30011,Carter County,"Carter County, Montana",1332,26.7,34,5.7,90,15.1,0.5084,0.0675,0.1409,0.7681,0.4069
MT,30013,Cascade County,"Cascade County, Montana",84423,22.9,1980,5.7,5195,15.0,0.3357,0.3439,0.4613,0.6761,0.4435
MT,30015,Chouteau County,"Chouteau County, Montana",5897,25.7,119,5.4,597,27.3,0.28,0.1222,0.5892,0.3726,0.2584
MT,30017,Custer County,"Custer County, Montana",11957,19.6,218,4.4,679,13.6,0.196,0.2806,0.3086,0.7989,0.3589
MT,30019,Daniels County,"Daniels County, Montana",1535,24.1,42,5.9,142,19.9,0.153,0.1759,0.2692,0.1909,0.1228
MT,30021,Dawson County,"Dawson County, Montana",8915,12.7,194,5.1,483,12.8,0.0124,0.147,0.2294,0.441,0.0764
MT,30023,Deer Lodge County,"Deer Lodge County, Montana",9435,31.5,402,9.3,967,22.3,0.6144,0.6656,0.3016,0.7073,0.6417
MT,30025,Fallon County,"Fallon County, Montana",2941,18.0,84,7.2,91,7.8,0.035,0.1028,0.1508,0.7938,0.1508
MT,30027,Fergus County,"Fergus County, Montana",11496,21.5,385,7.4,684,13.2,0.3548,0.091,0.1409,0.8772,0.3837
MT,30029,Flathead County,"Flathead County, Montana",105950,19.2,1540,3.7,4652,11.0,0.3108,0.0776,0.2444,0.3929,0.2094
MT,30031,Gallatin County,"Gallatin County, Montana",119685,18.3,1254,2.6,4026,8.4,0.2129,0.0013,0.2984,0.4693,0.0783
MT,30033,Garfield County,"Garfield County, Montana",976,21.6,3,0.7,27,6.6,0.1915,0.0496,0.0025,0.1648,0.0652
MT,30035,Glacier County,"Glacier County, Montana",13781,43.1,233,5.6,812,19.4,0.9583,0.8403,0.9634,0.9529,0.9752
MT,30037,Golden Valley County,"Golden Valley County, Montana",841,23.3,8,2.3,76,21.4,0.2886,0.0916,0.4165,0.1304,0.1451
MT,30039,Granite County,"Granite County, Montana",3368,25.8,41,3.1,224,16.7,0.4871,0.0792,0.1225,0.2421,0.2246
MT,30041,Hill County,"Hill County, Montana",16238,27.1,344,5.5,1143,18.4,0.3723,0.321,0.6923,0.5103,0.4419
MT,30043,Jefferson County,"Jefferson County, Montana",12273,11.3,147,3.1,509,10.9,0.0757,0.1807,0.2364,0.35,0.1158
MT,30045,Judith Basin County,"Judith Basin County, Montana",2039,24.9,17,1.9,127,14.1,0.1483,0.3207,0.1753,0.0099,0.049
MT,30047,Lake County,"Lake County, Montana",31509,27.6,487,4.0,2089,17.3,0.8113,0.8587,0.7308,0.3223,0.7541
MT,30049,Lewis and Clark County,"Lewis and Clark County, Montana",71487,16.4,1591,5.3,3817,12.6,0.1772,0.1276,0.2984,0.4496,0.1906
MT,30051,Liberty County,"Liberty County, Montana",1993,40.4,99,13.9,231,32.4,0.4852,0.9421,0.0048,0.7751,0.6592
MT,30053,Lincoln County,"Lincoln County, Montana",20157,31.3,340,3.8,1322,14.9,0.8489,0.4874,0.2444,0.2459,0.5628
MT,30055,McCone County,"McCone County, Montana",1746,8.5,0,0.0,121,15.5,0.0076,0.0725,0.2733,0.0605,0.0121
MT,30057,Madison County,"Madison County, Montana",8742,12.8,62,1.7,508,14.3,0.1454,0.0299,0.2234,0.3592,0.098
MT,30059,Meagher County,"Meagher County, Montana",1948,20.1,3,0.4,172,20.6,0.1088,0.0379,0.1861,0.0309,0.0188
MT,30061,Mineral County,"Mineral County, Montana",4652,22.1,40,1.9,431,20.7,0.3328,0.343,0.2816,0.1521,0.2218
MT,30063,Missoula County,"Missoula County, Montana",118541,19.9,2797,5.5,4241,8.4,0.3481,0.0181,0.3697,0.7296,0.2762
MT,30065,Musselshell County,"Musselshell County, Montana",4924,22.8,70,3.3,415,19.4,0.3427,0.273,0.2733,0.1928,0.2278
MT,30067,Park County,"Park County, Montana",17320,20.2,353,4.4,1005,12.5,0.3287,0.021,0.1928,0.4028,0.1623
MT,30069,Petroleum County,"Petroleum County, Montana",416,20.4,0,0.0,19,10.1,0.0255,0.0045,0.0016,0.043,0.0013
MT,30071,Phillips County,"Phillips County, Montana",4233,21.1,37,2.1,305,17.4,0.188,0.3188,0.4839,0.2262,0.2081
MT,30073,Pondera County,"Pondera County, Montana",5987,29.1,124,5.8,345,16.0,0.6837,0.7582,0.5444,0.8861,0.7967
MT,30075,Powder River County,"Powder River County, Montana",1773,19.7,38,5.1,147,19.7,0.1919,0.0789,0.2214,0.3875,0.1521
MT,30077,Powell County,"Powell County, Montana",6998,19.3,82,3.6,406,17.7,0.1807,0.0544,0.3592,0.7159,0.2319
MT,30079,Prairie County,"Prairie County, Montana",1283,42.0,25,5.2,65,13.4,0.5495,0.3793,0.2984,0.1884,0.3567
MT,30081,Ravalli County,"Ravalli County, Montana",44876,16.1,748,4.0,2356,12.5,0.3306,0.1607,0.2854,0.0888,0.1511
MT,30083,Richland County,"Richland County, Montana",11366,15.4,335,7.4,714,15.8,0.2647,0.139,0.363,0.5132,0.2644
MT,30085,Roosevelt County,"Roosevelt County, Montana",10799,44.0,324,10.6,981,32.2,0.7515,0.1724,0.9504,0.9042,0.7665
MT,30087,Rosebud County,"Rosebud County, Montana",8310,32.7,215,7.1,767,25.2,0.9205,0.8839,0.8629,0.8536,0.9408
MT,30089,Sanders County,"Sanders County, Montana",12615,31.8,311,5.7,863,15.9,0.8263,0.385,0.3217,0.3643,0.5778
MT,30091,Sheridan County,"Sheridan County, Montana",3700,16.6,45,3.1,224,15.6,0.2046,0.2304,0.3016,0.2052,0.1642
MT,30093,Silver Bow County,"Silver Bow County, Montana",35306,25.1,1025,6.8,2309,15.3,0.4273,0.4403,0.2984,0.5797,0.4534
MT,30095,Stillwater County,"Stillwater County, Montana",8978,13.2,125,3.3,585,15.4,0.0379,0.2689,0.2234,0.147,0.0608
MT,30097,Sweet Grass County,"Sweet Grass County, Montana",3697,14.8,51,3.5,205,14.2,0.0678,0.1142,0.2485,0.028,0.0242
MT,30099,Teton County,"Teton County, Montana",6238,21.7,158,6.4,423,17.2,0.3633,0.1919,0.1985,0.6825,0.3662
MT,30101,Toole County,"Toole County, Montana",5018,27.4,122,6.8,231,12.9,0.6112,0.0703,0.4273,0.959,0.6023
MT,30103,Treasure County,"Treasure County, Montana",680,24.0,17,5.1,38,11.4,0.0859,0.0745,0.0757,0.3143,0.0719
MT,30105,Valley County,"Valley County, Montana",7552,20.8,130,4.6,459,16.2,0.1998,0.3283,0.4416,0.2081,0.2027
MT,30107,Wheatland County,"Wheatland County, Montana",2060,29.1,22,2.5,185,21.1,0.3395,0.1569,0.119,0.0745,0.1273
MT,30109,Wibaux County,"Wibaux County, Montana",1119,25.8,12,2.6,90,19.3,0.1775,0.7471,0.3446,0.2281,0.273
MT,30111,Yellowstone County,"Yellowstone County, Montana",165524,17.7,3112,4.6,7266,10.7,0.2094,0.2501,0.4416,0.546,0.2889
NE,31001,Adams County,"Adams County, Nebraska",31143,20.4,640,5.0,1693,13.3,0.2157,0.8018,0.4569,0.6277,0.4769
NE,31003,Antelope County,"Antelope County, Nebraska",6302,17.9,99,3.8,511,19.6,0.0573,0.6592,0.0881,0.0601,0.0767
NE,31005,Arthur County,"Arthur County, Nebraska",485,20.8,6,3.4,30,16.9,0.0795,0.4486,0.1508,0.077,0.0751
NE,31007,Banner County,"Banner County, Nebraska",670,13.1,6,2.4,58,23.3,0.0372,0.4512,0.2214,0.0006,0.0124
NE,31009,Blaine County,"Blaine County, Nebraska",384,20.1,3,1.5,31,15.4,0.2008,0.5043,0.0,0.0156,0.0799
NE,31011,Boone County,"Boone County, Nebraska",5397,16.9,81,3.6,382,17.1,0.022,0.2463,0.0337,0.0321,0.0162
NE,31013,Box Butte County,"Box Butte County, Nebraska",10778,20.6,246,5.4,455,9.9,0.3716,0.5218,0.5269,0.615,0.4963
NE,31015,Boyd County,"Boyd County, Nebraska",1767,21.6,11,1.4,143,17.7,0.126,0.3471,0.1753,0.0305,0.0601
NE,31017,Brown County,"Brown County, Nebraska",2691,20.6,35,2.9,175,14.4,0.3013,0.3255,0.2364,0.0531,0.1444
NE,31019,Buffalo County,"Buffalo County, Nebraska",50103,20.2,841,4.3,2015,10.3,0.2924,0.4149,0.4165,0.5412,0.3828
NE,31021,Burt County,"Burt County, Nebraska",6717,21.1,153,5.5,544,19.5,0.2399,0.5908,0.2399,0.0703,0.1798
NE,31023,Butler County,"Butler County, Nebraska",8373,14.9,93,2.7,491,14.0,0.0557,0.5988,0.2323,0.0487,0.0738
NE,31025,Cass County,"Cass County, Nebraska",26749,14.1,359,3.5,1202,11.6,0.0955,0.0605,0.2164,0.0722,0.0379
NE,31027,Cedar County,"Cedar County, Nebraska",8375,11.1,95,2.8,639,19.1,0.0162,0.1441,0.0299,0.0165,0.0067
NE,31029,Chase County,"Chase County, Nebraska",3704,18.8,37,2.5,188,12.7,0.3102,0.7057,0.5778,0.056,0.272
NE,31031,Cherry County,"Cherry County, Nebraska",5473,28.1,134,6.4,358,17.0,0.1947,0.1718,0.4416,0.6936,0.3016
NE,31033,Cheyenne County,"Cheyenne County, Nebraska",9489,21.7,260,6.0,553,12.8,0.329,0.1215,0.3649,0.5005,0.2857
NE,31035,Clay County,"Clay County, Nebraska",6088,18.4,64,2.6,367,14.8,0.1069,0.6637,0.3503,0.0137,0.0942
NE,31037,Colfax County,"Colfax County, Nebraska",10563,18.9,52,1.4,484,13.4,0.3363,0.4862,0.8839,0.1664,0.364
NE,31039,Cuming County,"Cuming County, Nebraska",9000,17.3,86,2.3,845,22.8,0.0964,0.5081,0.3697,0.0235,0.0795
NE,31041,Custer County,"Custer County, Nebraska",10566,21.9,203,4.5,754,16.6,0.1769,0.6233,0.1457,0.0684,0.1425
NE,31043,Dakota County,"Dakota County, Nebraska",21308,19.6,481,6.7,1394,19.4,0.5065,0.6214,0.8925,0.8517,0.7321
NE,31045,Dawes County,"Dawes County, Nebraska",8279,21.8,123,3.5,481,13.8,0.2517,0.4992,0.4222,0.3713,0.3156
NE,31047,Dawson County,"Dawson County, Nebraska",24037,20.7,466,5.3,1468,16.7,0.5138,0.8069,0.8171,0.7264,0.7311
NE,31049,Deuel County,"Deuel County, Nebraska",1858,18.7,14,1.6,103,12.0,0.3385,0.1728,0.4356,0.0016,0.063
NE,31051,Dixon County,"Dixon County, Nebraska",5579,22.3,57,2.6,429,19.4,0.3401,0.8683,0.4871,0.1142,0.3789
NE,31053,Dodge County,"Dodge County, Nebraska",37175,18.1,708,4.8,1933,13.2,0.3392,0.9122,0.5231,0.3541,0.5135
NE,31055,Douglas County,"Douglas County, Nebraska",582638,18.6,15077,6.5,22007,9.5,0.4461,0.6236,0.6962,0.657,0.594
NE,31057,Dundy County,"Dundy County, Nebraska",1825,19.3,23,2.9,162,20.6,0.0398,0.1451,0.0032,0.0315,0.0156
NE,31059,Fillmore County,"Fillmore County, Nebraska",5557,13.4,59,2.5,483,20.3,0.0067,0.0385,0.1409,0.0776,0.0083
NE,31061,Franklin County,"Franklin County, Nebraska",2901,23.2,44,3.5,241,19.2,0.1438,0.3589,0.0932,0.1403,0.1129
NE,31063,Frontier County,"Frontier County, Nebraska",2491,19.9,30,2.9,295,28.6,0.265,0.3898,0.1928,0.5406,0.3153
NE,31065,Furnas County,"Furnas County, Nebraska",4630,20.5,91,4.5,515,25.7,0.2281,0.532,0.1861,0.1432,0.1931
NE,31067,Gage County,"Gage County, Nebraska",21654,20.5,706,7.7,1350,14.7,0.1969,0.4989,0.1409,0.3271,0.2307
NE,31069,Garden County,"Garden County, Nebraska",1778,28.6,20,2.4,149,18.0,0.5482,0.9453,0.1276,0.0528,0.42
NE,31071,Garfield County,"Garfield County, Nebraska",1833,16.0,46,5.9,172,22.2,0.042,0.1012,0.0299,0.3274,0.0557
NE,31073,Gosper County,"Gosper County, Nebraska",1873,16.3,5,0.7,122,16.2,0.1435,0.0296,0.1276,0.0535,0.0293
NE,31075,Grant County,"Grant County, Nebraska",649,17.9,10,3.6,58,20.6,0.2921,0.0811,0.014,0.3748,0.168
NE,31077,Greeley County,"Greeley County, Nebraska",2212,18.3,16,1.8,164,18.1,0.0636,0.6306,0.0455,0.0372,0.062
NE,31079,Hall County,"Hall County, Nebraska",62575,23.7,1285,5.3,3125,13.0,0.6487,0.882,0.7378,0.496,0.7343
NE,31081,Hamilton County,"Hamilton County, Nebraska",9400,12.6,67,1.9,354,9.9,0.0433,0.3471,0.1276,0.0105,0.0229
NE,31083,Harlan County,"Harlan County, Nebraska",3094,13.5,23,1.9,213,17.4,0.1263,0.9275,0.1508,0.4066,0.3312
NE,31085,Hayes County,"Hayes County, Nebraska",919,22.2,12,3.2,75,20.1,0.0617,0.616,0.1985,0.0172,0.0547
NE,31087,Hitchcock County,"Hitchcock County, Nebraska",2620,22.2,44,4.0,274,24.7,0.1346,0.8791,0.1753,0.2192,0.2574
NE,31089,Holt County,"Holt County, Nebraska",10149,21.4,120,3.0,757,18.9,0.0929,0.6227,0.2062,0.0729,0.1098
NE,31091,Hooker County,"Hooker County, Nebraska",659,19.3,17,5.8,59,20.2,0.1196,0.0172,0.314,0.4782,0.1021
NE,31093,Howard County,"Howard County, Nebraska",6476,15.4,155,6.1,509,20.0,0.1597,0.7849,0.2109,0.154,0.2202
NE,31095,Jefferson County,"Jefferson County, Nebraska",7185,20.0,187,6.0,665,21.3,0.2934,0.7191,0.2164,0.1502,0.2736
NE,31097,Johnson County,"Johnson County, Nebraska",5294,13.4,95,5.5,291,16.9,0.0958,0.7798,0.5326,0.3509,0.2927
NE,31099,Kearney County,"Kearney County, Nebraska",6655,17.9,88,3.3,362,13.5,0.0283,0.5444,0.2733,0.1836,0.1028
NE,31101,Keith County,"Keith County, Nebraska",8303,18.5,200,5.3,542,14.3,0.2269,0.5412,0.3217,0.2606,0.2603
NE,31103,Keya Paha County,"Keya Paha County, Nebraska",987,30.7,2,0.6,43,13.3,0.1276,0.2797,0.021,0.0041,0.0226
NE,31105,Kimball County,"Kimball County, Nebraska",3395,25.4,48,3.2,280,18.7,0.6971,0.5571,0.4569,0.0725,0.4308
NE,31107,Knox County,"Knox County, Nebraska",8415,22.9,117,3.6,551,16.9,0.1864,0.7747,0.4445,0.1683,0.2717
NE,31109,Lancaster County,"Lancaster County, Nebraska",322063,19.6,6560,5.1,10999,8.5,0.2755,0.2905,0.5371,0.6647,0.4031
NE,31111,Lincoln County,"Lincoln County, Nebraska",34532,22.8,628,4.3,1853,12.8,0.3748,0.7782,0.3939,0.3675,0.4617
NE,31113,Logan County,"Logan County, Nebraska",839,10.9,0,0.0,64,20.8,0.057,0.2192,0.3649,0.0541,0.0471
NE,31115,Loup County,"Loup County, Nebraska",629,19.9,5,1.8,68,25.0,0.2237,0.6567,0.4556,0.0576,0.202
NE,31117,McPherson County,"McPherson County, Nebraska",456,20.6,2,1.0,30,15.5,0.0239,0.0118,0.0006,0.0223,0.0016
NE,31119,Madison County,"Madison County, Nebraska",35538,19.5,652,4.7,2198,15.7,0.2284,0.6605,0.5501,0.6529,0.4633
NE,31121,Merrick County,"Merrick County, Nebraska",7675,18.0,87,2.7,509,16.0,0.2405,0.5953,0.2399,0.0955,0.1947
NE,31123,Morrill County,"Morrill County, Nebraska",4562,17.9,70,3.9,310,17.1,0.434,0.5635,0.5161,0.0904,0.3143
NE,31125,Nance County,"Nance County, Nebraska",3366,22.5,20,1.5,243,18.6,0.1976,0.2183,0.1094,0.0121,0.05
NE,31127,Nemaha County,"Nemaha County, Nebraska",7019,24.8,170,6.0,575,20.2,0.5953,0.2342,0.2781,0.5536,0.4712
NE,31129,Nuckolls County,"Nuckolls County, Nebraska",4092,14.2,42,2.4,332,19.0,0.083,0.0414,0.1572,0.0264,0.014
NE,31131,Otoe County,"Otoe County, Nebraska",15995,16.9,245,3.8,665,10.4,0.0993,0.902,0.3847,0.2173,0.2698
NE,31133,Pawnee County,"Pawnee County, Nebraska",2553,24.4,78,7.3,290,27.1,0.4442,0.9249,0.0983,0.3153,0.49
NE,31135,Perkins County,"Perkins County, Nebraska",2860,16.2,44,3.8,152,13.2,0.1801,0.546,0.1985,0.0764,0.14
NE,31137,Phelps County,"Phelps County, Nebraska",8966,20.0,221,5.8,626,16.5,0.174,0.5094,0.2485,0.6309,0.3242
NE,31139,Pierce County,"Pierce County, Nebraska",7301,14.1,97,3.4,378,13.1,0.0684,0.5215,0.0407,0.0169,0.0439
NE,31141,Platte County,"Platte County, Nebraska",34219,16.6,774,5.8,1785,13.4,0.2103,0.7493,0.6013,0.3105,0.371
NE,31143,Polk County,"Polk County, Nebraska",5182,13.6,48,2.4,281,13.9,0.0706,0.2813,0.2628,0.0404,0.0477
NE,31145,Red Willow County,"Red Willow County, Nebraska",10690,20.2,352,8.2,729,16.9,0.3353,0.3576,0.2781,0.5062,0.3522
NE,31147,Richardson County,"Richardson County, Nebraska",7850,22.3,237,6.6,649,18.1,0.4133,0.5784,0.2399,0.1244,0.2883
NE,31149,Rock County,"Rock County, Nebraska",1312,17.2,21,3.6,111,19.2,0.041,0.3812,0.0019,0.07,0.0423
NE,31151,Saline County,"Saline County, Nebraska",14275,20.7,103,2.0,820,16.0,0.3878,0.7082,0.7003,0.3624,0.4989
NE,31153,Sarpy County,"Sarpy County, Nebraska",191272,10.4,2153,3.0,4079,5.7,0.0417,0.3551,0.5488,0.0748,0.0776
NE,31155,Saunders County,"Saunders County, Nebraska",22374,11.7,310,3.5,907,10.3,0.0143,0.1527,0.0983,0.0337,0.0108
NE,31157,Scotts Bluff County,"Scotts Bluff County, Nebraska",36048,21.0,901,6.0,2648,17.5,0.5367,0.9507,0.6599,0.5733,0.7356
NE,31159,Seward County,"Seward County, Nebraska",17644,12.9,301,4.6,769,11.7,0.0321,0.071,0.0757,0.4095,0.0563
NE,31161,Sheridan County,"Sheridan County, Nebraska",5102,20.0,94,4.5,361,17.2,0.2825,0.4318,0.5352,0.3891,0.3462
NE,31163,Sherman County,"Sherman County, Nebraska",2970,19.9,65,5.0,311,23.9,0.273,0.5714,0.0983,0.2774,0.2641
NE,31165,Sioux County,"Sioux County, Nebraska",1162,33.0,24,5.3,130,28.9,0.3439,0.5676,0.1572,0.315,0.3204
NE,31167,Stanton County,"Stanton County, Nebraska",5828,12.9,45,2.0,387,17.3,0.0057,0.0907,0.2879,0.013,0.0054
NE,31169,Thayer County,"Thayer County, Nebraska",5006,22.6,84,4.1,342,16.6,0.1368,0.3554,0.1094,0.1966,0.1301
NE,31171,Thomas County,"Thomas County, Nebraska",592,12.2,8,2.6,28,9.2,0.0213,0.0207,0.3675,0.0038,0.0019
NE,31173,Thurston County,"Thurston County, Nebraska",6716,31.4,172,8.6,476,23.9,0.7786,0.6188,0.9443,0.6831,0.798
NE,31175,Valley County,"Valley County, Nebraska",4053,17.7,74,4.2,369,21.1,0.0824,0.5842,0.0115,0.2851,0.1464
NE,31177,Washington County,"Washington County, Nebraska",20884,12.3,224,2.7,738,9.0,0.0302,0.1187,0.0983,0.0379,0.0143
NE,31179,Wayne County,"Wayne County, Nebraska",9701,23.2,183,4.9,527,14.1,0.2596,0.0601,0.3166,0.3013,0.1626
NE,31181,Webster County,"Webster County, Nebraska",3410,19.5,41,2.8,196,13.2,0.0461,0.1814,0.2914,0.0493,0.0375
NE,31183,Wheeler County,"Wheeler County, Nebraska",771,20.0,6,1.7,82,23.7,0.105,0.1209,0.0013,0.0617,0.0385
NE,31185,York County,"York County, Nebraska",14212,16.4,159,2.8,456,8.2,0.0407,0.1479,0.2959,0.5682,0.1359
NV,32001,Churchill County,"Churchill County, Nevada",25409,18.9,340,3.5,966,10.1,0.5161,0.7703,0.6516,0.5317,0.6271
NV,32003,Clark County,"Clark County, Nevada",2265926,22.7,64086,7.7,91732,11.0,0.8969,0.6647,0.9217,0.7127,0.8635
NV,32005,Douglas County,"Douglas County, Nevada",49476,13.7,528,2.5,1506,7.2,0.2046,0.4448,0.5558,0.1231,0.2059
NV,32007,Elko County,"Elko County, Nevada",53600,19.2,1083,5.7,2286,12.0,0.4057,0.5721,0.741,0.7817,0.6185
NV,32009,Esmeralda County,"Esmeralda County, Nevada",980,32.1,132,27.2,86,17.7,0.8638,0.7028,0.7436,0.9567,0.9077
NV,32011,Eureka County,"Eureka County, Nevada",1622,25.6,34,6.0,23,4.0,0.147,0.8339,0.4814,0.5692,0.4254
NV,32013,Humboldt County,"Humboldt County, Nevada",17266,21.2,279,4.0,924,13.2,0.5056,0.6793,0.735,0.5495,0.616
NV,32015,Lander County,"Lander County, Nevada",5728,21.5,54,2.4,101,4.5,0.413,0.9135,0.678,0.363,0.5762
NV,32017,Lincoln County,"Lincoln County, Nevada",4507,11.7,97,5.9,357,21.7,0.3175,0.5472,0.4569,0.9255,0.5749
NV,32019,Lyon County,"Lyon County, Nevada",59435,17.9,636,2.7,2418,10.4,0.7229,0.6602,0.6424,0.1737,0.5593
NV,32021,Mineral County,"Mineral County, Nevada",4568,33.8,26,1.4,375,19.9,0.7935,0.5829,0.8139,0.0738,0.5501
NV,32023,Nye County,"Nye County, Nevada",51698,24.9,994,4.5,4884,22.4,0.8339,0.8606,0.6503,0.469,0.7954
NV,32027,Pershing County,"Pershing County, Nevada",6587,17.1,101,5.4,315,16.7,0.539,0.3341,0.7423,0.901,0.6761
NV,32029,Storey County,"Storey County, Nevada",4095,11.2,35,2.1,166,9.8,0.3732,0.476,0.4779,0.0108,0.1836
NV,32031,Washoe County,"Washoe County, Nevada",486674,18.1,12472,6.5,20052,10.4,0.6322,0.3983,0.776,0.7849,0.6971
NV,32033,White Pine County,"White Pine County, Nevada",8997,16.7,63,1.9,492,14.6,0.1279,0.2835,0.6538,0.4524,0.2498
NV,32510,Carson City,"Carson City, Nevada",58249,20.1,1463,6.3,2727,11.7,0.6771,0.6965,0.7308,0.9755,0.8508
NH,33001,Belknap County,"Belknap County, New Hampshire",63914,13.3,1037,4.0,2748,10.6,0.2033,0.2342,0.1094,0.2221,0.1454
NH,33003,Carroll County,"Carroll County, New Hampshire",50679,13.8,654,3.0,1989,9.2,0.3761,0.1266,0.0579,0.1123,0.1406
NH,33005,Cheshire County,"Cheshire County, New Hampshire",76610,15.8,1436,4.7,3129,10.3,0.2291,0.0248,0.1457,0.5988,0.1702
NH,33007,Coos County,"Coos County, New Hampshire",31430,21.9,1104,8.1,2002,14.7,0.5377,0.3038,0.0881,0.72,0.4862
NH,33009,Grafton County,"Grafton County, New Hampshire",90836,16.2,2321,6.6,4666,13.3,0.2148,0.084,0.328,0.6997,0.2619
NH,33011,Hillsborough County,"Hillsborough County, New Hampshire",422733,11.8,8426,5.1,13258,8.0,0.224,0.097,0.4973,0.4391,0.2234
NH,33013,Merrimack County,"Merrimack County, New Hampshire",153918,12.5,3066,5.1,5616,9.4,0.1635,0.0815,0.2444,0.6701,0.2109
NH,33015,Rockingham County,"Rockingham County, New Hampshire",315169,8.1,3753,3.0,7085,5.6,0.0595,0.0175,0.2692,0.1161,0.02
NH,33017,Strafford County,"Strafford County, New Hampshire",130965,14.3,2620,5.1,5016,9.8,0.2074,0.0086,0.335,0.7321,0.1833
NH,33019,Sullivan County,"Sullivan County, New Hampshire",43356,19.6,844,5.3,2196,13.8,0.3847,0.0659,0.1457,0.3882,0.2186
NJ,34001,Atlantic County,"Atlantic County, New Jersey",274339,21.1,12784,12.0,11324,10.6,0.7712,0.679,0.8317,0.9026,0.853
NJ,34003,Bergen County,"Bergen County, New Jersey",953243,10.5,28027,8.0,23671,6.7,0.3191,0.1553,0.8501,0.651,0.4372
NJ,34005,Burlington County,"Burlington County, New Jersey",461853,11.1,8400,4.8,12038,6.9,0.1829,0.2004,0.7261,0.3299,0.2434
NJ,34007,Camden County,"Camden County, New Jersey",522581,19.1,20928,10.5,20191,10.2,0.665,0.784,0.8396,0.7025,0.7795
NJ,34009,Cape May County,"Cape May County, New Jersey",95456,15.3,2671,6.2,4313,10.0,0.3885,0.3729,0.4445,0.3201,0.3541
NJ,34011,Cumberland County,"Cumberland County, New Jersey",153588,26.8,5082,9.7,7425,14.1,0.9418,0.8934,0.8976,0.9726,0.9793
NJ,34013,Essex County,"Essex County, New Jersey",853374,22.9,66885,21.4,43769,14.0,0.8982,0.7566,0.9644,0.9478,0.9415
NJ,34015,Gloucester County,"Gloucester County, New Jersey",302621,11.8,5536,5.0,9283,8.4,0.2141,0.2469,0.5867,0.2259,0.2173
NJ,34017,Hudson County,"Hudson County, New Jersey",712029,22.4,94317,32.5,28182,9.7,0.8241,0.1785,0.9669,0.8365,0.7827
NJ,34019,Hunterdon County,"Hunterdon County, New Jersey",129099,6.8,1363,2.7,3146,6.3,0.0388,0.0592,0.4725,0.0846,0.035
NJ,34021,Mercer County,"Mercer County, New Jersey",383732,16.8,16249,11.6,15959,11.4,0.5597,0.4053,0.8864,0.9383,0.7445
NJ,34023,Middlesex County,"Middlesex County, New Jersey",860147,13.3,24566,8.1,23454,7.8,0.496,0.2361,0.9201,0.9198,0.6647
NJ,34025,Monmouth County,"Monmouth County, New Jersey",643064,10.5,17000,6.9,18335,7.4,0.202,0.1254,0.6223,0.3338,0.2138
NJ,34027,Morris County,"Morris County, New Jersey",508816,8.1,9707,5.1,11132,5.9,0.1142,0.097,0.6847,0.3614,0.1667
NJ,34029,Ocean County,"Ocean County, New Jersey",638691,17.2,14243,5.9,32599,13.6,0.3668,0.609,0.4699,0.3385,0.4133
NJ,34031,Passaic County,"Passaic County, New Jersey",519986,22.4,26095,14.7,18377,10.4,0.917,0.6866,0.922,0.8737,0.9112
NJ,34033,Salem County,"Salem County, New Jersey",64840,20.7,2339,9.5,3118,12.6,0.6134,0.7073,0.6402,0.5842,0.6739
NJ,34035,Somerset County,"Somerset County, New Jersey",344978,8.6,5759,4.5,6198,4.9,0.1381,0.1072,0.8549,0.2969,0.1912
NJ,34037,Sussex County,"Sussex County, New Jersey",144808,9.3,1812,3.2,3783,6.7,0.1339,0.0391,0.4741,0.0509,0.0458
NJ,34039,Union County,"Union County, New Jersey",572079,16.1,21239,10.6,18071,9.0,0.7579,0.6118,0.9325,0.7665,0.8145
NJ,34041,Warren County,"Warren County, New Jersey",109739,12.3,2800,6.3,4622,10.4,0.287,0.1269,0.5558,0.3077,0.245
NM,35001,Bernalillo County,"Bernalillo County, New Mexico",674692,26.0,19591,7.0,37001,13.2,0.7296,0.6564,0.9364,0.7168,0.7929
NM,35003,Catron County,"Catron County, New Mexico",3635,40.6,91,5.7,596,37.0,0.4384,0.4524,0.5406,0.4206,0.4483
NM,35005,Chaves County,"Chaves County, New Mexico",64701,33.6,1386,6.0,5754,24.7,0.8683,0.9854,0.9389,0.8864,0.9701
NM,35006,Cibola County,"Cibola County, New Mexico",27211,39.0,445,5.5,2610,32.1,0.8435,0.9497,0.9844,0.9555,0.9663
NM,35007,Colfax County,"Colfax County, New Mexico",12370,33.2,483,8.7,1389,25.0,0.5775,0.6513,0.8874,0.9341,0.7989
NM,35009,Curry County,"Curry County, New Mexico",48327,31.2,793,4.3,2359,12.7,0.9529,0.9555,0.8934,0.6042,0.9395
NM,35011,De Baca County,"De Baca County, New Mexico",1695,26.8,41,5.5,186,25.1,0.7162,0.4232,0.9434,0.0897,0.5043
NM,35013,Doña Ana County,"Doña Ana County, New Mexico",219870,35.4,4670,5.7,13447,16.4,0.9688,0.9071,0.9714,0.958,0.9873
NM,35015,Eddy County,"Eddy County, New Mexico",61264,20.9,1066,4.7,4142,18.2,0.3888,0.8696,0.9017,0.5237,0.6382
NM,35017,Grant County,"Grant County, New Mexico",28006,33.3,455,4.0,1863,16.5,0.6707,0.6936,0.889,0.6106,0.7404
NM,35019,Guadalupe County,"Guadalupe County, New Mexico",4413,32.3,51,3.9,355,27.4,0.8221,0.7766,0.9889,0.7976,0.8791
NM,35021,Harding County,"Harding County, New Mexico",671,32.6,22,9.1,88,36.2,0.5485,0.6742,0.8988,0.5485,0.6615
NM,35023,Hidalgo County,"Hidalgo County, New Mexico",4160,35.2,112,7.2,379,24.3,0.6984,0.8371,0.9354,0.9905,0.9179
NM,35025,Lea County,"Lea County, New Mexico",73103,28.5,1105,4.5,4218,17.3,0.9189,0.8301,0.9504,0.8766,0.9399
NM,35027,Lincoln County,"Lincoln County, New Mexico",20222,29.4,404,4.5,1762,19.5,0.8116,0.9195,0.7916,0.5269,0.8346
NM,35028,Los Alamos County,"Los Alamos County, New Mexico",19253,7.1,97,1.2,532,6.5,0.0003,0.0255,0.658,0.0789,0.0099
NM,35029,Luna County,"Luna County, New Mexico",25393,43.2,727,8.1,2097,23.4,0.9577,1.0,0.9704,0.9367,0.9997
NM,35031,McKinley County,"McKinley County, New Mexico",72073,48.2,2477,11.8,9803,46.9,0.9325,0.9208,0.9968,0.8985,0.9695
NM,35033,Mora County,"Mora County, New Mexico",4208,34.5,150,7.2,974,46.6,0.399,0.9873,0.9831,0.1562,0.6169
NM,35035,Otero County,"Otero County, New Mexico",67850,30.9,1166,4.9,3355,14.1,0.8594,0.9192,0.8851,0.8686,0.9294
NM,35037,Quay County,"Quay County, New Mexico",8641,39.7,302,8.0,1397,37.2,0.8762,0.9898,0.8832,0.2943,0.8711
NM,35039,Rio Arriba County,"Rio Arriba County, New Mexico",40285,32.6,532,3.8,4686,33.3,0.7152,0.9437,0.9911,0.2545,0.763
NM,35041,Roosevelt County,"Roosevelt County, New Mexico",19142,32.6,434,6.2,1227,17.6,0.9182,0.8737,0.8743,0.9106,0.951
NM,35043,Sandoval County,"Sandoval County, New Mexico",149460,16.5,1629,3.0,6304,11.5,0.3201,0.6672,0.9122,0.1435,0.3933
NM,35045,San Juan County,"San Juan County, New Mexico",121798,37.9,2507,6.1,13373,32.6,0.9637,0.9201,0.9389,0.8234,0.9669
NM,35047,San Miguel County,"San Miguel County, New Mexico",27215,34.5,851,7.3,3289,28.4,0.8772,0.9593,0.9873,0.9866,0.9854
NM,35049,Santa Fe County,"Santa Fe County, New Mexico",154481,22.1,2882,4.2,9585,14.1,0.6462,0.692,0.91,0.7057,0.7633
NM,35051,Sierra County,"Sierra County, New Mexico",11506,36.0,393,7.4,1184,22.4,0.5746,0.8508,0.7646,0.742,0.7677
NM,35053,Socorro County,"Socorro County, New Mexico",16453,44.9,243,4.9,2239,45.2,0.7194,0.7948,0.9475,0.9637,0.8972
NM,35055,Taos County,"Taos County, New Mexico",34475,28.5,618,4.5,2305,16.8,0.6176,0.8972,0.9411,0.2895,0.6955
NM,35057,Torrance County,"Torrance County, New Mexico",15203,37.8,279,5.0,1435,25.6,0.8142,0.7776,0.881,0.4047,0.7712
NM,35059,Union County,"Union County, New Mexico",4074,34.6,116,7.9,298,20.4,0.6666,0.9901,0.8584,0.9771,0.9526
NM,35061,Valencia County,"Valencia County, New Mexico",76613,28.6,713,2.7,5995,22.8,0.8307,0.9322,0.9561,0.6198,0.8823
NY,36001,Albany County,"Albany County, New York",315041,18.4,16477,12.5,15442,11.7,0.3115,0.1737,0.6656,0.8021,0.461
NY,36003,Allegany County,"Allegany County, New York",47222,26.7,1225,7.3,2691,16.0,0.4973,0.1362,0.119,0.8155,0.4543
NY,36005,Bronx County,"Bronx County, New York",1443229,38.6,316165,60.2,85216,16.2,0.9787,0.9545,0.9952,0.9806,0.9965
NY,36007,Broome County,"Broome County, New York",198365,27.4,10204,12.5,10422,12.8,0.6227,0.5224,0.5065,0.8972,0.7248
NY,36009,Cattaraugus County,"Cattaraugus County, New York",77000,27.1,3289,10.4,6203,19.7,0.6096,0.6087,0.328,0.8358,0.6809
NY,36011,Cayuga County,"Cayuga County, New York",76171,23.1,3092,10.0,4480,14.5,0.4524,0.2062,0.342,0.8839,0.5208
NY,36013,Chautauqua County,"Chautauqua County, New York",127440,27.7,6302,11.8,8209,15.4,0.6147,0.7579,0.4085,0.798,0.7229
NY,36015,Chemung County,"Chemung County, New York",83584,24.1,3538,10.2,5192,14.9,0.5616,0.5507,0.434,0.7156,0.6093
NY,36017,Chenango County,"Chenango County, New York",47096,22.2,1664,8.4,2800,14.1,0.4604,0.4779,0.1225,0.6898,0.4833
NY,36019,Clinton County,"Clinton County, New York",79839,21.4,3094,9.5,4574,14.0,0.384,0.0837,0.2984,0.9103,0.4445
NY,36021,Columbia County,"Columbia County, New York",61469,18.6,1570,6.2,3566,14.1,0.3519,0.4582,0.4518,0.5192,0.427
NY,36023,Cortland County,"Cortland County, New York",46755,21.4,1664,9.0,2934,15.8,0.4165,0.0305,0.265,0.8444,0.3684
NY,36025,Delaware County,"Delaware County, New York",44637,26.0,1397,7.4,2906,15.5,0.5275,0.4938,0.265,0.5822,0.5142
NY,36027,Dutchess County,"Dutchess County, New York",296467,14.1,8193,7.2,9310,8.2,0.3058,0.1613,0.6828,0.7696,0.447
NY,36029,Erie County,"Erie County, New York",951232,21.8,49005,12.1,49349,12.1,0.3602,0.4235,0.6233,0.6395,0.4913
NY,36031,Essex County,"Essex County, New York",37314,19.8,1485,9.4,1942,12.3,0.3096,0.279,0.2164,0.6424,0.3516
NY,36033,Franklin County,"Franklin County, New York",47459,26.2,2088,11.0,3218,17.0,0.5539,0.1425,0.4683,0.8626,0.5597
NY,36035,Fulton County,"Fulton County, New York",53280,24.2,2217,10.0,3366,15.2,0.4566,0.2603,0.3016,0.5189,0.3977
NY,36037,Genesee County,"Genesee County, New York",58204,17.5,2394,9.8,2935,12.0,0.2234,0.1139,0.2959,0.5501,0.2335
NY,36039,Greene County,"Greene County, New York",48067,18.8,1541,8.6,3523,19.7,0.2899,0.1597,0.4569,0.7961,0.4076
NY,36041,Hamilton County,"Hamilton County, New York",5090,20.0,41,2.4,237,13.7,0.3474,0.2122,0.2062,0.1012,0.1654
NY,36043,Herkimer County,"Herkimer County, New York",60293,20.4,2480,10.1,3426,13.9,0.2071,0.2596,0.182,0.6357,0.2755
NY,36045,Jefferson County,"Jefferson County, New York",117445,22.1,3912,8.5,5085,11.0,0.5453,0.3796,0.5237,0.9252,0.6653
NY,36047,Kings County,"Kings County, New York",2679620,28.3,552059,55.3,135747,13.6,0.8775,0.5352,0.9395,0.9249,0.8874
NY,36049,Lewis County,"Lewis County, New York",26690,23.1,596,5.6,1716,16.1,0.3023,0.2106,0.0675,0.2676,0.1925
NY,36051,Livingston County,"Livingston County, New York",61980,18.3,1442,6.0,3007,12.5,0.2453,0.0471,0.3016,0.6328,0.2294
NY,36053,Madison County,"Madison County, New York",68020,17.3,1534,6.1,3258,12.9,0.1689,0.0452,0.2536,0.6207,0.1801
NY,36055,Monroe County,"Monroe County, New York",756406,20.7,34403,10.9,35926,11.4,0.4136,0.6093,0.6806,0.7162,0.5943
NY,36057,Montgomery County,"Montgomery County, New York",49624,26.8,2429,12.8,3708,19.6,0.6895,0.8867,0.5501,0.7232,0.7881
NY,36059,Nassau County,"Nassau County, New York",1389160,9.1,29807,6.6,32006,7.0,0.1324,0.1696,0.8129,0.5584,0.2778
NY,36061,New York County,"New York County, New York",1645867,22.2,601621,77.9,80193,10.4,0.6268,0.0996,0.8896,0.9784,0.7283
NY,36063,Niagara County,"Niagara County, New York",212230,20.2,9704,10.7,11812,13.0,0.3595,0.489,0.4604,0.5383,0.4454
NY,36065,Oneida County,"Oneida County, New York",231055,23.6,9854,10.6,12253,13.2,0.3907,0.7401,0.5237,0.9259,0.6828
NY,36067,Onondaga County,"Onondaga County, New York",472637,21.6,23594,12.2,24493,12.7,0.4146,0.4881,0.6045,0.804,0.588
NY,36069,Ontario County,"Ontario County, New York",112288,16.0,3064,6.5,4864,10.3,0.1327,0.3242,0.3484,0.6367,0.2682
NY,36071,Orange County,"Orange County, New York",401237,20.2,11623,8.6,16830,12.5,0.5097,0.6246,0.776,0.882,0.7299
NY,36073,Orleans County,"Orleans County, New York",40148,22.0,1236,7.6,2263,14.0,0.6427,0.3958,0.42,0.6201,0.58
NY,36075,Oswego County,"Oswego County, New York",118037,25.4,3993,8.5,4983,10.6,0.6137,0.2094,0.1985,0.9227,0.5962
NY,36077,Otsego County,"Otsego County, New York",59678,21.9,1558,7.0,3269,14.7,0.3417,0.0986,0.3086,0.6796,0.3287
NY,36079,Putnam County,"Putnam County, New York",97942,9.2,1427,4.1,2012,5.8,0.1209,0.062,0.6115,0.2326,0.1187
NY,36081,Queens County,"Queens County, New York",2360826,20.0,300112,36.7,87470,10.7,0.8282,0.1899,0.9765,0.8772,0.8024
NY,36083,Rensselaer County,"Rensselaer County, New York",160943,17.3,6801,10.3,6664,10.1,0.2727,0.2396,0.5183,0.7302,0.4047
NY,36085,Richmond County,"Richmond County, New York",492925,16.5,25884,15.2,19694,11.6,0.4413,0.3328,0.8021,0.811,0.5956
NY,36087,Rockland County,"Rockland County, New York",337326,23.3,10128,9.9,12892,12.6,0.6087,0.5062,0.7607,0.8915,0.7471
NY,36089,St. Lawrence County,"St. Lawrence County, New York",108670,27.6,4305,10.4,6644,16.0,0.6701,0.2854,0.2265,0.9815,0.7108
NY,36091,Saratoga County,"Saratoga County, New York",236328,11.1,4685,4.8,8280,8.4,0.0519,0.035,0.335,0.3611,0.0649
NY,36093,Schenectady County,"Schenectady County, New York",159447,18.3,7835,12.2,8030,12.6,0.4012,0.1744,0.6634,0.7388,0.4874
NY,36095,Schoharie County,"Schoharie County, New York",29970,18.0,769,6.3,1904,15.5,0.2704,0.1044,0.2914,0.7576,0.3172
NY,36097,Schuyler County,"Schuyler County, New York",17855,25.1,440,5.9,1186,15.9,0.4267,0.1343,0.119,0.5507,0.3159
NY,36099,Seneca County,"Seneca County, New York",33651,21.6,1190,8.7,2192,16.1,0.6564,0.2902,0.3535,0.707,0.5737
NY,36101,Steuben County,"Steuben County, New York",93584,23.5,3697,9.4,5794,14.8,0.4349,0.4378,0.1861,0.6764,0.4683
NY,36103,Suffolk County,"Suffolk County, New York",1524486,10.5,26674,5.2,41526,8.1,0.223,0.1114,0.7226,0.4321,0.2596
NY,36105,Sullivan County,"Sullivan County, New York",78725,24.2,2951,9.9,4265,14.3,0.7499,0.7652,0.6901,0.9475,0.8654
NY,36107,Tioga County,"Tioga County, New York",48344,18.7,1327,6.5,2372,11.7,0.2584,0.0939,0.119,0.279,0.1505
NY,36109,Tompkins County,"Tompkins County, New York",102555,22.7,5708,13.3,4803,11.2,0.3312,0.0197,0.5829,0.9131,0.3907
NY,36111,Ulster County,"Ulster County, New York",182153,20.6,5195,7.2,6671,9.2,0.5043,0.2125,0.6115,0.7811,0.5511
NY,36113,Warren County,"Warren County, New York",65684,16.5,2543,8.5,3673,12.3,0.2319,0.1279,0.1985,0.4171,0.1954
NY,36115,Washington County,"Washington County, New York",61310,19.0,2141,8.8,3599,14.9,0.4505,0.2523,0.2485,0.6087,0.4127
NY,36117,Wayne County,"Wayne County, New York",91324,18.4,2751,7.3,4852,12.9,0.3226,0.342,0.3446,0.5294,0.3633
NY,36119,Westchester County,"Westchester County, New York",997904,13.6,52149,14.2,32119,8.7,0.4216,0.3821,0.8641,0.9373,0.6685
NY,36121,Wyoming County,"Wyoming County, New York",40338,18.4,1243,7.7,2657,16.4,0.2606,0.0636,0.3322,0.5686,0.2399
NY,36123,Yates County,"Yates County, New York",24713,22.1,1159,13.0,1992,22.4,0.6522,0.1581,0.0675,0.9173,0.5724
NC,37001,Alamance County,"Alamance County, North Carolina",171779,23.5,3343,5.0,9354,13.9,0.6643,0.5266,0.7668,0.7076,0.7136
NC,37003,Alexander County,"Alexander County, North Carolina",36505,21.5,387,2.8,2255,16.4,0.4922,0.2924,0.4018,0.5466,0.4559
NC,37005,Alleghany County,"Alleghany County, North Carolina",10989,34.0,278,5.6,999,20.2,0.8613,0.4998,0.3977,0.5807,0.7168
NC,37007,Anson County,"Anson County, North Carolina",22200,34.8,588,7.1,1313,15.9,0.9736,0.8034,0.8969,0.8256,0.9529
NC,37009,Ashe County,"Ashe County, North Carolina",26759,24.5,495,4.2,2363,20.0,0.5632,0.6382,0.2164,0.2695,0.4518
NC,37011,Avery County,"Avery County, North Carolina",17679,25.8,290,4.5,1178,18.2,0.6624,0.4986,0.3675,0.909,0.7191
NC,37013,Beaufort County,"Beaufort County, North Carolina",44711,27.6,1103,5.8,3595,18.9,0.8654,0.8451,0.7156,0.447,0.8066
NC,37015,Bertie County,"Bertie County, North Carolina",17818,35.8,790,11.3,2470,35.4,0.9784,0.658,0.9446,0.9138,0.9586
NC,37017,Bladen County,"Bladen County, North Carolina",29807,35.0,896,7.9,2236,19.6,0.86,0.7709,0.8352,0.5848,0.8326
NC,37019,Brunswick County,"Brunswick County, North Carolina",139721,16.3,1432,2.4,4403,7.2,0.3535,0.1244,0.504,0.2004,0.2275
NC,37021,Buncombe County,"Buncombe County, North Carolina",269449,21.2,5565,5.4,14521,14.1,0.5094,0.3691,0.4839,0.8409,0.5994
NC,37023,Burke County,"Burke County, North Carolina",87799,28.2,1623,4.6,7087,20.1,0.7149,0.6793,0.5148,0.6249,0.7079
NC,37025,Cabarrus County,"Cabarrus County, North Carolina",226396,16.5,2871,3.7,7221,9.4,0.3614,0.4817,0.7706,0.3376,0.4321
NC,37027,Caldwell County,"Caldwell County, North Carolina",80716,26.0,1541,4.8,5382,16.8,0.7257,0.6981,0.4018,0.4808,0.6503
NC,37029,Camden County,"Camden County, North Carolina",10547,13.0,50,1.3,273,7.1,0.2561,0.6032,0.546,0.1021,0.2523
NC,37031,Carteret County,"Carteret County, North Carolina",68353,16.8,1199,3.9,2659,8.7,0.4547,0.2558,0.4057,0.4432,0.3888
NC,37033,Caswell County,"Caswell County, North Carolina",22747,23.4,404,4.7,1944,22.9,0.7442,0.7646,0.7881,0.4384,0.7302
NC,37035,Catawba County,"Catawba County, North Carolina",161011,22.2,3167,4.9,8708,13.5,0.6055,0.6312,0.6249,0.7016,0.6818
NC,37037,Chatham County,"Chatham County, North Carolina",76754,19.4,961,3.1,4692,15.1,0.2997,0.469,0.6516,0.167,0.2949
NC,37039,Cherokee County,"Cherokee County, North Carolina",28868,29.8,547,4.3,2583,20.2,0.7213,0.2482,0.2854,0.1333,0.3729
NC,37041,Chowan County,"Chowan County, North Carolina",13835,31.8,637,10.2,1176,18.9,0.6806,0.8769,0.7814,0.4594,0.7394
NC,37043,Clay County,"Clay County, North Carolina",11186,23.3,359,7.3,1008,20.6,0.678,0.133,0.2234,0.4155,0.4232
NC,37045,Cleveland County,"Cleveland County, North Carolina",99527,29.6,2380,6.5,8566,23.4,0.8699,0.7044,0.6481,0.8085,0.8524
NC,37047,Columbus County,"Columbus County, North Carolina",50827,35.9,1185,6.2,4359,22.7,0.952,0.8116,0.7951,0.846,0.937
NC,37049,Craven County,"Craven County, North Carolina",101098,24.0,2428,5.9,7166,17.5,0.6373,0.8081,0.7261,0.8597,0.8126
NC,37051,Cumberland County,"Cumberland County, North Carolina",335207,28.1,8760,6.9,14450,11.4,0.833,0.8718,0.9141,0.9558,0.943
NC,37053,Currituck County,"Currituck County, North Carolina",28616,13.8,191,1.7,1157,10.4,0.2409,0.196,0.4248,0.0134,0.0862
NC,37055,Dare County,"Dare County, North Carolina",37160,13.2,288,1.8,1139,7.1,0.3805,0.1384,0.4117,0.1422,0.2071
NC,37057,Davidson County,"Davidson County, North Carolina",169498,24.8,2832,4.2,10058,14.9,0.6249,0.6812,0.5558,0.2752,0.553
NC,37059,Davie County,"Davie County, North Carolina",43030,18.0,822,5.0,1362,8.3,0.3665,0.5523,0.4658,0.3668,0.4057
NC,37061,Duplin County,"Duplin County, North Carolina",49312,31.6,1059,5.2,4803,23.7,0.9058,0.9749,0.8683,0.5549,0.9144
NC,37063,Durham County,"Durham County, North Carolina",325101,20.1,9453,7.0,11233,8.3,0.5873,0.238,0.9065,0.8661,0.686
NC,37065,Edgecombe County,"Edgecombe County, North Carolina",49067,35.5,2016,10.4,4669,24.1,0.966,0.901,0.9418,0.7773,0.9605
NC,37067,Forsyth County,"Forsyth County, North Carolina",383739,24.9,10173,6.6,19913,13.0,0.7652,0.6825,0.8291,0.7436,0.8126
NC,37069,Franklin County,"Franklin County, North Carolina",69680,20.6,848,3.2,3472,13.1,0.5819,0.7019,0.756,0.5107,0.6491
NC,37071,Gaston County,"Gaston County, North Carolina",228972,22.3,4844,5.4,12662,14.0,0.6984,0.6163,0.6726,0.4578,0.65
NC,37073,Gates County,"Gates County, North Carolina",10509,24.0,140,3.4,1082,26.1,0.5765,0.5199,0.7464,0.0633,0.4053
NC,37075,Graham County,"Graham County, North Carolina",8047,21.2,205,6.4,862,27.1,0.7684,0.7792,0.42,0.4591,0.6933
NC,37077,Granville County,"Granville County, North Carolina",61161,23.7,886,4.1,2734,12.7,0.6745,0.5778,0.8164,0.4811,0.6612
NC,37079,Greene County,"Greene County, North Carolina",20407,33.0,372,5.5,1431,21.1,0.9745,0.8272,0.8883,0.985,0.9863
NC,37081,Guilford County,"Guilford County, North Carolina",539557,24.1,13470,6.3,26936,12.7,0.6962,0.5469,0.8797,0.84,0.7865
NC,37083,Halifax County,"Halifax County, North Carolina",48772,38.1,1857,9.2,6677,33.2,0.9844,0.9007,0.9332,0.936,0.987
NC,37085,Harnett County,"Harnett County, North Carolina",134718,24.7,2044,4.3,8816,18.4,0.7432,0.8107,0.7836,0.4302,0.7372
NC,37087,Haywood County,"Haywood County, North Carolina",62152,23.4,1146,4.3,5252,19.8,0.5266,0.5441,0.2323,0.1702,0.3646
NC,37089,Henderson County,"Henderson County, North Carolina",116469,19.7,1820,3.7,6085,12.3,0.4365,0.5959,0.4913,0.2806,0.4286
NC,37091,Hertford County,"Hertford County, North Carolina",21633,35.4,751,9.0,1996,23.9,0.9656,0.735,0.9513,0.8279,0.9427
NC,37093,Hoke County,"Hoke County, North Carolina",52612,25.8,961,5.2,2444,13.2,0.8384,0.9345,0.931,0.6535,0.8909
NC,37095,Hyde County,"Hyde County, North Carolina",4636,37.0,44,2.2,590,29.5,0.9949,0.8966,0.8101,0.1989,0.874
NC,37097,Iredell County,"Iredell County, North Carolina",187839,16.3,2400,3.3,5734,7.9,0.3487,0.4041,0.615,0.3398,0.3773
NC,37099,Jackson County,"Jackson County, North Carolina",42388,29.2,847,4.8,4230,23.8,0.8174,0.2899,0.5352,0.9386,0.7862
NC,37101,Johnston County,"Johnston County, North Carolina",219042,19.3,3276,4.1,13086,16.5,0.4683,0.6102,0.7261,0.4152,0.5294
NC,37103,Jones County,"Jones County, North Carolina",9263,30.7,297,7.8,932,24.4,0.7973,0.2654,0.7598,0.5695,0.6736
NC,37105,Lee County,"Lee County, North Carolina",63560,27.0,950,4.0,6000,24.9,0.8571,0.9666,0.8072,0.6112,0.8953
NC,37107,Lenoir County,"Lenoir County, North Carolina",55071,36.9,1942,8.6,4861,21.4,0.971,0.9975,0.8794,0.9774,0.9984
NC,37109,Lincoln County,"Lincoln County, North Carolina",87933,15.9,1200,3.4,3677,10.5,0.2746,0.2685,0.4658,0.2666,0.2517
NC,37111,McDowell County,"McDowell County, North Carolina",44629,26.5,1167,6.4,3650,20.1,0.6421,0.7502,0.3847,0.861,0.7518
NC,37113,Macon County,"Macon County, North Carolina",37088,27.4,1119,6.4,3523,20.3,0.6195,0.6351,0.3592,0.2288,0.4906
NC,37115,Madison County,"Madison County, North Carolina",21414,22.8,377,4.5,1750,20.7,0.3573,0.118,0.1654,0.7483,0.35
NC,37117,Martin County,"Martin County, North Carolina",21992,30.0,867,9.3,2016,21.6,0.9275,0.959,0.8641,0.6586,0.9306
NC,37119,Mecklenburg County,"Mecklenburg County, North Carolina",1115403,18.3,24989,5.6,33828,7.6,0.5787,0.4747,0.8915,0.5135,0.6115
NC,37121,Mitchell County,"Mitchell County, North Carolina",14989,20.9,543,8.4,1322,20.4,0.5437,0.629,0.2444,0.658,0.5689
NC,37123,Montgomery County,"Montgomery County, North Carolina",25839,27.1,421,4.4,2259,23.8,0.5705,0.9628,0.7537,0.5816,0.7741
NC,37125,Moore County,"Moore County, North Carolina",100759,16.4,1761,4.2,4891,11.7,0.2778,0.6074,0.5867,0.2157,0.3306
NC,37127,Nash County,"Nash County, North Carolina",95015,24.5,2598,6.9,6818,18.0,0.8403,0.741,0.881,0.8804,0.8902
NC,37129,New Hanover County,"New Hanover County, North Carolina",228134,21.4,6304,6.3,8999,9.0,0.5638,0.0824,0.5797,0.4989,0.4289
NC,37131,Northampton County,"Northampton County, North Carolina",17528,32.3,602,8.1,2723,36.5,0.9548,0.5157,0.9233,0.7786,0.8906
NC,37133,Onslow County,"Onslow County, North Carolina",203686,25.0,2728,3.8,6110,8.6,0.7585,0.6793,0.7213,0.7499,0.7948
NC,37135,Orange County,"Orange County, North Carolina",145919,18.0,2609,4.7,4100,7.4,0.2857,0.0474,0.686,0.8454,0.3945
NC,37137,Pamlico County,"Pamlico County, North Carolina",12317,25.1,247,4.8,853,16.6,0.5972,0.5603,0.6211,0.4146,0.5616
NC,37139,Pasquotank County,"Pasquotank County, North Carolina",40454,21.1,952,6.2,1958,12.7,0.7324,0.6001,0.8473,0.6774,0.7626
NC,37141,Pender County,"Pender County, North Carolina",61592,18.8,719,3.1,3118,13.4,0.5294,0.4671,0.6204,0.573,0.5606
NC,37143,Perquimans County,"Perquimans County, North Carolina",13053,22.5,223,4.0,1035,18.6,0.7175,0.7451,0.6567,0.1858,0.5921
NC,37145,Person County,"Person County, North Carolina",39131,24.8,843,5.2,2435,15.1,0.5558,0.6532,0.7165,0.2787,0.5393
NC,37147,Pitt County,"Pitt County, North Carolina",171196,29.9,6605,9.2,10381,14.4,0.8721,0.5282,0.8524,0.9679,0.9001
NC,37149,Polk County,"Polk County, North Carolina",19538,19.6,313,3.7,1621,19.0,0.3121,0.4578,0.4165,0.413,0.3583
NC,37151,Randolph County,"Randolph County, North Carolina",144403,25.3,2056,3.7,8028,14.4,0.6736,0.7681,0.5679,0.4108,0.6475
NC,37153,Richmond County,"Richmond County, North Carolina",43149,36.7,1781,10.7,3319,20.0,0.9761,0.882,0.825,0.9739,0.986
NC,37155,Robeson County,"Robeson County, North Carolina",117573,41.9,3413,8.0,12570,29.6,0.9828,0.9523,0.9758,0.9784,0.9962
NC,37157,Rockingham County,"Rockingham County, North Carolina",91209,28.5,2722,7.0,8771,22.7,0.875,0.825,0.6516,0.6997,0.8514
NC,37159,Rowan County,"Rowan County, North Carolina",147067,26.1,3355,5.9,7090,12.5,0.7725,0.742,0.6599,0.8832,0.8435
NC,37161,Rutherford County,"Rutherford County, North Carolina",64680,30.0,1587,6.0,5072,19.3,0.7897,0.8584,0.4973,0.6958,0.8072
NC,37163,Sampson County,"Sampson County, North Carolina",59317,31.9,1099,5.1,4748,22.2,0.93,0.8702,0.8721,0.867,0.9459
NC,37165,Scotland County,"Scotland County, North Carolina",34222,40.2,1401,11.5,2494,20.4,0.9857,0.8225,0.9135,0.9981,0.9959
NC,37167,Stanly County,"Stanly County, North Carolina",62723,23.9,1280,5.4,3277,13.8,0.6169,0.769,0.5352,0.5549,0.6631
NC,37169,Stokes County,"Stokes County, North Carolina",44696,21.9,527,2.8,3503,18.4,0.5584,0.4893,0.2959,0.2816,0.4324
NC,37171,Surry County,"Surry County, North Carolina",71429,29.3,1483,5.1,6282,21.7,0.8024,0.8797,0.4814,0.622,0.8005
NC,37173,Swain County,"Swain County, North Carolina",14130,30.0,504,8.9,1447,25.5,0.8581,0.832,0.7894,0.8788,0.901
NC,37175,Transylvania County,"Transylvania County, North Carolina",33131,20.5,655,4.6,1985,13.8,0.3764,0.4661,0.2959,0.7098,0.4773
NC,37177,Tyrrell County,"Tyrrell County, North Carolina",3389,25.7,103,7.6,332,24.6,0.819,0.7945,0.8075,0.7531,0.854
NC,37179,Union County,"Union County, North Carolina",240109,12.8,2205,2.7,5497,6.8,0.2221,0.3786,0.6701,0.0932,0.2008
NC,37181,Vance County,"Vance County, North Carolina",42492,30.8,1258,7.8,3169,19.7,0.9532,0.9745,0.929,0.7283,0.9672
NC,37183,Wake County,"Wake County, North Carolina",1132103,13.9,17022,4.0,24816,5.8,0.2526,0.3229,0.7989,0.4257,0.3621
NC,37185,Warren County,"Warren County, North Carolina",18803,38.6,796,10.4,1961,25.5,0.9707,0.9605,0.931,0.923,0.9879
NC,37187,Washington County,"Washington County, North Carolina",11051,35.0,891,18.2,1646,33.6,0.9475,0.8511,0.9036,0.3716,0.8603
NC,37189,Watauga County,"Watauga County, North Carolina",54540,34.5,716,3.4,2292,10.8,0.8619,0.0048,0.2444,0.5969,0.4238
NC,37191,Wayne County,"Wayne County, North Carolina",117480,29.9,3307,7.0,6140,13.1,0.8788,0.8991,0.8616,0.9545,0.9564
NC,37193,Wilkes County,"Wilkes County, North Carolina",66125,28.3,1561,5.7,4216,15.5,0.8164,0.6491,0.3917,0.5272,0.707
NC,37195,Wilson County,"Wilson County, North Carolina",78667,35.0,2970,9.2,6457,20.0,0.9599,0.8543,0.8909,0.8136,0.952
NC,37197,Yadkin County,"Yadkin County, North Carolina",37280,26.0,683,4.6,2803,18.9,0.7206,0.5113,0.4741,0.5202,0.6233
NC,37199,Yancey County,"Yancey County, North Carolina",18538,25.7,328,4.2,1590,20.2,0.7089,0.6971,0.2109,0.2533,0.5307
ND,38001,Adams County,"Adams County, North Dakota",2190,18.9,71,7.1,184,18.5,0.1495,0.1648,0.2062,0.5708,0.2052
ND,38003,Barnes County,"Barnes County, North Dakota",10826,19.0,275,5.6,848,17.3,0.1355,0.0885,0.2879,0.5838,0.1842
ND,38005,Benson County,"Benson County, North Dakota",5960,39.3,172,9.2,413,22.1,0.4117,0.8565,0.9211,0.8107,0.7426
ND,38007,Billings County,"Billings County, North Dakota",839,13.8,12,3.8,55,17.2,0.0127,0.015,0.0003,0.2113,0.0095
ND,38009,Bottineau County,"Bottineau County, North Dakota",6411,13.1,57,2.2,307,11.7,0.0907,0.1333,0.2854,0.3073,0.111
ND,38011,Bowman County,"Bowman County, North Dakota",2975,16.4,19,1.6,154,13.0,0.251,0.5896,0.2164,0.1899,0.2421
ND,38013,Burke County,"Burke County, North Dakota",2184,11.4,12,1.3,107,11.3,0.0159,0.3194,0.1572,0.0815,0.0363
ND,38015,Burleigh County,"Burleigh County, North Dakota",98443,12.5,2275,5.7,4737,11.9,0.0382,0.1556,0.3939,0.7655,0.1963
ND,38017,Cass County,"Cass County, North Dakota",186328,17.0,4809,6.0,9105,11.5,0.1511,0.0649,0.4636,0.7477,0.2485
ND,38019,Cavalier County,"Cavalier County, North Dakota",3691,15.5,70,4.6,278,18.3,0.0563,0.3882,0.1457,0.1992,0.0955
ND,38021,Dickey County,"Dickey County, North Dakota",5003,18.3,31,1.6,384,20.0,0.1855,0.2036,0.3217,0.1922,0.146
ND,38023,Divide County,"Divide County, North Dakota",2195,18.4,42,4.6,226,25.0,0.1858,0.2619,0.413,0.5587,0.2768
ND,38025,Dunn County,"Dunn County, North Dakota",4049,11.5,29,1.9,240,16.1,0.2036,0.5819,0.552,0.5927,0.4104
ND,38027,Eddy County,"Eddy County, North Dakota",2345,29.6,80,7.4,171,15.9,0.2078,0.5628,0.2733,0.7327,0.4082
ND,38029,Emmons County,"Emmons County, North Dakota",3297,16.4,49,3.3,372,25.0,0.1664,0.028,0.0407,0.1705,0.0506
ND,38031,Foster County,"Foster County, North Dakota",3388,15.5,68,4.6,202,13.5,0.007,0.0716,0.0675,0.1149,0.0127
ND,38033,Golden Valley County,"Golden Valley County, North Dakota",1734,20.7,38,5.6,115,17.1,0.1024,0.5164,0.4117,0.2711,0.1982
ND,38035,Grand Forks County,"Grand Forks County, North Dakota",72927,21.9,1753,5.7,4341,14.1,0.2867,0.0191,0.4839,0.8654,0.3198
ND,38037,Grant County,"Grant County, North Dakota",2320,25.1,40,3.8,226,21.3,0.1973,0.3124,0.2109,0.3535,0.2097
ND,38039,Griggs County,"Griggs County, North Dakota",2309,14.6,36,3.9,176,19.0,0.0258,0.1534,0.021,0.202,0.0407
ND,38041,Hettinger County,"Hettinger County, North Dakota",2477,17.0,22,2.1,208,19.7,0.3268,0.2218,0.1985,0.0853,0.1495
ND,38043,Kidder County,"Kidder County, North Dakota",2391,20.1,3,0.3,316,28.4,0.1031,0.0843,0.2444,0.0312,0.0321
ND,38045,LaMoure County,"LaMoure County, North Dakota",4135,17.8,57,3.4,262,15.4,0.0894,0.0843,0.0229,0.0687,0.0305
ND,38047,Logan County,"Logan County, North Dakota",1849,22.4,10,1.3,154,20.0,0.0856,0.3761,0.1037,0.1053,0.0754
ND,38049,McHenry County,"McHenry County, North Dakota",5326,17.4,116,5.0,476,20.6,0.1709,0.1588,0.0627,0.1416,0.0907
ND,38051,McIntosh County,"McIntosh County, North Dakota",2529,19.8,85,7.1,251,21.0,0.1674,0.1578,0.1572,0.2867,0.1368
ND,38053,McKenzie County,"McKenzie County, North Dakota",14081,25.4,132,2.5,595,11.1,0.3369,0.1145,0.6029,0.874,0.468
ND,38055,McLean County,"McLean County, North Dakota",9781,11.6,137,3.3,698,16.7,0.0156,0.2959,0.363,0.1915,0.0662
ND,38057,Mercer County,"Mercer County, North Dakota",8366,19.0,81,2.3,483,13.7,0.2577,0.4652,0.2587,0.5056,0.3296
ND,38059,Morton County,"Morton County, North Dakota",33192,14.0,328,2.5,1432,10.9,0.0589,0.0274,0.3592,0.2746,0.0519
ND,38061,Mountrail County,"Mountrail County, North Dakota",9648,24.0,171,4.8,642,18.1,0.4333,0.7868,0.8088,0.8142,0.7156
ND,38063,Nelson County,"Nelson County, North Dakota",3025,15.6,31,2.4,282,21.7,0.0274,0.4047,0.2214,0.0646,0.0468
ND,38065,Oliver County,"Oliver County, North Dakota",1832,16.1,29,4.2,127,18.2,0.0242,0.5256,0.2164,0.1584,0.0808
ND,38067,Pembina County,"Pembina County, North Dakota",6853,17.8,69,2.3,568,19.2,0.1934,0.14,0.3016,0.1429,0.1206
ND,38069,Pierce County,"Pierce County, North Dakota",3999,17.5,54,3.2,243,14.4,0.111,0.4776,0.1654,0.1199,0.1155
ND,38071,Ramsey County,"Ramsey County, North Dakota",11613,23.1,404,8.0,934,18.5,0.2186,0.5848,0.4973,0.7658,0.4747
ND,38073,Ransom County,"Ransom County, North Dakota",5663,15.3,97,4.1,445,19.0,0.0805,0.0515,0.2914,0.4015,0.0935
ND,38075,Renville County,"Renville County, North Dakota",2282,12.1,29,3.4,55,6.4,0.0363,0.0375,0.0264,0.195,0.0245
ND,38077,Richland County,"Richland County, North Dakota",16548,19.4,490,7.2,923,13.6,0.1091,0.1448,0.2984,0.7821,0.2459
ND,38079,Rolette County,"Rolette County, North Dakota",12292,36.8,310,8.5,650,17.7,0.8358,0.6847,0.985,0.8947,0.8934
ND,38081,Sargent County,"Sargent County, North Dakota",3828,10.4,43,2.5,218,12.6,0.0022,0.2253,0.2536,0.1059,0.0251
ND,38083,Sheridan County,"Sheridan County, North Dakota",1338,14.8,14,2.2,136,21.1,0.071,0.0325,0.0264,0.0207,0.0073
ND,38085,Sioux County,"Sioux County, North Dakota",3896,54.1,140,13.4,284,27.1,0.9551,0.6166,0.9908,0.8104,0.9176
ND,38087,Slope County,"Slope County, North Dakota",837,17.0,4,1.1,67,19.1,0.0977,0.1378,0.0299,0.006,0.0134
ND,38089,Stark County,"Stark County, North Dakota",32989,16.4,685,5.2,1760,13.3,0.1944,0.0865,0.3977,0.8425,0.3112
ND,38091,Steele County,"Steele County, North Dakota",1774,19.2,5,0.7,193,27.0,0.028,0.0783,0.015,0.1906,0.0299
ND,38093,Stutsman County,"Stutsman County, North Dakota",21609,21.6,473,5.2,1717,18.8,0.4792,0.2164,0.2399,0.6723,0.4419
ND,38095,Towner County,"Towner County, North Dakota",2152,25.2,32,3.3,206,21.4,0.4311,0.5784,0.4222,0.02,0.2297
ND,38097,Traill County,"Traill County, North Dakota",8004,13.9,190,5.8,726,22.1,0.0293,0.0576,0.2692,0.4493,0.0697
ND,38099,Walsh County,"Walsh County, North Dakota",10553,19.3,215,4.8,985,22.1,0.23,0.4521,0.4683,0.4843,0.3385
ND,38101,Ward County,"Ward County, North Dakota",69532,13.9,1225,4.3,3213,11.3,0.1499,0.0671,0.5065,0.756,0.2571
ND,38103,Wells County,"Wells County, North Dakota",3990,19.7,112,6.2,334,18.6,0.1508,0.3557,0.0525,0.6217,0.2437
ND,38105,Williams County,"Williams County, North Dakota",39076,13.9,1011,6.5,2563,16.4,0.2262,0.4766,0.5778,0.8762,0.5062
OH,39001,Adams County,"Adams County, Ohio",27509,32.4,791,7.8,2055,20.2,0.8349,0.7181,0.0229,0.4508,0.6516
OH,39003,Allen County,"Allen County, Ohio",102087,21.5,3068,7.5,5229,12.8,0.4152,0.672,0.5326,0.6659,0.5673
OH,39005,Ashland County,"Ashland County, Ohio",52522,20.9,1409,6.9,3088,15.1,0.3194,0.2081,0.0675,0.6522,0.3096
OH,39007,Ashtabula County,"Ashtabula County, Ohio",97666,30.0,3274,8.5,5880,15.3,0.8995,0.6704,0.3675,0.7906,0.8247
OH,39009,Athens County,"Athens County, Ohio",61276,34.8,1519,6.7,3807,16.9,0.7165,0.0363,0.3086,0.9332,0.5772
OH,39011,Auglaize County,"Auglaize County, Ohio",46263,12.4,686,3.6,2341,12.4,0.0229,0.1915,0.0579,0.092,0.0261
OH,39013,Belmont County,"Belmont County, Ohio",66554,22.7,1802,6.9,4678,18.0,0.3503,0.1505,0.2234,0.5609,0.3067
OH,39015,Brown County,"Brown County, Ohio",43715,24.6,995,5.9,3105,18.3,0.504,0.4006,0.021,0.392,0.3691
OH,39017,Butler County,"Butler County, Ohio",388327,18.8,7045,4.9,13880,9.6,0.3649,0.5145,0.5597,0.4254,0.4346
OH,39019,Carroll County,"Carroll County, Ohio",26761,21.4,793,7.0,2644,23.3,0.3729,0.6137,0.0525,0.3032,0.3255
OH,39021,Champaign County,"Champaign County, Ohio",38715,15.9,764,4.9,1911,12.2,0.1705,0.1559,0.1861,0.181,0.1123
OH,39023,Clark County,"Clark County, Ohio",135877,24.5,3947,7.1,6243,11.3,0.6287,0.8387,0.4699,0.4998,0.6627
OH,39025,Clermont County,"Clermont County, Ohio",208851,15.2,3931,4.8,7600,9.2,0.1896,0.1575,0.2109,0.2634,0.1479
OH,39027,Clinton County,"Clinton County, Ohio",42077,24.0,661,4.0,2076,12.7,0.3299,0.4979,0.1753,0.3303,0.3038
OH,39029,Columbiana County,"Columbiana County, Ohio",101723,22.7,2969,7.2,6488,15.7,0.4225,0.3621,0.1654,0.6058,0.4162
OH,39031,Coshocton County,"Coshocton County, Ohio",36629,27.9,1427,9.7,3149,21.4,0.7623,0.7213,0.0579,0.5262,0.6351
OH,39033,Crawford County,"Crawford County, Ohio",41861,25.8,1004,5.5,2506,13.8,0.5291,0.7576,0.0757,0.1489,0.3856
OH,39035,Cuyahoga County,"Cuyahoga County, Ohio",1256620,24.8,68155,12.3,77873,14.1,0.6554,0.6946,0.8043,0.6281,0.7305
OH,39037,Darke County,"Darke County, Ohio",51751,22.5,1057,5.0,3315,15.8,0.2148,0.2755,0.0407,0.0649,0.0961
OH,39039,Defiance County,"Defiance County, Ohio",38300,18.1,777,5.1,2136,14.0,0.2144,0.6239,0.4222,0.1747,0.2529
OH,39041,Delaware County,"Delaware County, Ohio",216074,7.1,2010,2.6,3144,4.0,0.0054,0.1651,0.4998,0.0445,0.0239
OH,39043,Erie County,"Erie County, Ohio",75299,18.9,1903,5.9,4957,15.4,0.3462,0.5962,0.5081,0.3283,0.4015
OH,39045,Fairfield County,"Fairfield County, Ohio",159371,15.4,2341,4.0,6256,10.7,0.1594,0.4543,0.4699,0.182,0.196
OH,39047,Fayette County,"Fayette County, Ohio",28901,25.4,771,6.6,1741,15.0,0.5807,0.5943,0.2364,0.1454,0.3913
OH,39049,Franklin County,"Franklin County, Ohio",1318149,22.3,38572,7.1,42598,7.9,0.5409,0.5297,0.776,0.6977,0.6497
OH,39051,Fulton County,"Fulton County, Ohio",42602,15.6,422,2.5,1970,11.7,0.0675,0.4467,0.3563,0.0255,0.0585
OH,39053,Gallia County,"Gallia County, Ohio",29276,28.6,1027,9.1,2724,24.1,0.6535,0.3385,0.1753,0.8193,0.601
OH,39055,Geauga County,"Geauga County, Ohio",95455,11.4,3127,8.9,4809,13.6,0.1139,0.1129,0.1152,0.2918,0.0961
OH,39057,Greene County,"Greene County, Ohio",167567,16.3,3001,4.5,5638,8.4,0.1715,0.0799,0.489,0.3471,0.1658
OH,39059,Guernsey County,"Guernsey County, Ohio",38409,26.2,1119,6.9,2754,17.0,0.6844,0.538,0.1339,0.4636,0.5352
OH,39061,Hamilton County,"Hamilton County, Ohio",827671,22.1,36070,10.4,35841,10.3,0.462,0.5243,0.7366,0.6713,0.5908
OH,39063,Hancock County,"Hancock County, Ohio",75072,17.7,1539,4.9,3364,10.7,0.1177,0.2246,0.3563,0.349,0.1604
OH,39065,Hardin County,"Hardin County, Ohio",30622,26.6,952,8.2,1845,15.9,0.5533,0.1775,0.119,0.8575,0.5177
OH,39067,Harrison County,"Harrison County, Ohio",14528,23.5,426,7.3,1126,19.4,0.6182,0.4598,0.1037,0.5985,0.5262
OH,39069,Henry County,"Henry County, Ohio",27601,17.7,414,3.7,1317,11.8,0.1289,0.3093,0.342,0.0719,0.0977
OH,39071,Highland County,"Highland County, Ohio",43285,24.8,1462,8.8,3475,20.8,0.5912,0.357,0.0675,0.5724,0.4763
OH,39073,Hocking County,"Hocking County, Ohio",28104,28.9,463,4.1,1703,15.1,0.545,0.812,0.0675,0.3528,0.4976
OH,39075,Holmes County,"Holmes County, Ohio",44273,17.4,4169,31.3,5090,38.2,0.4887,0.1037,0.0022,0.7646,0.3923
OH,39077,Huron County,"Huron County, Ohio",58518,19.1,1045,4.5,3211,13.9,0.3118,0.6809,0.328,0.1744,0.301
OH,39079,Jackson County,"Jackson County, Ohio",32563,26.5,867,7.0,2325,18.7,0.6713,0.525,0.0337,0.6443,0.5663
OH,39081,Jefferson County,"Jefferson County, Ohio",65280,26.6,2316,8.6,4485,16.6,0.3856,0.3853,0.3058,0.6141,0.433
OH,39083,Knox County,"Knox County, Ohio",62657,21.3,1398,6.0,2989,12.9,0.322,0.3576,0.1094,0.4111,0.2822
OH,39085,Lake County,"Lake County, Ohio",232236,13.4,4371,4.4,9129,9.2,0.1432,0.335,0.4018,0.1483,0.1438
OH,39087,Lawrence County,"Lawrence County, Ohio",57994,27.9,1245,5.5,3867,17.2,0.4623,0.6503,0.0932,0.2447,0.3672
OH,39089,Licking County,"Licking County, Ohio",178844,17.0,3514,5.2,5814,8.6,0.1308,0.4906,0.3748,0.3443,0.2256
OH,39091,Logan County,"Logan County, Ohio",46098,20.7,1029,5.4,2248,11.7,0.1254,0.2676,0.1861,0.3773,0.1578
OH,39093,Lorain County,"Lorain County, Ohio",313101,20.1,7046,5.7,18938,15.2,0.3589,0.595,0.5819,0.4209,0.4499
OH,39095,Lucas County,"Lucas County, Ohio",430014,26.4,15607,8.6,22488,12.4,0.6545,0.6252,0.7019,0.5794,0.678
OH,39097,Madison County,"Madison County, Ohio",43961,15.3,461,3.0,1633,10.7,0.1963,0.2988,0.377,0.2319,0.195
OH,39099,Mahoning County,"Mahoning County, Ohio",227979,26.1,7952,8.1,13910,14.2,0.559,0.7216,0.6128,0.5043,0.6179
OH,39101,Marion County,"Marion County, Ohio",65366,26.8,1837,7.6,3164,13.0,0.6007,0.6242,0.3802,0.7222,0.6443
OH,39103,Medina County,"Medina County, Ohio",182347,10.5,2544,3.5,6901,9.6,0.0207,0.0888,0.1861,0.0388,0.0111
OH,39105,Meigs County,"Meigs County, Ohio",22242,33.2,586,6.6,2319,26.3,0.7795,0.7149,0.015,0.3831,0.5848
OH,39107,Mercer County,"Mercer County, Ohio",42321,15.0,697,4.4,1792,11.2,0.0223,0.104,0.0627,0.1257,0.0223
OH,39109,Miami County,"Miami County, Ohio",108818,15.4,2065,4.7,4610,10.4,0.1034,0.2752,0.2444,0.0579,0.0643
OH,39111,Monroe County,"Monroe County, Ohio",13401,26.7,503,9.0,1234,22.1,0.483,0.4429,0.0299,0.5437,0.4263
OH,39113,Montgomery County,"Montgomery County, Ohio",536121,23.5,20507,9.0,26272,11.5,0.5803,0.6952,0.6752,0.686,0.6904
OH,39115,Morgan County,"Morgan County, Ohio",13851,30.6,325,5.7,1353,23.9,0.7101,0.483,0.2485,0.4372,0.5425
OH,39117,Morrow County,"Morrow County, Ohio",35049,16.7,591,4.5,1601,12.1,0.195,0.3366,0.0474,0.2011,0.1486
OH,39119,Muskingum County,"Muskingum County, Ohio",86393,24.2,2384,6.9,4580,13.2,0.4989,0.4795,0.2587,0.636,0.511
OH,39121,Noble County,"Noble County, Ohio",14216,25.4,462,10.2,1068,23.5,0.5282,0.5307,0.119,0.8508,0.5902
OH,39123,Ottawa County,"Ottawa County, Ohio",40367,14.0,701,3.9,2817,15.7,0.0659,0.3306,0.2485,0.2027,0.105
OH,39125,Paulding County,"Paulding County, Ohio",18827,18.2,330,4.3,1577,20.8,0.1658,0.7187,0.2399,0.0356,0.1387
OH,39127,Perry County,"Perry County, Ohio",35451,23.5,979,7.3,2165,16.2,0.441,0.2803,0.0229,0.5889,0.3688
OH,39129,Pickaway County,"Pickaway County, Ohio",58809,19.6,1263,6.0,2926,13.9,0.3681,0.2488,0.2164,0.5867,0.3592
OH,39131,Pike County,"Pike County, Ohio",27151,36.1,642,6.1,2379,22.7,0.7617,0.7229,0.0735,0.629,0.6701
OH,39133,Portage County,"Portage County, Ohio",161217,19.5,4539,7.1,8052,12.7,0.4006,0.029,0.3649,0.7337,0.3293
OH,39135,Preble County,"Preble County, Ohio",40929,16.6,674,4.1,2359,14.2,0.1079,0.2313,0.0337,0.0153,0.0328
OH,39137,Putnam County,"Putnam County, Ohio",34400,10.2,337,2.6,1854,14.1,0.0025,0.1422,0.2364,0.0407,0.0102
OH,39139,Richland County,"Richland County, Ohio",125008,23.5,3760,7.6,7156,14.4,0.5208,0.3455,0.4407,0.679,0.5329
OH,39141,Ross County,"Ross County, Ohio",76957,25.5,1935,6.5,4407,14.9,0.6408,0.363,0.3322,0.7257,0.5931
OH,39143,Sandusky County,"Sandusky County, Ohio",58885,21.1,1095,4.6,3170,13.2,0.2466,0.4537,0.4779,0.2208,0.2622
OH,39145,Scioto County,"Scioto County, Ohio",73716,35.4,2017,7.2,4603,16.4,0.8008,0.4575,0.1861,0.9049,0.7474
OH,39147,Seneca County,"Seneca County, Ohio",55062,20.7,1258,5.7,3160,14.4,0.1607,0.2975,0.3322,0.4416,0.2265
OH,39149,Shelby County,"Shelby County, Ohio",48145,18.4,739,4.0,1902,10.2,0.1874,0.2778,0.2164,0.1855,0.1467
OH,39151,Stark County,"Stark County, Ohio",374199,21.5,10562,6.8,23314,15.1,0.2835,0.4088,0.4248,0.3742,0.3147
OH,39153,Summit County,"Summit County, Ohio",539361,20.2,17769,7.8,23921,10.5,0.3815,0.5237,0.6096,0.3843,0.4407
OH,39155,Trumbull County,"Trumbull County, Ohio",201749,27.2,6795,8.0,15340,18.0,0.56,0.6023,0.413,0.5183,0.5533
OH,39157,Tuscarawas County,"Tuscarawas County, Ohio",92840,21.9,2693,7.1,6433,17.0,0.5822,0.3723,0.1225,0.3898,0.4216
OH,39159,Union County,"Union County, Ohio",63411,8.7,665,2.9,1478,6.5,0.0089,0.0455,0.3723,0.1066,0.0172
OH,39161,Van Wert County,"Van Wert County, Ohio",28833,15.9,485,4.2,1691,14.5,0.0608,0.4015,0.1753,0.0299,0.0449
OH,39163,Vinton County,"Vinton County, Ohio",12790,30.4,229,4.5,1237,24.2,0.4979,0.5291,0.0169,0.2765,0.3595
OH,39165,Warren County,"Warren County, Ohio",243189,9.0,2309,2.6,5187,5.8,0.0102,0.1339,0.4569,0.1689,0.0461
OH,39167,Washington County,"Washington County, Ohio",59639,23.3,1279,5.2,4142,16.8,0.454,0.2628,0.0881,0.4388,0.3274
OH,39169,Wayne County,"Wayne County, Ohio",116680,17.1,4430,10.0,7502,17.0,0.392,0.244,0.1457,0.7413,0.4123
OH,39171,Williams County,"Williams County, Ohio",36973,20.0,687,4.5,2201,14.3,0.1903,0.4585,0.2323,0.1635,0.1785
OH,39173,Wood County,"Wood County, Ohio",131564,19.4,2314,4.3,4979,9.3,0.2164,0.022,0.3818,0.4741,0.1562
OH,39175,Wyandot County,"Wyandot County, Ohio",21818,15.1,415,4.6,1422,15.8,0.021,0.4263,0.0821,0.1177,0.0487
OK,40001,Adair County,"Adair County, Oklahoma",19726,36.6,695,10.1,3078,44.9,0.9348,0.9039,0.9284,0.7967,0.9472
OK,40003,Alfalfa County,"Alfalfa County, Oklahoma",5683,17.7,35,1.9,263,14.4,0.2953,0.377,0.5119,0.3051,0.3048
OK,40005,Atoka County,"Atoka County, Oklahoma",14117,29.4,339,7.0,1244,25.7,0.8199,0.7076,0.6949,0.8718,0.8556
OK,40007,Beaver County,"Beaver County, Oklahoma",5071,18.7,44,2.5,216,12.5,0.3309,0.9332,0.6936,0.0595,0.4034
OK,40009,Beckham County,"Beckham County, Oklahoma",22295,30.3,446,5.6,1042,13.0,0.8473,0.3045,0.6287,0.9698,0.8403
OK,40011,Blaine County,"Blaine County, Oklahoma",8661,24.2,74,2.2,562,16.4,0.7009,0.9621,0.6701,0.3656,0.7553
OK,40013,Bryan County,"Bryan County, Oklahoma",46528,29.7,938,5.2,4008,22.3,0.8209,0.7506,0.6764,0.7747,0.8416
OK,40015,Caddo County,"Caddo County, Oklahoma",26910,31.0,735,8.1,1703,18.7,0.7601,0.8801,0.8304,0.8171,0.8705
OK,40017,Canadian County,"Canadian County, Oklahoma",156681,13.7,1878,3.3,4296,7.6,0.245,0.5253,0.6316,0.3248,0.3433
OK,40019,Carter County,"Carter County, Oklahoma",48202,26.0,948,5.1,3953,21.1,0.6532,0.9707,0.6971,0.4652,0.7751
OK,40021,Cherokee County,"Cherokee County, Oklahoma",47412,31.4,1161,6.5,3735,20.8,0.847,0.7241,0.8899,0.9669,0.9236
OK,40023,Choctaw County,"Choctaw County, Oklahoma",14285,34.3,484,8.3,1654,28.5,0.9367,0.9567,0.797,0.7588,0.9485
OK,40025,Cimarron County,"Cimarron County, Oklahoma",2272,16.4,24,3.2,243,32.3,0.2587,0.9647,0.6656,0.015,0.3134
OK,40027,Cleveland County,"Cleveland County, Oklahoma",295060,20.7,4728,4.1,10167,8.9,0.4954,0.3404,0.6752,0.6694,0.5527
OK,40029,Coal County,"Coal County, Oklahoma",5287,37.8,133,6.4,448,21.5,0.8314,0.9373,0.7226,0.4753,0.8358
OK,40031,Comanche County,"Comanche County, Oklahoma",121777,26.8,3684,8.3,5282,11.9,0.8129,0.8899,0.8346,0.9345,0.9211
OK,40033,Cotton County,"Cotton County, Oklahoma",5537,29.4,143,7.1,375,18.5,0.4976,0.3274,0.6233,0.21,0.3859
OK,40035,Craig County,"Craig County, Oklahoma",14144,34.0,268,5.2,1431,27.6,0.8333,0.936,0.7798,0.91,0.9316
OK,40037,Creek County,"Creek County, Oklahoma",72076,22.5,1262,4.6,4032,14.7,0.4076,0.5358,0.6185,0.5714,0.5205
OK,40039,Custer County,"Custer County, Oklahoma",28391,29.1,429,4.0,1149,10.7,0.6332,0.756,0.7089,0.7528,0.7607
OK,40041,Delaware County,"Delaware County, Oklahoma",40791,30.9,711,4.3,3429,20.6,0.8326,0.7222,0.7474,0.5326,0.7878
OK,40043,Dewey County,"Dewey County, Oklahoma",4504,25.1,39,2.5,253,16.1,0.4318,0.3649,0.5326,0.1982,0.3347
OK,40045,Ellis County,"Ellis County, Oklahoma",3755,22.9,73,5.2,247,17.5,0.671,0.8218,0.4273,0.1413,0.5323
OK,40047,Garfield County,"Garfield County, Oklahoma",62456,23.4,981,4.1,3540,14.9,0.6783,0.9303,0.6402,0.5517,0.7706
OK,40049,Garvin County,"Garvin County, Oklahoma",25806,27.5,392,4.0,1527,15.4,0.5336,0.8689,0.6328,0.1931,0.546
OK,40051,Grady County,"Grady County, Oklahoma",55314,18.0,811,4.0,3075,15.1,0.3637,0.4368,0.5326,0.4983,0.434
OK,40053,Grant County,"Grant County, Oklahoma",4152,25.1,45,3.0,399,26.2,0.2714,0.4413,0.4273,0.1225,0.2208
OK,40055,Greer County,"Greer County, Oklahoma",5531,24.9,163,8.1,450,22.2,0.7353,0.5177,0.6287,0.7162,0.727
OK,40057,Harmon County,"Harmon County, Oklahoma",2499,32.8,50,5.2,186,19.5,0.8807,0.7779,0.8508,0.2428,0.7572
OK,40059,Harper County,"Harper County, Oklahoma",3272,25.2,21,1.7,238,19.6,0.3089,0.8489,0.6487,0.146,0.4028
OK,40061,Haskell County,"Haskell County, Oklahoma",11651,33.3,245,5.4,1042,23.1,0.916,0.9166,0.686,0.3866,0.8387
OK,40063,Hughes County,"Hughes County, Oklahoma",13409,33.4,182,4.7,1022,26.2,0.7999,0.727,0.776,0.6096,0.7945
OK,40065,Jackson County,"Jackson County, Oklahoma",24776,24.5,630,6.4,1153,11.7,0.6831,0.7646,0.7706,0.4451,0.6981
OK,40067,Jefferson County,"Jefferson County, Oklahoma",5420,35.2,175,8.4,605,29.1,0.7232,0.992,0.5978,0.398,0.8056
OK,40069,Johnston County,"Johnston County, Oklahoma",10410,36.2,263,6.8,995,25.6,0.7611,0.9154,0.7016,0.8556,0.875
OK,40071,Kay County,"Kay County, Oklahoma",43859,30.1,1086,6.5,3496,21.0,0.8053,0.957,0.6449,0.6341,0.8549
OK,40073,Kingfisher County,"Kingfisher County, Oklahoma",15290,18.8,174,3.2,765,13.9,0.3153,0.7117,0.6166,0.2297,0.398
OK,40075,Kiowa County,"Kiowa County, Oklahoma",8446,36.2,91,2.8,651,19.8,0.7763,0.9475,0.6373,0.2577,0.741
OK,40077,Latimer County,"Latimer County, Oklahoma",9537,32.2,149,3.9,886,23.0,0.8816,0.6672,0.7655,0.7038,0.8396
OK,40079,Le Flore County,"Le Flore County, Oklahoma",48525,33.8,1045,5.9,4398,24.7,0.8899,0.972,0.6742,0.7566,0.924
OK,40081,Lincoln County,"Lincoln County, Oklahoma",33734,24.4,367,2.9,2943,23.0,0.4362,0.651,0.5183,0.196,0.4101
OK,40083,Logan County,"Logan County, Oklahoma",49919,19.5,558,3.2,1954,11.3,0.2418,0.2374,0.5829,0.4699,0.3003
OK,40085,Love County,"Love County, Oklahoma",10158,25.4,133,3.6,738,20.0,0.7019,0.9367,0.686,0.5752,0.7961
OK,40087,McClain County,"McClain County, Oklahoma",42393,15.5,202,1.3,1533,9.9,0.3061,0.5479,0.574,0.1619,0.2991
OK,40089,McCurtain County,"McCurtain County, Oklahoma",31003,34.1,875,7.8,2927,26.0,0.7906,0.9819,0.7859,0.6971,0.8976
OK,40091,McIntosh County,"McIntosh County, Oklahoma",19159,34.9,384,5.2,2081,28.2,0.7986,0.6694,0.706,0.5418,0.7528
OK,40093,Major County,"Major County, Oklahoma",7678,19.7,112,3.5,367,11.6,0.1893,0.8654,0.4741,0.2491,0.3579
OK,40095,Marshall County,"Marshall County, Oklahoma",15494,30.7,231,4.1,1244,21.9,0.868,0.9946,0.7442,0.3843,0.8769
OK,40097,Mayes County,"Mayes County, Oklahoma",39324,28.0,664,4.4,2217,14.7,0.7394,0.8269,0.7474,0.4788,0.7499
OK,40099,Murray County,"Murray County, Oklahoma",13837,22.9,174,3.4,1384,27.4,0.4397,0.6879,0.6656,0.581,0.5775
OK,40101,Muskogee County,"Muskogee County, Oklahoma",66606,31.1,2001,7.8,6429,25.1,0.8886,0.9427,0.8403,0.9882,0.9774
OK,40103,Noble County,"Noble County, Oklahoma",10981,21.0,68,1.6,899,21.1,0.2431,0.8743,0.5326,0.3538,0.4458
OK,40105,Nowata County,"Nowata County, Oklahoma",9460,27.6,206,5.6,1204,32.5,0.6004,0.6895,0.7276,0.518,0.6529
OK,40107,Okfuskee County,"Okfuskee County, Oklahoma",11349,39.9,266,6.9,956,24.7,0.8037,0.783,0.7843,0.8632,0.8715
OK,40109,Oklahoma County,"Oklahoma County, Oklahoma",795822,25.3,19575,6.2,34322,10.8,0.7801,0.8454,0.8403,0.7012,0.8431
OK,40111,Okmulgee County,"Okmulgee County, Oklahoma",36900,31.5,903,6.5,2786,19.9,0.8928,0.8495,0.7646,0.9033,0.922
OK,40113,Osage County,"Osage County, Oklahoma",46004,22.8,695,4.1,2971,17.6,0.5997,0.4477,0.7537,0.5896,0.6207
OK,40115,Ottawa County,"Ottawa County, Oklahoma",30472,33.7,654,5.6,2527,21.6,0.8015,0.9717,0.7458,0.8756,0.9252
OK,40117,Pawnee County,"Pawnee County, Oklahoma",15682,23.8,195,3.3,1579,26.5,0.4636,0.5227,0.6083,0.4464,0.4979
OK,40119,Payne County,"Payne County, Oklahoma",82058,33.4,1781,5.6,5099,16.0,0.7693,0.0445,0.5969,0.8842,0.6408
OK,40121,Pittsburg County,"Pittsburg County, Oklahoma",43758,29.5,1244,7.1,2805,16.1,0.8702,0.8104,0.6949,0.7572,0.868
OK,40123,Pontotoc County,"Pontotoc County, Oklahoma",38116,23.5,954,6.4,3096,20.9,0.5498,0.6316,0.7391,0.6472,0.6561
OK,40125,Pottawatomie County,"Pottawatomie County, Oklahoma",72734,25.7,1271,4.8,4015,15.2,0.7267,0.6691,0.6561,0.6965,0.7496
OK,40127,Pushmataha County,"Pushmataha County, Oklahoma",10845,38.2,373,8.8,1378,32.6,0.978,0.8326,0.6764,0.5453,0.8896
OK,40129,Roger Mills County,"Roger Mills County, Oklahoma",3423,28.2,13,0.9,173,11.9,0.4664,0.7671,0.5065,0.0102,0.2835
OK,40131,Rogers County,"Rogers County, Oklahoma",95870,16.1,938,2.7,4243,12.1,0.3255,0.4712,0.6634,0.3331,0.3878
OK,40133,Seminole County,"Seminole County, Oklahoma",23592,37.7,600,7.0,2783,32.6,0.9542,0.9179,0.7502,0.8244,0.9523
OK,40135,Sequoyah County,"Sequoyah County, Oklahoma",39538,34.5,705,4.7,3395,22.7,0.8912,0.8247,0.7693,0.4426,0.8183
OK,40137,Stephens County,"Stephens County, Oklahoma",43140,27.0,1143,6.7,3032,17.8,0.7114,0.8871,0.5476,0.349,0.6892
OK,40139,Texas County,"Texas County, Oklahoma",21144,32.3,256,3.7,876,12.8,0.8562,0.8476,0.9112,0.8368,0.9084
OK,40141,Tillman County,"Tillman County, Oklahoma",7013,29.8,204,7.9,681,26.2,0.8597,0.9994,0.805,0.4639,0.9125
OK,40143,Tulsa County,"Tulsa County, Oklahoma",668923,23.7,16294,6.2,27669,10.5,0.7547,0.7871,0.7859,0.6039,0.7846
OK,40145,Wagoner County,"Wagoner County, Oklahoma",82269,15.9,794,2.6,2933,9.7,0.3338,0.7875,0.6806,0.2463,0.4489
OK,40147,Washington County,"Washington County, Oklahoma",52579,26.0,963,4.7,3190,15.6,0.5342,0.9058,0.6487,0.2402,0.5867
OK,40149,Washita County,"Washita County, Oklahoma",10930,22.9,140,3.5,746,18.4,0.602,0.8571,0.504,0.2902,0.5947
OK,40151,Woods County,"Woods County, Oklahoma",8661,27.0,331,9.7,609,17.9,0.6048,0.1674,0.4839,0.7649,0.5584
OK,40153,Woodward County,"Woodward County, Oklahoma",20411,26.5,308,3.8,1298,16.2,0.6647,0.8845,0.5644,0.6484,0.7611
OR,41001,Baker County,"Baker County, Oregon",16685,24.2,336,4.8,1068,15.2,0.5078,0.4508,0.3166,0.5234,0.4811
OR,41003,Benton County,"Benton County, Oregon",95615,25.6,2923,7.7,2768,7.3,0.5399,0.0277,0.5488,0.8918,0.5005
OR,41005,Clackamas County,"Clackamas County, Oregon",420925,12.7,7851,4.9,13041,8.1,0.2377,0.3172,0.5437,0.4273,0.3023
OR,41007,Clatsop County,"Clatsop County, Oregon",41190,18.8,1491,8.6,1709,9.9,0.4903,0.5434,0.4913,0.7149,0.5813
OR,41009,Columbia County,"Columbia County, Oregon",52865,16.2,886,4.4,1693,8.3,0.2943,0.1823,0.4117,0.3096,0.2453
OR,41011,Coos County,"Coos County, Oregon",64908,26.3,1814,6.5,3548,12.6,0.6796,0.6942,0.4636,0.8616,0.7661
OR,41013,Crook County,"Crook County, Oregon",24987,15.2,379,3.7,1267,12.3,0.3293,0.6551,0.3847,0.2529,0.356
OR,41015,Curry County,"Curry County, Oregon",23404,21.0,490,4.4,1357,12.2,0.5387,0.6516,0.4518,0.6519,0.6067
OR,41017,Deschutes County,"Deschutes County, Oregon",199352,16.4,3439,4.2,6459,7.9,0.3662,0.1562,0.4222,0.287,0.2634
OR,41019,Douglas County,"Douglas County, Oregon",111322,24.5,2357,5.1,6537,14.1,0.5969,0.7089,0.4165,0.6586,0.6487
OR,41021,Gilliam County,"Gilliam County, Oregon",1983,23.2,62,7.2,138,16.0,0.6357,0.2867,0.4569,0.5301,0.5282
OR,41023,Grant County,"Grant County, Oregon",7237,24.2,117,3.5,611,18.1,0.7343,0.5326,0.342,0.4222,0.5784
OR,41025,Harney County,"Harney County, Oregon",7496,28.3,198,6.4,568,18.3,0.5737,0.7232,0.4273,0.9892,0.8034
OR,41027,Hood River County,"Hood River County, Oregon",23965,14.9,489,5.4,977,10.8,0.44,0.6045,0.7537,0.9306,0.7111
OR,41029,Jackson County,"Jackson County, Oregon",222604,23.1,4843,5.4,10185,11.3,0.5937,0.6067,0.552,0.8139,0.7025
OR,41031,Jefferson County,"Jefferson County, Oregon",24659,23.0,423,4.9,1025,11.9,0.7827,0.9774,0.8043,0.8727,0.9278
OR,41033,Josephine County,"Josephine County, Oregon",87994,29.6,1716,4.7,4323,11.9,0.8151,0.805,0.4378,0.6376,0.7817
OR,41035,Klamath County,"Klamath County, Oregon",69506,27.8,1446,5.1,4371,15.5,0.8276,0.9125,0.6045,0.6417,0.8438
OR,41037,Lake County,"Lake County, Oregon",8201,29.0,260,7.7,1048,31.2,0.7824,0.6729,0.4913,0.9688,0.8517
OR,41039,Lane County,"Lane County, Oregon",382218,25.3,11699,7.4,14182,8.9,0.6522,0.4903,0.5294,0.9157,0.7375
OR,41041,Lincoln County,"Lincoln County, Oregon",50334,24.0,1090,4.8,2311,10.3,0.7127,0.8517,0.5294,0.4814,0.7165
OR,41043,Linn County,"Linn County, Oregon",128598,21.3,2204,4.4,5276,10.6,0.6347,0.6195,0.4779,0.6758,0.6586
OR,41045,Malheur County,"Malheur County, Oregon",31538,35.1,575,5.8,1557,15.6,0.937,0.951,0.7878,0.9949,0.9908
OR,41047,Marion County,"Marion County, Oregon",345815,22.9,7631,6.2,12001,9.7,0.7773,0.8641,0.7502,0.95,0.902
OR,41049,Morrow County,"Morrow County, Oregon",12140,30.6,64,1.5,546,13.0,0.609,0.937,0.8101,0.5612,0.7735
OR,41051,Multnomah County,"Multnomah County, Oregon",808098,19.7,43023,12.5,25934,7.6,0.5037,0.105,0.6993,0.9345,0.5927
OR,41053,Polk County,"Polk County, Oregon",87600,19.9,1657,5.1,3097,9.6,0.4626,0.7792,0.5978,0.6828,0.6395
OR,41055,Sherman County,"Sherman County, Oregon",1900,24.9,57,7.4,155,20.1,0.3204,0.4773,0.377,0.3503,0.3376
OR,41057,Tillamook County,"Tillamook County, Oregon",27345,20.9,560,4.9,1421,12.3,0.4795,0.8256,0.4839,0.6955,0.6507
OR,41059,Umatilla County,"Umatilla County, Oregon",79904,22.2,1499,5.5,4491,16.4,0.6697,0.9625,0.7448,0.9854,0.9259
OR,41061,Union County,"Union County, Oregon",26286,25.5,792,7.4,1723,16.1,0.581,0.5285,0.3675,0.9542,0.7187
OR,41063,Wallowa County,"Wallowa County, Oregon",7439,16.5,162,5.0,603,18.4,0.2354,0.6822,0.2879,0.6888,0.4461
OR,41065,Wasco County,"Wasco County, Oregon",26639,24.3,687,6.6,1596,15.2,0.7623,0.769,0.6402,0.9873,0.8937
OR,41067,Washington County,"Washington County, Oregon",599541,13.5,12983,5.6,13144,5.7,0.2724,0.1779,0.7502,0.5676,0.3703
OR,41069,Wheeler County,"Wheeler County, Oregon",1407,25.1,20,3.2,117,18.8,0.4267,0.2771,0.3977,0.1171,0.2479
OR,41071,Yamhill County,"Yamhill County, Oregon",107674,18.5,2118,5.5,3866,10.1,0.4534,0.6863,0.6102,0.9424,0.7232
PA,42001,Adams County,"Adams County, Pennsylvania",104604,13.7,1878,4.7,4495,11.2,0.2135,0.3108,0.3535,0.252,0.21
PA,42003,Allegheny County,"Allegheny County, Pennsylvania",1245310,17.5,69137,12.7,60879,11.2,0.2011,0.2221,0.5759,0.6004,0.314
PA,42005,Armstrong County,"Armstrong County, Pennsylvania",65538,19.0,2012,7.2,4562,16.4,0.1791,0.167,0.0191,0.2914,0.132
PA,42007,Beaver County,"Beaver County, Pennsylvania",167629,17.1,6113,8.5,9678,13.4,0.203,0.3191,0.3563,0.3653,0.2386
PA,42009,Bedford County,"Bedford County, Pennsylvania",47613,21.2,1131,5.8,3575,18.3,0.3468,0.1518,0.0169,0.244,0.1868
PA,42011,Berks County,"Berks County, Pennsylvania",428483,18.8,13985,8.7,21545,13.4,0.5383,0.7012,0.6806,0.6669,0.6659
PA,42013,Blair County,"Blair County, Pennsylvania",122640,21.6,4292,8.5,8321,16.4,0.2622,0.3299,0.1339,0.609,0.3108
PA,42015,Bradford County,"Bradford County, Pennsylvania",60159,22.5,1820,7.5,3797,15.6,0.4025,0.3357,0.0579,0.587,0.3754
PA,42017,Bucks County,"Bucks County, Pennsylvania",645163,9.5,11697,4.7,16929,6.9,0.0967,0.2129,0.5005,0.2103,0.1317
PA,42019,Butler County,"Butler County, Pennsylvania",194562,13.7,4575,5.8,8688,10.9,0.0722,0.036,0.1225,0.4728,0.0786
PA,42021,Cambria County,"Cambria County, Pennsylvania",133263,22.4,6188,11.1,10209,18.4,0.2288,0.4225,0.2323,0.6793,0.3605
PA,42023,Cameron County,"Cameron County, Pennsylvania",4536,30.1,226,10.2,476,21.5,0.5014,0.6688,0.1094,0.4483,0.4734
PA,42025,Carbon County,"Carbon County, Pennsylvania",65018,19.6,1498,5.6,3457,13.0,0.5301,0.209,0.2984,0.175,0.2895
PA,42027,Centre County,"Centre County, Pennsylvania",158665,23.8,5935,10.2,8813,15.1,0.3576,0.0025,0.4496,0.9803,0.3344
PA,42029,Chester County,"Chester County, Pennsylvania",536474,9.8,8204,4.1,13577,6.8,0.0655,0.1238,0.5679,0.3102,0.1244
PA,42031,Clarion County,"Clarion County, Pennsylvania",37489,23.9,983,6.6,2615,17.7,0.4263,0.0958,0.0579,0.6475,0.315
PA,42033,Clearfield County,"Clearfield County, Pennsylvania",79707,23.2,2372,7.5,6165,19.4,0.4356,0.4983,0.1928,0.7292,0.5017
PA,42035,Clinton County,"Clinton County, Pennsylvania",37860,23.2,1413,9.5,2658,17.9,0.6602,0.2717,0.0821,0.7407,0.5409
PA,42037,Columbia County,"Columbia County, Pennsylvania",64924,24.1,1882,7.3,3866,14.9,0.3831,0.0312,0.2265,0.6732,0.2813
PA,42039,Crawford County,"Crawford County, Pennsylvania",83876,24.8,3213,9.7,5456,16.4,0.5402,0.6335,0.1152,0.7556,0.5842
PA,42041,Cumberland County,"Cumberland County, Pennsylvania",261269,12.8,5695,5.5,10364,10.0,0.1231,0.1476,0.4725,0.5282,0.2068
PA,42043,Dauphin County,"Dauphin County, Pennsylvania",286108,19.3,10650,9.0,14505,12.3,0.3478,0.6297,0.7474,0.6316,0.5476
PA,42045,Delaware County,"Delaware County, Pennsylvania",575312,15.8,21878,10.1,19325,9.0,0.3853,0.4515,0.7299,0.7579,0.5654
PA,42047,Elk County,"Elk County, Pennsylvania",30886,17.7,866,6.4,2125,15.8,0.1569,0.1661,0.0299,0.1419,0.0824
PA,42049,Erie County,"Erie County, Pennsylvania",270495,24.6,11116,10.2,14701,13.4,0.4607,0.6764,0.4814,0.7792,0.6242
PA,42051,Fayette County,"Fayette County, Pennsylvania",128417,25.1,4475,8.1,9995,18.2,0.5224,0.3968,0.2879,0.6802,0.5224
PA,42053,Forest County,"Forest County, Pennsylvania",6959,29.0,113,6.1,587,31.8,0.4827,0.2065,0.6828,0.6551,0.5072
PA,42055,Franklin County,"Franklin County, Pennsylvania",156084,17.2,3237,5.2,8270,13.2,0.3217,0.5632,0.4018,0.2389,0.3194
PA,42057,Fulton County,"Fulton County, Pennsylvania",14545,18.2,345,5.6,1160,18.9,0.175,0.2679,0.0881,0.1524,0.1184
PA,42059,Greene County,"Greene County, Pennsylvania",35781,20.1,796,5.7,2081,14.9,0.2832,0.2507,0.2234,0.6831,0.342
PA,42061,Huntingdon County,"Huntingdon County, Pennsylvania",44123,20.3,1045,6.6,2565,16.3,0.3131,0.1518,0.3016,0.7054,0.3481
PA,42063,Indiana County,"Indiana County, Pennsylvania",83394,23.2,2536,7.9,6744,20.9,0.5154,0.0875,0.1861,0.8228,0.4528
PA,42065,Jefferson County,"Jefferson County, Pennsylvania",44326,23.7,1416,7.9,3376,18.7,0.4305,0.349,0.014,0.5663,0.3745
PA,42067,Juniata County,"Juniata County, Pennsylvania",23535,19.4,702,7.9,1746,19.7,0.4337,0.3376,0.1654,0.8015,0.4846
PA,42069,Lackawanna County,"Lackawanna County, Pennsylvania",215672,21.3,8234,9.4,12257,13.9,0.3875,0.7588,0.4973,0.6144,0.5558
PA,42071,Lancaster County,"Lancaster County, Pennsylvania",553202,14.4,19102,9.1,29838,14.3,0.4575,0.3513,0.525,0.7493,0.5399
PA,42073,Lawrence County,"Lawrence County, Pennsylvania",85907,22.5,2753,7.7,5423,15.1,0.4916,0.6631,0.2692,0.517,0.5151
PA,42075,Lebanon County,"Lebanon County, Pennsylvania",143258,18.2,3740,6.8,7749,14.0,0.517,0.665,0.5317,0.6592,0.6176
PA,42077,Lehigh County,"Lehigh County, Pennsylvania",374110,19.9,11265,7.9,16762,11.8,0.5759,0.7149,0.7735,0.7534,0.734
PA,42079,Luzerne County,"Luzerne County, Pennsylvania",325396,24.1,14191,10.7,19604,14.8,0.5727,0.8253,0.5727,0.643,0.6942
PA,42081,Lycoming County,"Lycoming County, Pennsylvania",114022,20.9,4295,9.4,6547,14.3,0.4432,0.3933,0.328,0.7439,0.5091
PA,42083,McKean County,"McKean County, Pennsylvania",40459,25.3,1175,7.4,2419,15.2,0.279,0.3592,0.1696,0.5628,0.3188
PA,42085,Mercer County,"Mercer County, Pennsylvania",110600,21.8,4536,9.9,7690,16.8,0.378,0.5845,0.3248,0.7582,0.5278
PA,42087,Mifflin County,"Mifflin County, Pennsylvania",46146,27.3,1840,9.9,3412,18.3,0.7521,0.4063,0.0757,0.6631,0.5934
PA,42089,Monroe County,"Monroe County, Pennsylvania",168128,18.3,3004,5.1,5266,8.9,0.5565,0.2816,0.7598,0.1849,0.4136
PA,42091,Montgomery County,"Montgomery County, Pennsylvania",856399,10.4,17300,5.2,22920,7.0,0.1012,0.2224,0.6233,0.454,0.2119
PA,42093,Montour County,"Montour County, Pennsylvania",18165,16.7,785,10.3,1138,14.9,0.1425,0.4747,0.2879,0.8352,0.3818
PA,42095,Northampton County,"Northampton County, Pennsylvania",314299,15.7,8392,7.0,14713,12.2,0.2666,0.3411,0.6211,0.5959,0.4038
PA,42097,Northumberland County,"Northumberland County, Pennsylvania",91340,21.8,3685,9.8,7126,18.9,0.336,0.4426,0.2628,0.6452,0.4206
PA,42099,Perry County,"Perry County, Pennsylvania",45941,15.5,1008,5.6,2747,15.2,0.2838,0.1502,0.0881,0.2644,0.1737
PA,42101,Philadelphia County,"Philadelphia County, Pennsylvania",1593208,33.1,185550,28.2,96673,14.7,0.909,0.8361,0.9465,0.915,0.9465
PA,42103,Pike County,"Pike County, Pennsylvania",58996,16.3,1286,5.4,2607,11.0,0.4429,0.3509,0.5558,0.0439,0.2405
PA,42105,Potter County,"Potter County, Pennsylvania",16390,23.3,452,6.9,1090,16.5,0.3974,0.5374,0.0407,0.5409,0.405
PA,42107,Schuylkill County,"Schuylkill County, Pennsylvania",143201,21.8,4680,8.2,9707,17.0,0.4228,0.6411,0.335,0.539,0.4928
PA,42109,Snyder County,"Snyder County, Pennsylvania",39797,17.4,934,6.5,2768,19.2,0.3563,0.1177,0.0627,0.6071,0.2819
PA,42111,Somerset County,"Somerset County, Pennsylvania",73802,20.2,1972,6.8,6057,20.9,0.349,0.2571,0.1094,0.6726,0.3618
PA,42113,Sullivan County,"Sullivan County, Pennsylvania",5880,18.6,130,5.3,497,20.2,0.2806,0.2666,0.1339,0.3977,0.2444
PA,42115,Susquehanna County,"Susquehanna County, Pennsylvania",38540,20.3,808,5.2,1917,12.3,0.4003,0.1989,0.0407,0.1371,0.1814
PA,42117,Tioga County,"Tioga County, Pennsylvania",41186,21.9,1022,6.2,2602,15.7,0.3767,0.2367,0.0264,0.5196,0.2975
PA,42119,Union County,"Union County, Pennsylvania",42908,17.6,1304,9.2,3167,22.3,0.4693,0.0697,0.4165,0.8167,0.4531
PA,42121,Venango County,"Venango County, Pennsylvania",50475,22.8,1567,7.3,3083,14.5,0.3751,0.5126,0.0627,0.4718,0.3656
PA,42123,Warren County,"Warren County, Pennsylvania",38492,21.1,1088,6.7,2813,17.4,0.1314,0.3563,0.0627,0.3217,0.153
PA,42125,Washington County,"Washington County, Pennsylvania",209631,15.5,6418,7.4,10450,12.0,0.1123,0.1263,0.265,0.5227,0.1648
PA,42127,Wayne County,"Wayne County, Pennsylvania",51227,19.7,1257,6.4,2881,14.6,0.4839,0.1992,0.3166,0.5119,0.3952
PA,42129,Westmoreland County,"Westmoreland County, Pennsylvania",354414,16.0,10663,7.0,21164,13.8,0.0996,0.1088,0.1861,0.3748,0.1091
PA,42131,Wyoming County,"Wyoming County, Pennsylvania",26219,17.8,581,5.4,1461,13.5,0.1304,0.1082,0.0821,0.2345,0.0872
PA,42133,York County,"York County, Pennsylvania",457051,14.9,10078,5.6,20960,11.7,0.2638,0.5024,0.5094,0.3605,0.3379
RI,44001,Bristol County,"Bristol County, Rhode Island",50658,10.7,1175,6.1,1722,9.0,0.1152,0.085,0.2914,0.426,0.1327
RI,44003,Kent County,"Kent County, Rhode Island",170168,13.7,4348,6.0,6753,9.4,0.2402,0.1791,0.4165,0.2918,0.2116
RI,44005,Newport County,"Newport County, Rhode Island",85442,12.5,2635,7.4,2800,7.8,0.2183,0.1928,0.4496,0.5396,0.2787
RI,44007,Providence County,"Providence County, Rhode Island",657984,21.2,28653,11.3,31487,12.4,0.679,0.594,0.7983,0.9208,0.8097
RI,44009,Washington County,"Washington County, Rhode Island",129998,12.8,2268,4.4,3424,6.7,0.1642,0.1171,0.2879,0.2584,0.1324
SC,45001,Abbeville County,"Abbeville County, South Carolina",24368,28.7,629,6.5,2286,23.8,0.6157,0.1973,0.6872,0.734,0.5988
SC,45003,Aiken County,"Aiken County, South Carolina",169865,22.8,3915,5.8,8168,12.0,0.5947,0.6357,0.7226,0.5151,0.6322
SC,45005,Allendale County,"Allendale County, South Carolina",8073,38.5,431,13.4,970,30.1,0.9882,0.8097,0.9793,0.994,0.9955
SC,45007,Anderson County,"Anderson County, South Carolina",204592,23.2,4724,5.9,11453,14.3,0.6166,0.4916,0.5854,0.6542,0.6303
SC,45009,Bamberg County,"Bamberg County, South Carolina",13311,32.0,708,15.4,1118,24.3,0.9866,0.8046,0.937,0.7455,0.958
SC,45011,Barnwell County,"Barnwell County, South Carolina",20653,35.2,964,11.6,2203,26.4,0.9243,0.8664,0.8721,0.9443,0.9612
SC,45013,Beaufort County,"Beaufort County, South Carolina",189071,17.6,2688,3.5,7232,9.5,0.2695,0.5549,0.6923,0.5908,0.469
SC,45015,Berkeley County,"Berkeley County, South Carolina",231419,19.2,2987,3.4,11937,13.7,0.4082,0.5794,0.7591,0.5523,0.5447
SC,45017,Calhoun County,"Calhoun County, South Carolina",14145,25.5,318,5.3,1285,21.6,0.7633,0.5212,0.8365,0.5574,0.7273
SC,45019,Charleston County,"Charleston County, South Carolina",409840,19.4,10408,6.1,26911,15.7,0.4222,0.1101,0.7213,0.6172,0.4343
SC,45021,Cherokee County,"Cherokee County, South Carolina",56200,30.2,1288,6.1,5508,25.9,0.7967,0.6096,0.6548,0.7241,0.7798
SC,45023,Chester County,"Chester County, South Carolina",32171,30.1,881,6.8,2988,23.2,0.8062,0.3837,0.8008,0.5253,0.7047
SC,45025,Chesterfield County,"Chesterfield County, South Carolina",43536,32.8,1586,9.3,3929,23.0,0.9001,0.9338,0.7894,0.8874,0.9462
SC,45027,Clarendon County,"Clarendon County, South Carolina",31163,31.3,1366,11.7,2186,18.7,0.9472,0.6519,0.8785,0.993,0.9691
SC,45029,Colleton County,"Colleton County, South Carolina",38561,31.4,1478,9.4,3212,20.5,0.9564,0.8597,0.8129,0.9389,0.966
SC,45031,Darlington County,"Darlington County, South Carolina",63025,32.0,2483,9.9,7439,29.7,0.8746,0.7496,0.8466,0.8527,0.8921
SC,45033,Dillon County,"Dillon County, South Carolina",28255,44.9,1111,10.6,4027,38.6,0.9831,0.9157,0.8915,0.8435,0.9745
SC,45035,Dorchester County,"Dorchester County, South Carolina",162139,18.6,1834,3.1,7850,13.1,0.6071,0.6589,0.756,0.4543,0.6306
SC,45037,Edgefield County,"Edgefield County, South Carolina",26181,29.3,701,7.5,2425,25.8,0.7451,0.7066,0.8116,0.9065,0.8476
SC,45039,Fairfield County,"Fairfield County, South Carolina",20942,33.4,578,6.6,2032,23.1,0.8676,0.7311,0.9243,0.8276,0.8893
SC,45041,Florence County,"Florence County, South Carolina",137015,26.7,3860,7.4,11502,22.0,0.7305,0.5288,0.8686,0.923,0.8256
SC,45043,Georgetown County,"Georgetown County, South Carolina",63594,23.3,1324,5.1,4699,18.1,0.5927,0.349,0.7178,0.42,0.5301
SC,45045,Greenville County,"Greenville County, South Carolina",528251,18.8,10822,5.1,21044,10.0,0.4766,0.5533,0.7028,0.7362,0.6246
SC,45047,Greenwood County,"Greenwood County, South Carolina",69309,30.9,2292,8.3,5839,21.1,0.7929,0.7471,0.7951,0.8174,0.8466
SC,45049,Hampton County,"Hampton County, South Carolina",18890,35.1,731,10.3,1551,21.9,0.959,0.923,0.9214,0.7922,0.9621
SC,45051,Horry County,"Horry County, South Carolina",356578,23.7,6075,4.3,14270,10.0,0.7378,0.7254,0.5778,0.4938,0.7022
SC,45053,Jasper County,"Jasper County, South Carolina",29444,27.9,426,3.6,2533,21.5,0.8505,0.6475,0.8912,0.8988,0.8829
SC,45055,Kershaw County,"Kershaw County, South Carolina",65779,22.4,879,3.5,3141,12.4,0.5606,0.6535,0.6971,0.1495,0.4782
SC,45057,Lancaster County,"Lancaster County, South Carolina",97611,20.1,1567,4.1,5110,13.5,0.3586,0.6634,0.6764,0.3433,0.4575
SC,45059,Laurens County,"Laurens County, South Carolina",67456,28.5,1610,6.3,4722,18.3,0.8874,0.8454,0.7038,0.8161,0.8947
SC,45061,Lee County,"Lee County, South Carolina",16557,40.8,770,12.4,1359,21.9,0.9796,0.3563,0.9488,0.9975,0.9704
SC,45063,Lexington County,"Lexington County, South Carolina",295934,20.3,5533,4.7,11706,9.9,0.3796,0.5568,0.6347,0.4893,0.4855
SC,45065,McCormick County,"McCormick County, South Carolina",9612,24.3,200,5.1,863,21.9,0.5536,0.4158,0.8549,0.6023,0.6087
SC,45067,Marion County,"Marion County, South Carolina",29212,42.8,1386,12.3,4447,39.5,0.9077,0.6701,0.9294,0.7346,0.8753
SC,45069,Marlboro County,"Marlboro County, South Carolina",26585,40.1,1254,13.3,3448,36.4,0.9717,0.4184,0.9259,0.9605,0.9405
SC,45071,Newberry County,"Newberry County, South Carolina",37918,26.0,907,6.0,2859,19.0,0.6013,0.9125,0.7821,0.7471,0.8027
SC,45073,Oconee County,"Oconee County, South Carolina",78775,26.0,1816,5.5,6584,19.8,0.7528,0.8492,0.4588,0.4063,0.6968
SC,45075,Orangeburg County,"Orangeburg County, South Carolina",84159,36.3,2764,8.5,7600,23.3,0.9535,0.6958,0.9478,0.9236,0.9516
SC,45077,Pickens County,"Pickens County, South Carolina",131106,26.5,3414,6.8,8504,16.9,0.6653,0.0369,0.4356,0.9316,0.5717
SC,45079,Richland County,"Richland County, South Carolina",416161,25.2,10868,6.7,20006,12.3,0.7486,0.3888,0.9154,0.8622,0.7922
SC,45081,Saluda County,"Saluda County, South Carolina",18952,30.0,378,5.1,1681,22.8,0.7187,0.8985,0.7989,0.6736,0.8228
SC,45083,Spartanburg County,"Spartanburg County, South Carolina",330119,23.4,5705,4.5,18027,14.4,0.6456,0.7929,0.706,0.6704,0.7486
SC,45085,Sumter County,"Sumter County, South Carolina",105199,28.5,3261,8.0,7222,17.7,0.8632,0.6274,0.896,0.8638,0.8762
SC,45087,Union County,"Union County, South Carolina",27158,36.0,1039,9.0,2210,19.1,0.9166,0.811,0.7321,0.8813,0.9173
SC,45089,Williamsburg County,"Williamsburg County, South Carolina",30879,32.8,1700,14.2,3967,33.1,0.901,0.8282,0.9548,0.9749,0.9634
SC,45091,York County,"York County, South Carolina",282987,15.6,4023,3.7,9516,8.7,0.2749,0.3217,0.6872,0.3958,0.3436
SD,46003,Aurora County,"Aurora County, South Dakota",2590,11.6,19,1.8,226,21.5,0.0649,0.5921,0.3322,0.0754,0.104
SD,46005,Beadle County,"Beadle County, South Dakota",19089,26.0,519,7.0,1298,17.4,0.3977,0.8021,0.6332,0.931,0.7289
SD,46007,Bennett County,"Bennett County, South Dakota",3391,45.8,91,9.0,331,32.6,0.9427,0.3754,0.937,0.531,0.811
SD,46009,Bon Homme County,"Bon Homme County, South Dakota",7018,25.7,98,4.1,483,20.0,0.3124,0.0535,0.3977,0.3023,0.1899
SD,46011,Brookings County,"Brookings County, South Dakota",34631,22.3,772,5.8,1441,10.8,0.1871,0.006,0.335,0.7401,0.154
SD,46013,Brown County,"Brown County, South Dakota",38278,16.3,1011,6.3,2290,14.3,0.1549,0.2628,0.42,0.5905,0.2669
SD,46015,Brule County,"Brule County, South Dakota",5247,24.8,97,5.0,459,23.4,0.3866,0.2294,0.5081,0.5094,0.3872
SD,46017,Buffalo County,"Buffalo County, South Dakota",1859,46.6,70,14.2,191,38.8,0.9975,0.7728,0.9831,0.9399,0.9892
SD,46019,Butte County,"Butte County, South Dakota",10369,21.5,157,3.8,472,11.5,0.7337,0.1444,0.3503,0.6268,0.5431
SD,46021,Campbell County,"Campbell County, South Dakota",1534,13.5,31,4.5,189,27.4,0.1269,0.2972,0.0627,0.1247,0.0878
SD,46023,Charles Mix County,"Charles Mix County, South Dakota",9302,33.2,157,5.3,680,22.9,0.8091,0.175,0.756,0.6468,0.6777
SD,46025,Clark County,"Clark County, South Dakota",3837,19.4,43,3.2,230,16.9,0.4372,0.6707,0.1985,0.2151,0.3659
SD,46027,Clay County,"Clay County, South Dakota",14953,30.0,442,8.2,550,10.2,0.6907,0.0194,0.3977,0.9962,0.6367
SD,46029,Codington County,"Codington County, South Dakota",28402,20.0,668,5.5,1874,15.4,0.1861,0.0945,0.2628,0.6993,0.2415
SD,46031,Corson County,"Corson County, South Dakota",3906,52.5,114,10.6,254,23.7,0.8845,0.2832,0.9656,0.4709,0.7324
SD,46033,Custer County,"Custer County, South Dakota",8515,18.2,27,0.7,621,16.1,0.315,0.1212,0.3248,0.5679,0.2937
SD,46035,Davison County,"Davison County, South Dakota",19966,22.9,647,7.7,1212,14.3,0.3143,0.2409,0.2959,0.6977,0.3742
SD,46037,Day County,"Day County, South Dakota",5485,25.4,94,4.0,467,19.9,0.2249,0.111,0.4222,0.1317,0.1282
SD,46039,Deuel County,"Deuel County, South Dakota",4298,15.4,38,2.1,309,17.2,0.0579,0.2151,0.1276,0.0191,0.0213
SD,46041,Dewey County,"Dewey County, South Dakota",5275,44.6,104,6.2,472,28.2,0.8915,0.2517,0.9825,0.8199,0.8263
SD,46043,Douglas County,"Douglas County, South Dakota",2823,21.9,32,3.0,173,16.1,0.2873,0.4248,0.1225,0.5161,0.3166
SD,46045,Edmunds County,"Edmunds County, South Dakota",4014,17.6,14,0.9,187,12.1,0.0525,0.2167,0.0544,0.0385,0.0258
SD,46047,Fall River County,"Fall River County, South Dakota",7079,28.6,183,5.7,599,18.6,0.6433,0.5192,0.4518,0.6545,0.6277
SD,46049,Faulk County,"Faulk County, South Dakota",2140,29.9,54,7.1,107,14.0,0.1801,0.5396,0.0264,0.7926,0.3627
SD,46051,Grant County,"Grant County, South Dakota",7533,14.4,162,5.3,558,18.4,0.146,0.3226,0.1985,0.5393,0.231
SD,46053,Gregory County,"Gregory County, South Dakota",3983,22.5,70,4.4,329,20.7,0.1906,0.1957,0.3824,0.2682,0.1817
SD,46055,Haakon County,"Haakon County, South Dakota",1755,22.0,63,8.9,225,31.7,0.1104,0.2695,0.2733,0.6618,0.2389
SD,46057,Hamlin County,"Hamlin County, South Dakota",6196,14.2,37,1.7,294,13.7,0.1114,0.4174,0.2109,0.1845,0.1336
SD,46059,Hand County,"Hand County, South Dakota",3075,15.0,59,4.3,184,13.3,0.013,0.1591,0.1753,0.2526,0.048
SD,46061,Hanson County,"Hanson County, South Dakota",3443,13.5,15,1.4,114,10.3,0.0051,0.0178,0.1339,0.0003,0.0003
SD,46063,Harding County,"Harding County, South Dakota",1176,11.5,8,1.5,54,10.4,0.0035,0.0054,0.4314,0.4865,0.0264
SD,46065,Hughes County,"Hughes County, South Dakota",17812,15.0,556,7.5,793,10.7,0.0535,0.0923,0.5161,0.9793,0.3013
SD,46067,Hutchinson County,"Hutchinson County, South Dakota",7401,19.1,139,4.7,537,18.3,0.0512,0.4489,0.2294,0.2409,0.1209
SD,46069,Hyde County,"Hyde County, South Dakota",1319,11.4,0,0.0,73,13.5,0.0391,0.0267,0.2959,0.0611,0.0153
SD,46071,Jackson County,"Jackson County, South Dakota",2838,50.9,109,14.8,314,42.7,0.9822,0.3923,0.9494,0.999,0.9771
SD,46073,Jerauld County,"Jerauld County, South Dakota",1836,15.0,44,5.1,132,15.4,0.0474,0.2078,0.3535,0.7175,0.1976
SD,46075,Jones County,"Jones County, South Dakota",1006,20.1,10,2.6,60,15.7,0.1317,0.4117,0.5542,0.2335,0.2036
SD,46077,Kingsbury County,"Kingsbury County, South Dakota",5172,14.6,97,4.8,296,14.8,0.0751,0.1518,0.119,0.4241,0.1114
SD,46079,Lake County,"Lake County, South Dakota",11207,15.6,112,2.5,424,9.3,0.056,0.1336,0.1985,0.3474,0.09
SD,46081,Lawrence County,"Lawrence County, South Dakota",26047,19.6,510,4.5,1358,11.9,0.3172,0.1693,0.3086,0.6653,0.3449
SD,46083,Lincoln County,"Lincoln County, South Dakota",65801,10.6,384,1.5,1120,4.4,0.008,0.3414,0.2536,0.0506,0.0309
SD,46085,Lyman County,"Lyman County, South Dakota",3719,38.6,122,10.1,232,19.3,0.6437,0.9052,0.8482,0.9065,0.867
SD,46087,McCook County,"McCook County, South Dakota",5714,13.3,48,2.2,299,13.5,0.0834,0.1378,0.1696,0.0445,0.0366
SD,46089,McPherson County,"McPherson County, South Dakota",2251,21.1,37,4.2,248,28.4,0.2488,0.3643,0.0455,0.1998,0.1788
SD,46091,Marshall County,"Marshall County, South Dakota",4363,12.1,32,1.9,319,19.1,0.0395,0.4162,0.4948,0.1871,0.1193
SD,46093,Meade County,"Meade County, South Dakota",29970,15.7,285,2.5,1478,12.9,0.2698,0.0315,0.4057,0.3684,0.1744
SD,46095,Mellette County,"Mellette County, South Dakota",1989,56.8,41,6.6,228,36.7,0.9265,0.2962,0.952,0.8419,0.8552
SD,46097,Miner County,"Miner County, South Dakota",2312,17.3,36,4.0,213,23.4,0.1925,0.5558,0.1094,0.2631,0.2154
SD,46099,Minnehaha County,"Minnehaha County, South Dakota",197742,15.6,4061,5.1,7404,9.3,0.1753,0.4594,0.525,0.6583,0.3748
SD,46101,Moody County,"Moody County, South Dakota",6346,15.2,96,3.8,400,15.9,0.0671,0.5221,0.6029,0.4362,0.2431
SD,46102,Oglala Lakota County,"Oglala Lakota County, South Dakota",13695,65.8,592,22.1,1149,42.8,0.9987,0.2494,0.9981,0.9332,0.9545
SD,46103,Pennington County,"Pennington County, South Dakota",110386,19.3,2492,5.6,4914,11.0,0.3917,0.4349,0.5488,0.8053,0.5539
SD,46105,Perkins County,"Perkins County, South Dakota",2970,19.6,42,3.4,160,12.9,0.2211,0.4938,0.0379,0.7003,0.3417
SD,46107,Potter County,"Potter County, South Dakota",2587,14.7,16,1.5,112,10.8,0.0356,0.0633,0.2164,0.1184,0.0296
SD,46109,Roberts County,"Roberts County, South Dakota",10242,34.0,154,4.2,712,19.5,0.6481,0.5345,0.8291,0.5695,0.6694
SD,46111,Sanborn County,"Sanborn County, South Dakota",2373,18.3,72,7.7,202,21.5,0.1457,0.2768,0.1339,0.3662,0.167
SD,46115,Spink County,"Spink County, South Dakota",6355,18.7,105,4.2,293,11.6,0.1155,0.336,0.1861,0.2587,0.1381
SD,46117,Stanley County,"Stanley County, South Dakota",2979,7.0,36,2.9,170,13.7,0.0108,0.0579,0.3217,0.3213,0.0452
SD,46119,Sully County,"Sully County, South Dakota",1318,12.8,5,0.8,112,18.7,0.0312,0.2234,0.2062,0.042,0.027
SD,46121,Todd County,"Todd County, South Dakota",9353,66.6,407,16.9,933,38.8,0.9605,0.3026,0.9971,0.9914,0.9475
SD,46123,Tripp County,"Tripp County, South Dakota",5607,31.7,122,5.6,370,17.0,0.6997,0.4753,0.5352,0.5472,0.6236
SD,46125,Turner County,"Turner County, South Dakota",8687,17.4,83,2.4,605,17.6,0.0853,0.4693,0.0579,0.078,0.0725
SD,46127,Union County,"Union County, South Dakota",16700,12.8,176,2.5,1003,14.4,0.0455,0.3726,0.314,0.076,0.0627
SD,46129,Walworth County,"Walworth County, South Dakota",5317,21.3,69,2.9,445,18.7,0.4088,0.378,0.5444,0.672,0.5024
SD,46135,Yankton County,"Yankton County, South Dakota",23311,14.7,492,5.0,1406,14.4,0.062,0.1903,0.3563,0.7019,0.2014
SD,46137,Ziebach County,"Ziebach County, South Dakota",2455,50.6,78,11.4,187,27.4,0.9351,0.1527,0.9745,0.971,0.8842
TN,47001,Anderson County,"Anderson County, Tennessee",77337,24.5,1687,5.4,3702,11.8,0.6083,0.7397,0.3649,0.5972,0.6363
TN,47003,Bedford County,"Bedford County, Tennessee",50533,21.8,717,3.9,3048,16.5,0.7429,0.8692,0.6045,0.4003,0.7261
TN,47005,Benton County,"Benton County, Tennessee",15933,29.6,284,4.2,1653,24.5,0.7156,0.5081,0.2323,0.1696,0.4508
TN,47007,Bledsoe County,"Bledsoe County, Tennessee",14816,35.1,251,5.2,986,20.3,0.8823,0.1849,0.3723,0.755,0.6997
TN,47009,Blount County,"Blount County, Tennessee",135951,16.8,1585,3.0,7384,13.8,0.293,0.168,0.2914,0.342,0.2313
TN,47011,Bradley County,"Bradley County, Tennessee",108859,23.4,1957,4.7,5745,13.9,0.6898,0.7108,0.4556,0.5647,0.6726
TN,47013,Campbell County,"Campbell County, Tennessee",39397,32.6,1008,6.2,4244,26.1,0.896,0.4629,0.021,0.7213,0.7143
TN,47015,Cannon County,"Cannon County, Tennessee",14481,24.7,283,4.9,1440,25.0,0.4795,0.3417,0.1572,0.1664,0.2739
TN,47017,Carroll County,"Carroll County, Tennessee",28381,29.1,734,6.6,2404,21.8,0.58,0.5584,0.4537,0.475,0.5457
TN,47019,Carter County,"Carter County, Tennessee",56315,30.6,1420,5.9,5116,21.4,0.8301,0.5838,0.1572,0.553,0.6666
TN,47021,Cheatham County,"Cheatham County, Tennessee",41184,16.8,275,1.8,2131,13.6,0.272,0.2749,0.2816,0.1947,0.1995
TN,47023,Chester County,"Chester County, Tennessee",17392,28.6,243,4.0,1007,16.5,0.6968,0.1387,0.4378,0.3665,0.4553
TN,47025,Claiborne County,"Claiborne County, Tennessee",32092,30.3,687,5.1,3885,28.8,0.8269,0.2415,0.0627,0.5641,0.5619
TN,47027,Clay County,"Clay County, Tennessee",7592,36.7,197,6.5,813,26.8,0.6599,0.9472,0.1037,0.4617,0.6605
TN,47029,Cocke County,"Cocke County, Tennessee",36186,34.1,622,4.3,3675,25.3,0.9287,0.8807,0.182,0.2759,0.7369
TN,47031,Coffee County,"Coffee County, Tennessee",58080,26.6,980,4.3,5270,23.2,0.6354,0.9243,0.3847,0.3382,0.6411
TN,47033,Crockett County,"Crockett County, Tennessee",13955,24.3,279,5.2,761,14.1,0.6045,0.9733,0.6424,0.349,0.7203
TN,47035,Cumberland County,"Cumberland County, Tennessee",61552,28.4,1510,5.6,4143,15.4,0.595,0.2918,0.1094,0.245,0.3506
TN,47037,Davidson County,"Davidson County, Tennessee",709786,22.4,20202,6.7,26878,8.9,0.7054,0.2794,0.825,0.8027,0.7171
TN,47039,Decatur County,"Decatur County, Tennessee",11483,31.8,167,3.8,997,22.9,0.762,0.1289,0.2485,0.3548,0.4496
TN,47041,DeKalb County,"DeKalb County, Tennessee",20209,33.8,726,8.7,1840,22.0,0.8988,0.6204,0.3802,0.7388,0.8018
TN,47043,Dickson County,"Dickson County, Tennessee",54563,17.8,391,1.9,3256,16.0,0.3143,0.3233,0.3484,0.1801,0.2316
TN,47045,Dyer County,"Dyer County, Tennessee",36818,27.7,939,6.4,2185,14.9,0.7063,0.8832,0.552,0.2129,0.6335
TN,47047,Fayette County,"Fayette County, Tennessee",42228,17.4,821,5.0,2135,13.0,0.3388,0.5294,0.7066,0.2097,0.3668
TN,47049,Fentress County,"Fentress County, Tennessee",18642,33.0,416,5.5,1557,20.5,0.7203,0.5107,0.0407,0.1998,0.4413
TN,47051,Franklin County,"Franklin County, Tennessee",42980,24.5,917,5.5,4001,23.8,0.4407,0.5409,0.363,0.3672,0.4219
TN,47053,Gibson County,"Gibson County, Tennessee",50455,26.9,1831,9.2,3098,15.5,0.7286,0.8848,0.5927,0.6233,0.7833
TN,47055,Giles County,"Giles County, Tennessee",30317,24.4,454,4.0,1819,16.0,0.4897,0.4235,0.4779,0.4022,0.4524
TN,47057,Grainger County,"Grainger County, Tennessee",23648,29.4,617,6.6,2404,25.6,0.8295,0.5727,0.1508,0.4136,0.6128
TN,47059,Greene County,"Greene County, Tennessee",70399,28.0,1364,4.9,6339,22.8,0.6468,0.6882,0.2109,0.6064,0.615
TN,47061,Grundy County,"Grundy County, Tennessee",13550,29.0,294,5.9,1052,21.2,0.8247,0.427,0.0579,0.2743,0.5192
TN,47063,Hamblen County,"Hamblen County, Tennessee",64531,30.1,1246,4.9,3533,14.0,0.8851,0.9698,0.5237,0.5116,0.8591
TN,47065,Hamilton County,"Hamilton County, Tennessee",367193,19.5,8808,5.9,16812,11.3,0.4769,0.553,0.6634,0.5822,0.5635
TN,47067,Hancock County,"Hancock County, Tennessee",6726,47.4,382,13.5,1016,35.9,0.9621,0.6424,0.015,0.8492,0.8419
TN,47069,Hardeman County,"Hardeman County, Tennessee",25519,30.8,632,7.0,1957,21.7,0.9695,0.6303,0.8447,0.6837,0.8871
TN,47071,Hardin County,"Hardin County, Tennessee",26824,31.4,494,4.5,1933,17.7,0.6799,0.5562,0.2536,0.2892,0.503
TN,47073,Hawkins County,"Hawkins County, Tennessee",57107,27.9,1146,5.0,3894,17.1,0.7458,0.5978,0.0932,0.4178,0.5555
TN,47075,Haywood County,"Haywood County, Tennessee",17806,34.9,698,9.7,1799,25.0,0.9815,0.8536,0.9001,0.3764,0.8883
TN,47077,Henderson County,"Henderson County, Tennessee",27845,27.1,492,4.6,2109,19.6,0.6958,0.7022,0.3917,0.4633,0.6274
TN,47079,Henry County,"Henry County, Tennessee",32305,30.0,820,6.2,2592,19.7,0.6284,0.7009,0.3939,0.5205,0.6118
TN,47081,Hickman County,"Hickman County, Tennessee",24996,23.2,286,3.2,2183,24.7,0.5253,0.1845,0.3016,0.5278,0.4181
TN,47083,Houston County,"Houston County, Tennessee",8253,21.6,127,4.2,613,20.3,0.5676,0.3974,0.2485,0.2313,0.3847
TN,47085,Humphreys County,"Humphreys County, Tennessee",19032,24.7,223,3.3,1221,18.2,0.7569,0.1619,0.2733,0.1457,0.3735
TN,47087,Jackson County,"Jackson County, Tennessee",11730,30.5,309,6.8,1278,28.0,0.7614,0.699,0.1339,0.7105,0.7035
TN,47089,Jefferson County,"Jefferson County, Tennessee",55017,19.9,548,2.6,3814,18.3,0.5008,0.734,0.2485,0.391,0.4954
TN,47091,Johnson County,"Johnson County, Tennessee",17982,33.3,353,5.1,1623,23.6,0.6904,0.4165,0.2733,0.8925,0.6882
TN,47093,Knox County,"Knox County, Tennessee",481406,21.0,10887,5.6,25405,13.0,0.3793,0.1871,0.5094,0.5215,0.3738
TN,47095,Lake County,"Lake County, Tennessee",6898,41.9,337,16.7,562,27.9,0.9539,0.3818,0.7146,0.9933,0.9345
TN,47097,Lauderdale County,"Lauderdale County, Tennessee",25171,32.1,757,8.3,1626,17.8,0.9294,0.8505,0.7951,0.826,0.9246
TN,47099,Lawrence County,"Lawrence County, Tennessee",44377,30.1,1166,7.1,3346,20.3,0.8616,0.875,0.1985,0.4454,0.7391
TN,47101,Lewis County,"Lewis County, Tennessee",12637,29.7,142,2.8,1468,28.9,0.8393,0.2612,0.2062,0.335,0.5288
TN,47103,Lincoln County,"Lincoln County, Tennessee",35365,20.6,654,4.6,3520,24.6,0.4321,0.5167,0.42,0.2354,0.3726
TN,47105,Loudon County,"Loudon County, Tennessee",55507,19.2,690,3.1,3110,13.8,0.2447,0.3646,0.3961,0.0894,0.1715
TN,47107,McMinn County,"McMinn County, Tennessee",53532,23.6,735,3.5,3261,15.4,0.6115,0.6112,0.377,0.5062,0.5705
TN,47109,McNairy County,"McNairy County, Tennessee",25895,30.6,468,4.8,1802,18.6,0.7073,0.2008,0.3166,0.1129,0.3404
TN,47111,Macon County,"Macon County, Tennessee",25365,27.3,303,3.3,1662,18.1,0.7404,0.6752,0.2781,0.3035,0.5686
TN,47113,Madison County,"Madison County, Tennessee",98644,28.0,3033,7.7,5306,13.5,0.8708,0.8568,0.8365,0.783,0.8969
TN,47115,Marion County,"Marion County, Tennessee",28852,27.5,523,4.5,2227,19.0,0.7044,0.5087,0.2536,0.2692,0.4951
TN,47117,Marshall County,"Marshall County, Tennessee",34567,24.9,277,2.1,1556,12.0,0.5422,0.4438,0.4416,0.1155,0.3513
TN,47119,Maury County,"Maury County, Tennessee",102002,16.5,1038,2.6,4357,11.0,0.2708,0.2969,0.5581,0.1486,0.2214
TN,47121,Meigs County,"Meigs County, Tennessee",12839,23.4,221,4.3,1083,20.8,0.7776,0.216,0.2733,0.3369,0.4881
TN,47123,Monroe County,"Monroe County, Tennessee",46489,28.6,932,4.9,3269,17.2,0.8266,0.854,0.3535,0.4957,0.7569
TN,47125,Montgomery County,"Montgomery County, Tennessee",222305,20.0,2863,3.6,6712,8.3,0.5183,0.7801,0.7706,0.3793,0.5997
TN,47127,Moore County,"Moore County, Tennessee",6558,27.5,75,2.9,627,24.5,0.5151,0.1884,0.1928,0.1072,0.2262
TN,47129,Morgan County,"Morgan County, Tennessee",21124,30.8,309,4.4,1364,19.2,0.8727,0.1483,0.2692,0.6192,0.6122
TN,47131,Obion County,"Obion County, Tennessee",30670,28.3,911,7.3,2258,18.0,0.658,0.7878,0.5269,0.3118,0.6064
TN,47133,Overton County,"Overton County, Tennessee",22576,28.7,409,4.6,2327,26.4,0.5011,0.3064,0.0337,0.1479,0.252
TN,47135,Perry County,"Perry County, Tennessee",8432,28.0,106,3.6,733,24.8,0.8715,0.2227,0.2536,0.1553,0.4677
TN,47137,Pickett County,"Pickett County, Tennessee",5042,32.8,181,8.2,596,27.0,0.5864,0.2421,0.0455,0.2765,0.3283
TN,47139,Polk County,"Polk County, Tennessee",17620,25.2,406,5.7,1270,17.9,0.7534,0.1836,0.265,0.497,0.5157
TN,47141,Putnam County,"Putnam County, Tennessee",80157,28.0,1346,4.1,5189,15.9,0.7108,0.2564,0.3748,0.5743,0.5536
TN,47143,Rhea County,"Rhea County, Tennessee",33031,29.7,842,6.6,1615,12.7,0.7671,0.8721,0.3535,0.4734,0.7238
TN,47145,Roane County,"Roane County, Tennessee",53777,22.1,1178,5.4,3303,15.0,0.405,0.2189,0.2399,0.4098,0.3083
TN,47147,Robertson County,"Robertson County, Tennessee",73297,17.9,825,3.0,4010,14.8,0.3834,0.4591,0.504,0.1075,0.279
TN,47149,Rutherford County,"Rutherford County, Tennessee",343727,17.2,3083,2.5,8399,6.9,0.363,0.5657,0.699,0.3003,0.4267
TN,47151,Scott County,"Scott County, Tennessee",21917,39.7,365,4.2,2463,28.6,0.9685,0.9077,0.0073,0.2141,0.7388
TN,47153,Sequatchie County,"Sequatchie County, Tennessee",16065,33.4,219,3.7,1284,21.7,0.6732,0.7903,0.1928,0.1759,0.504
TN,47155,Sevier County,"Sevier County, Tennessee",98455,23.2,1379,3.6,6757,17.7,0.5902,0.6831,0.342,0.4817,0.566
TN,47157,Shelby County,"Shelby County, Tennessee",926440,27.8,29971,8.4,55795,15.6,0.8976,0.7827,0.944,0.6297,0.8708
TN,47159,Smith County,"Smith County, Tennessee",20034,23.7,403,5.3,1146,14.9,0.4718,0.5542,0.2692,0.3258,0.4146
TN,47161,Stewart County,"Stewart County, Tennessee",13724,19.8,281,5.6,927,18.5,0.3592,0.539,0.2854,0.4324,0.3885
TN,47163,Sullivan County,"Sullivan County, Tennessee",158722,25.5,3285,4.9,9930,14.7,0.6761,0.4283,0.1861,0.364,0.4839
TN,47165,Sumner County,"Sumner County, Tennessee",196845,15.8,2476,3.3,6655,8.9,0.3032,0.4136,0.5094,0.2396,0.2927
TN,47167,Tipton County,"Tipton County, Tennessee",61116,20.2,972,4.3,3726,16.7,0.4963,0.7121,0.615,0.0948,0.4158
TN,47169,Trousdale County,"Trousdale County, Tennessee",11596,18.3,82,2.3,720,20.3,0.4734,0.0073,0.4973,0.3917,0.2157
TN,47171,Unicoi County,"Unicoi County, Tennessee",17845,30.5,420,5.5,1452,19.0,0.6939,0.5689,0.2364,0.3834,0.5371
TN,47173,Union County,"Union County, Tennessee",19860,25.4,245,3.2,1934,25.6,0.6338,0.3952,0.0474,0.2199,0.3783
TN,47175,Van Buren County,"Van Buren County, Tennessee",6182,30.0,275,11.3,534,21.9,0.7359,0.3462,0.0474,0.8183,0.623
TN,47177,Warren County,"Warren County, Tennessee",41163,28.4,819,5.1,3244,20.4,0.7117,0.9529,0.4518,0.5819,0.7805
TN,47179,Washington County,"Washington County, Tennessee",133282,25.7,3056,5.5,7614,13.7,0.6067,0.2895,0.3697,0.7868,0.5857
TN,47181,Wayne County,"Wayne County, Tennessee",16325,32.2,379,6.6,1032,18.0,0.7576,0.4375,0.3248,0.9195,0.7474
TN,47183,Weakley County,"Weakley County, Tennessee",32946,30.7,879,6.7,2793,21.3,0.6376,0.4833,0.4165,0.6484,0.608
TN,47185,White County,"White County, Tennessee",27420,30.0,440,4.1,1917,17.9,0.874,0.3112,0.1696,0.2195,0.5154
TN,47187,Williamson County,"Williamson County, Tennessee",248897,6.5,1950,2.2,3890,4.4,0.0032,0.1352,0.4779,0.0382,0.0165
TN,47189,Wilson County,"Wilson County, Tennessee",149096,13.5,1306,2.4,5512,10.0,0.139,0.4696,0.4932,0.1381,0.175
TX,48001,Anderson County,"Anderson County, Texas",58077,25.7,1105,6.5,3011,17.8,0.7862,0.5428,0.8129,0.9943,0.896
TX,48003,Andrews County,"Andrews County, Texas",18362,22.5,108,1.6,610,9.2,0.7254,0.608,0.9259,0.3853,0.6834
TX,48005,Angelina County,"Angelina County, Texas",86608,30.8,1756,5.6,3549,11.2,0.9386,0.9876,0.7916,0.9656,0.9917
TX,48007,Aransas County,"Aransas County, Texas",24048,26.3,580,5.1,1207,10.6,0.7849,0.3952,0.714,0.7865,0.7614
TX,48009,Archer County,"Archer County, Texas",8649,18.9,85,2.5,565,16.8,0.3843,0.7531,0.3748,0.035,0.2657
TX,48011,Armstrong County,"Armstrong County, Texas",1912,14.7,0,0.0,84,11.6,0.0643,0.56,0.3802,0.0458,0.0865
TX,48013,Atascosa County,"Atascosa County, Texas",49403,23.7,882,5.5,2429,15.3,0.8279,0.8349,0.9551,0.6707,0.8664
TX,48015,Austin County,"Austin County, Texas",30406,22.2,419,3.5,2308,19.4,0.5991,0.8877,0.7821,0.4547,0.7133
TX,48017,Bailey County,"Bailey County, Texas",6902,19.1,255,13.2,373,19.3,0.4712,0.9138,0.966,0.7792,0.7843
TX,48019,Bandera County,"Bandera County, Texas",21182,21.5,130,1.5,1029,12.1,0.5838,0.6519,0.6198,0.44,0.5899
TX,48021,Bastrop County,"Bastrop County, Texas",98435,20.5,973,2.9,5199,15.6,0.7276,0.5517,0.8791,0.6872,0.7566
TX,48023,Baylor County,"Baylor County, Texas",3475,18.9,46,3.1,267,18.1,0.5358,0.5313,0.525,0.2647,0.462
TX,48025,Bee County,"Bee County, Texas",30977,30.8,431,5.0,2090,24.4,0.9507,0.4098,0.9599,0.9329,0.9166
TX,48027,Bell County,"Bell County, Texas",372821,26.1,7846,5.8,14295,10.6,0.8871,0.8861,0.9033,0.881,0.937
TX,48029,Bexar County,"Bexar County, Texas",2014059,25.0,46369,6.4,83803,11.5,0.8995,0.8635,0.972,0.7712,0.9192
TX,48031,Blanco County,"Blanco County, Texas",11608,15.5,86,1.8,620,12.8,0.3999,0.2593,0.615,0.0694,0.2339
TX,48033,Borden County,"Borden County, Texas",686,2.6,3,1.4,26,12.1,0.0006,0.1311,0.4932,0.1193,0.0267
TX,48035,Bosque County,"Bosque County, Texas",18404,22.3,213,2.9,1449,19.9,0.4919,0.7964,0.5994,0.4356,0.5794
TX,48037,Bowie County,"Bowie County, Texas",92747,26.8,2135,6.2,7982,23.1,0.7413,0.7114,0.7585,0.9768,0.8766
TX,48039,Brazoria County,"Brazoria County, Texas",374600,14.2,3436,2.7,10542,8.3,0.4588,0.5966,0.9007,0.7245,0.6519
TX,48041,Brazos County,"Brazos County, Texas",234548,31.9,4765,5.5,13703,15.9,0.8368,0.1464,0.8377,0.9392,0.804
TX,48043,Brewster County,"Brewster County, Texas",9454,23.3,304,6.1,1002,20.2,0.5352,0.4168,0.8603,0.7359,0.6478
TX,48045,Briscoe County,"Briscoe County, Texas",1290,48.0,23,4.0,194,33.4,0.8587,0.8072,0.8101,0.008,0.5479
TX,48047,Brooks County,"Brooks County, Texas",7059,41.9,411,15.5,657,24.8,0.9014,0.8377,0.9965,0.7687,0.9163
TX,48049,Brown County,"Brown County, Texas",38159,24.7,858,5.7,2109,14.1,0.742,0.9631,0.6701,0.943,0.9135
TX,48051,Burleson County,"Burleson County, Texas",17958,18.1,261,3.4,1459,19.2,0.4034,0.5399,0.7436,0.4664,0.5049
TX,48053,Burnet County,"Burnet County, Texas",49684,19.1,618,3.3,2001,10.7,0.4986,0.6911,0.6437,0.5046,0.5819
TX,48055,Caldwell County,"Caldwell County, Texas",46141,26.2,678,4.5,2200,14.6,0.7299,0.7442,0.9364,0.9745,0.8956
TX,48057,Calhoun County,"Calhoun County, Texas",20127,18.5,331,4.1,1579,19.6,0.3605,0.9675,0.9163,0.6007,0.72
TX,48059,Callahan County,"Callahan County, Texas",13869,19.6,181,3.4,636,12.1,0.4155,0.5444,0.4699,0.0929,0.2956
TX,48061,Cameron County,"Cameron County, Texas",421854,40.0,9069,6.8,34781,26.2,0.9895,0.9163,0.9962,0.8317,0.9844
TX,48063,Camp County,"Camp County, Texas",12543,34.7,220,5.0,827,18.6,0.9163,0.9927,0.8492,0.4458,0.917
TX,48065,Carson County,"Carson County, Texas",5801,12.6,64,2.8,473,20.9,0.0888,0.2151,0.4636,0.0945,0.083
TX,48067,Cass County,"Cass County, Texas",28637,28.6,702,6.1,2470,21.4,0.8396,0.9663,0.6045,0.5644,0.8619
TX,48069,Castro County,"Castro County, Texas",7381,25.0,77,3.2,435,18.2,0.7315,0.7716,0.9583,0.5476,0.7801
TX,48071,Chambers County,"Chambers County, Texas",47037,17.6,401,2.5,1556,9.9,0.5663,0.5148,0.7391,0.1938,0.4798
TX,48073,Cherokee County,"Cherokee County, Texas",50824,30.6,1106,6.1,3579,19.8,0.9306,0.9259,0.7941,0.9551,0.9717
TX,48075,Childress County,"Childress County, Texas",6781,32.5,40,2.1,431,22.8,0.9408,0.5759,0.867,0.1451,0.7178
TX,48077,Clay County,"Clay County, Texas",10290,16.4,137,3.3,692,16.5,0.161,0.602,0.363,0.1044,0.1772
TX,48079,Cochran County,"Cochran County, Texas",2529,43.2,58,6.0,222,23.1,0.9135,0.8928,0.9481,0.8005,0.938
TX,48081,Coke County,"Coke County, Texas",3305,29.5,54,3.6,315,21.2,0.6885,0.9287,0.6268,0.1715,0.6379
TX,48083,Coleman County,"Coleman County, Texas",7808,25.6,218,6.8,536,16.7,0.692,0.9055,0.5994,0.2154,0.6449
TX,48085,Collin County,"Collin County, Texas",1079153,11.3,11153,2.9,16418,4.3,0.2393,0.3598,0.8543,0.2358,0.2997
TX,48087,Collingsworth County,"Collingsworth County, Texas",2865,30.8,41,4.0,205,20.1,0.6793,0.9984,0.7725,0.4913,0.8498
TX,48089,Colorado County,"Colorado County, Texas",20582,22.2,416,5.6,1592,21.6,0.6214,0.6586,0.8352,0.7951,0.7639
TX,48091,Comal County,"Comal County, Texas",165201,12.2,1599,2.5,3739,5.8,0.2374,0.37,0.7276,0.2189,0.2749
TX,48093,Comanche County,"Comanche County, Texas",13651,22.0,232,4.3,920,17.2,0.7642,0.8772,0.7038,0.301,0.7267
TX,48095,Concho County,"Concho County, Texas",3235,21.8,35,4.3,123,15.1,0.3936,0.9857,0.8403,0.6182,0.7534
TX,48097,Cooke County,"Cooke County, Texas",41860,20.3,772,4.8,3392,20.9,0.5453,0.8486,0.6287,0.6214,0.6946
TX,48099,Coryell County,"Coryell County, Texas",82927,21.4,1066,4.2,2985,11.9,0.7757,0.7528,0.819,0.7626,0.833
TX,48101,Cottle County,"Cottle County, Texas",1647,38.9,55,7.9,221,31.9,0.6828,0.9294,0.7843,0.1864,0.6732
TX,48103,Crane County,"Crane County, Texas",4636,18.9,158,9.5,427,25.6,0.4747,0.4012,0.9625,0.916,0.7092
TX,48105,Crockett County,"Crockett County, Texas",2949,15.4,0,0.0,382,29.6,0.3745,0.7305,0.9141,0.0913,0.4098
TX,48107,Crosby County,"Crosby County, Texas",5157,33.8,122,6.1,303,15.2,0.8438,0.9997,0.9303,0.6048,0.9504
TX,48109,Culberson County,"Culberson County, Texas",2181,28.7,67,10.7,255,40.5,0.826,0.7986,0.9917,0.5527,0.8393
TX,48111,Dallam County,"Dallam County, Texas",7165,29.8,80,3.4,431,18.5,0.6637,0.2568,0.8842,0.5313,0.6039
TX,48113,Dallas County,"Dallas County, Texas",2604053,24.3,64360,6.7,112425,11.7,0.9271,0.7184,0.9685,0.7171,0.8925
TX,48115,Dawson County,"Dawson County, Texas",12342,40.0,341,8.3,668,16.2,0.9981,0.9338,0.9551,0.7709,0.9876
TX,48117,Deaf Smith County,"Deaf Smith County, Texas",18585,32.5,205,3.4,1194,19.8,0.6615,0.8206,0.9793,0.3885,0.7245
TX,48119,Delta County,"Delta County, Texas",5278,23.5,70,3.3,451,21.4,0.5985,0.4101,0.5597,0.0818,0.3665
TX,48121,Denton County,"Denton County, Texas",914870,12.1,10458,3.1,16255,4.9,0.3051,0.3684,0.825,0.3357,0.3796
TX,48123,DeWitt County,"DeWitt County, Texas",19826,26.6,506,7.7,1818,27.6,0.7887,0.5418,0.8508,0.9096,0.8441
TX,48125,Dickens County,"Dickens County, Texas",1570,27.4,34,5.3,109,17.1,0.8431,0.9446,0.7938,0.1508,0.7588
TX,48127,Dimmit County,"Dimmit County, Texas",8672,60.9,419,14.9,852,30.3,0.9812,0.9971,0.994,0.9631,0.9994
TX,48129,Donley County,"Donley County, Texas",3298,20.6,44,3.7,427,35.6,0.4957,0.0608,0.5711,0.4006,0.3353
TX,48131,Duval County,"Duval County, Texas",9960,32.6,296,10.2,1017,35.2,0.8925,0.9841,0.9936,0.9045,0.9768
TX,48133,Eastland County,"Eastland County, Texas",17812,26.4,445,6.3,1327,18.7,0.7467,0.9131,0.5679,0.8797,0.8616
TX,48135,Ector County,"Ector County, Texas",162300,24.7,3173,5.2,9539,15.7,0.9364,0.7906,0.9618,0.8645,0.9421
TX,48137,Edwards County,"Edwards County, Texas",1380,40.9,16,3.0,220,41.8,0.8492,0.8008,0.8756,0.1079,0.6844
TX,48139,Ellis County,"Ellis County, Texas",195509,14.7,1885,2.9,5576,8.5,0.4801,0.755,0.8171,0.3522,0.5695
TX,48141,El Paso County,"El Paso County, Texas",863832,31.8,18949,6.5,39586,13.5,0.9898,0.9182,0.992,0.8145,0.9825
TX,48143,Erath County,"Erath County, Texas",42788,27.6,664,4.1,1969,12.3,0.9061,0.1454,0.6316,0.9198,0.7996
TX,48145,Falls County,"Falls County, Texas",17013,36.0,489,8.9,1445,26.3,0.9803,0.5132,0.8734,0.992,0.972
TX,48147,Fannin County,"Fannin County, Texas",36052,23.7,405,3.2,2507,19.7,0.7047,0.3519,0.5759,0.6713,0.643
TX,48149,Fayette County,"Fayette County, Texas",24564,17.2,445,4.8,2508,26.9,0.3471,0.5883,0.6685,0.6185,0.5234
TX,48151,Fisher County,"Fisher County, Texas",3680,19.0,85,5.6,340,22.5,0.328,0.9644,0.7735,0.0433,0.4248
TX,48153,Floyd County,"Floyd County, Texas",5386,29.4,197,10.2,466,24.0,0.7865,0.9895,0.9405,0.1024,0.7722
TX,48155,Foard County,"Foard County, Texas",1075,34.9,25,5.4,135,29.2,0.9335,0.4257,0.6936,0.0951,0.6071
TX,48157,Fort Bend County,"Fort Bend County, Texas",832607,12.7,7677,2.8,14973,5.5,0.3824,0.5431,0.959,0.2393,0.4515
TX,48159,Franklin County,"Franklin County, Texas",10445,11.6,70,1.9,370,9.8,0.3863,0.7999,0.5797,0.0964,0.3821
TX,48161,Freestone County,"Freestone County, Texas",19599,25.6,224,3.3,1982,29.6,0.6297,0.9418,0.7321,0.6917,0.8088
TX,48163,Frio County,"Frio County, Texas",18151,30.2,513,10.9,1526,32.4,0.832,0.8498,0.9876,0.9965,0.9698
TX,48165,Gaines County,"Gaines County, Texas",21523,21.5,284,4.1,1267,18.3,0.5985,0.7836,0.8403,0.4429,0.6745
TX,48167,Galveston County,"Galveston County, Texas",350801,18.3,7321,5.4,11768,8.7,0.7028,0.6172,0.8304,0.6551,0.7378
TX,48169,Garza County,"Garza County, Texas",5735,26.0,106,6.3,282,16.8,0.8447,0.2456,0.9185,0.4925,0.6984
TX,48171,Gillespie County,"Gillespie County, Texas",26953,14.3,610,5.5,1448,13.1,0.5472,0.6379,0.636,0.6513,0.6392
TX,48173,Glasscock County,"Glasscock County, Texas",1068,10.1,5,1.2,83,20.0,0.2536,0.5625,0.7366,0.1187,0.2784
TX,48175,Goliad County,"Goliad County, Texas",7092,21.4,234,8.6,759,27.9,0.5033,0.574,0.8066,0.3198,0.5243
TX,48177,Gonzales County,"Gonzales County, Texas",19736,24.0,612,8.3,1381,18.6,0.6567,0.978,0.9195,0.8956,0.9087
TX,48179,Gray County,"Gray County, Texas",21272,28.7,259,3.2,1360,17.0,0.9268,0.8346,0.7684,0.5593,0.8645
TX,48181,Grayson County,"Grayson County, Texas",137008,19.7,1980,3.8,8246,15.8,0.5905,0.7989,0.6249,0.588,0.6888
TX,48183,Gregg County,"Gregg County, Texas",124245,25.6,2444,5.2,6334,13.5,0.7677,0.8444,0.8212,0.8565,0.8731
TX,48185,Grimes County,"Grimes County, Texas",29442,24.7,313,3.2,2068,21.2,0.8377,0.7786,0.8008,0.7836,0.8676
TX,48187,Guadalupe County,"Guadalupe County, Texas",173828,16.4,1656,2.7,5314,8.8,0.3939,0.643,0.8797,0.4031,0.5256
TX,48189,Hale County,"Hale County, Texas",32525,32.1,412,3.7,2277,20.7,0.9176,0.8921,0.9532,0.7744,0.9332
TX,48191,Hall County,"Hall County, Texas",2847,32.3,38,3.3,356,31.1,0.8527,0.9943,0.8438,0.2969,0.8689
TX,48193,Hamilton County,"Hamilton County, Texas",8244,27.5,108,3.4,548,17.5,0.6029,0.9637,0.4763,0.314,0.6634
TX,48195,Hansford County,"Hansford County, Texas",5270,21.3,82,4.7,267,15.1,0.6036,0.3859,0.8781,0.1839,0.4836
TX,48197,Hardeman County,"Hardeman County, Texas",3541,21.3,54,4.1,366,28.1,0.3952,0.874,0.735,0.0668,0.4222
TX,48199,Hardin County,"Hardin County, Texas",56576,21.5,992,4.8,3323,15.9,0.5285,0.9017,0.4537,0.5256,0.6465
TX,48201,Harris County,"Harris County, Texas",4726177,25.7,112614,6.7,171443,10.1,0.965,0.7458,0.9672,0.7089,0.9201
TX,48203,Harrison County,"Harrison County, Texas",69098,25.5,1606,6.4,5506,22.0,0.7983,0.9602,0.7646,0.8008,0.9036
TX,48205,Hartley County,"Hartley County, Texas",5369,12.5,39,2.4,152,9.3,0.4458,0.1346,0.7843,0.6163,0.4683
TX,48207,Haskell County,"Haskell County, Texas",5408,27.8,109,5.2,386,18.5,0.8829,0.8896,0.741,0.3563,0.812
TX,48209,Hays County,"Hays County, Texas",245351,20.9,2479,2.8,7666,8.6,0.7089,0.1804,0.8673,0.7432,0.6723
TX,48211,Hemphill County,"Hemphill County, Texas",3371,11.7,48,3.6,237,17.6,0.3818,0.9033,0.7668,0.3182,0.5577
TX,48213,Henderson County,"Henderson County, Texas",82627,27.3,1712,5.4,5724,17.9,0.8361,0.6542,0.5953,0.8186,0.8291
TX,48215,Hidalgo County,"Hidalgo County, Texas",873167,41.9,14393,5.6,50360,19.6,0.999,0.8855,0.9975,0.7515,0.9841
TX,48217,Hill County,"Hill County, Texas",36138,23.4,735,5.5,1968,14.7,0.7292,0.945,0.6806,0.7779,0.8562
TX,48219,Hockley County,"Hockley County, Texas",21495,27.0,466,5.9,1468,18.5,0.8365,0.9494,0.8941,0.8311,0.93
TX,48221,Hood County,"Hood County, Texas",62459,15.4,628,2.5,2407,9.7,0.5243,0.4244,0.4871,0.559,0.525
TX,48223,Hopkins County,"Hopkins County, Texas",37008,24.0,560,4.1,1905,13.8,0.7811,0.7296,0.6449,0.5488,0.7525
TX,48225,Houston County,"Houston County, Texas",22107,33.1,581,7.8,1872,25.1,0.9195,0.8699,0.7836,0.9672,0.9625
TX,48227,Howard County,"Howard County, Texas",34488,24.7,621,5.2,1836,15.3,0.777,0.7684,0.8877,0.9224,0.8816
TX,48229,Hudspeth County,"Hudspeth County, Texas",3329,43.7,73,8.2,228,25.6,0.985,0.8603,0.9863,0.9835,0.9943
TX,48231,Hunt County,"Hunt County, Texas",101596,22.7,1756,4.8,5250,14.4,0.825,0.7038,0.6828,0.9322,0.8746
TX,48233,Hutchinson County,"Hutchinson County, Texas",20595,17.7,281,4.2,1069,15.9,0.4416,0.6421,0.6872,0.0452,0.3245
TX,48235,Irion County,"Irion County, Texas",1561,11.7,4,0.6,183,28.3,0.4047,0.2838,0.6389,0.1549,0.2962
TX,48237,Jack County,"Jack County, Texas",8588,28.4,325,10.8,500,16.7,0.9491,0.7191,0.5927,0.9691,0.9418
TX,48239,Jackson County,"Jackson County, Texas",15010,23.2,352,6.7,831,15.9,0.7385,0.8333,0.8059,0.664,0.8094
TX,48241,Jasper County,"Jasper County, Texas",33032,33.8,775,5.9,1971,15.0,0.8979,0.6271,0.6223,0.9074,0.8737
TX,48243,Jeff Davis County,"Jeff Davis County, Texas",1992,33.0,30,2.7,278,25.4,0.5046,0.4725,0.5558,0.3602,0.4738
TX,48245,Jefferson County,"Jefferson County, Texas",254942,29.2,6914,7.4,12314,13.2,0.9313,0.924,0.9259,0.929,0.9723
TX,48247,Jim Hogg County,"Jim Hogg County, Texas",4830,48.5,66,4.9,442,32.9,0.8991,0.1941,0.9933,0.2294,0.6427
TX,48249,Jim Wells County,"Jim Wells County, Texas",39060,34.6,979,7.6,4021,31.1,0.9415,0.9822,0.9847,0.5431,0.9491
TX,48251,Johnson County,"Johnson County, Texas",182690,18.0,1497,2.4,6099,9.8,0.5511,0.6083,0.6911,0.6083,0.6284
TX,48253,Jones County,"Jones County, Texas",19758,26.1,214,3.6,972,16.4,0.7722,0.2265,0.8075,0.3633,0.5829
TX,48255,Karnes County,"Karnes County, Texas",14805,29.7,382,8.8,995,22.8,0.8155,0.6042,0.9491,0.9978,0.9367
TX,48257,Kaufman County,"Kaufman County, Texas",149773,18.4,1542,3.2,5677,11.9,0.7076,0.7006,0.8225,0.4629,0.7089
TX,48259,Kendall County,"Kendall County, Texas",45376,11.5,438,2.6,1273,7.6,0.2809,0.4152,0.6624,0.321,0.3411
TX,48261,Kenedy County,"Kenedy County, Texas",116,51.7,0,0.0,18,47.4,0.6449,0.9917,1.0,0.0426,0.6678
TX,48263,Kent County,"Kent County, Texas",635,9.2,7,2.8,18,7.3,0.1486,0.7531,0.4779,0.146,0.2393
TX,48265,Kerr County,"Kerr County, Texas",52810,22.9,977,4.4,2259,10.3,0.6322,0.5733,0.7105,0.8393,0.7442
TX,48267,Kimble County,"Kimble County, Texas",4316,27.9,72,4.2,314,18.3,0.531,0.566,0.6532,0.2714,0.4948
TX,48269,King County,"King County, Texas",216,40.3,0,0.0,0,0.0,0.6764,0.8056,0.7464,0.0092,0.4438
TX,48271,Kinney County,"Kinney County, Texas",3157,30.2,34,3.1,369,33.4,0.4855,0.9313,0.9427,0.2364,0.6265
TX,48273,Kleberg County,"Kleberg County, Texas",30860,37.6,721,6.1,2160,18.1,0.9936,0.8221,0.9819,0.9704,0.9924
TX,48275,Knox County,"Knox County, Texas",3333,29.6,43,3.4,211,16.9,0.65,0.9205,0.8171,0.189,0.6564
TX,48277,Lamar County,"Lamar County, Texas",50149,26.9,1419,7.1,4695,23.3,0.7856,0.9752,0.6373,0.601,0.8536
TX,48279,Lamb County,"Lamb County, Texas",13024,30.5,229,4.9,1018,22.0,0.6818,0.9885,0.9332,0.3888,0.8221
TX,48281,Lampasas County,"Lampasas County, Texas",21829,21.7,352,4.4,1031,13.0,0.6774,0.8094,0.6599,0.3474,0.658
TX,48283,La Salle County,"La Salle County, Texas",6965,33.8,43,2.5,449,26.6,0.9631,0.6557,0.9952,0.7356,0.9128
TX,48285,Lavaca County,"Lavaca County, Texas",20379,21.9,293,3.6,1625,19.8,0.4184,0.8298,0.6449,0.4823,0.5752
TX,48287,Lee County,"Lee County, Texas",17543,26.2,296,4.7,1217,19.3,0.6398,0.7677,0.7598,0.7983,0.7856
TX,48289,Leon County,"Leon County, Texas",15928,23.4,120,1.9,1367,21.4,0.6233,0.9758,0.6102,0.2673,0.6974
TX,48291,Liberty County,"Liberty County, Texas",93523,30.1,1330,4.6,3548,12.3,0.9758,0.8053,0.8139,0.9564,0.9739
TX,48293,Limestone County,"Limestone County, Texas",22222,31.4,323,3.9,2468,30.1,0.8196,0.9714,0.8199,0.7152,0.9065
TX,48295,Lipscomb County,"Lipscomb County, Texas",3038,22.5,49,4.3,151,13.3,0.6472,0.9835,0.7922,0.3388,0.7703
TX,48297,Live Oak County,"Live Oak County, Texas",11374,31.2,285,6.9,1286,31.0,0.7665,0.7267,0.8686,0.9809,0.9039
TX,48299,Llano County,"Llano County, Texas",21637,21.5,319,3.3,1211,12.6,0.6984,0.7731,0.4445,0.3452,0.6192
TX,48301,Loving County,"Loving County, Texas",96,7.3,5,12.5,5,12.5,0.0,0.9866,0.0579,0.9828,0.4356
TX,48303,Lubbock County,"Lubbock County, Texas",311509,26.9,6843,5.6,17035,14.0,0.8177,0.5005,0.8632,0.8613,0.8422
TX,48305,Lynn County,"Lynn County, Texas",5619,37.0,87,4.2,348,17.0,0.8317,0.9459,0.8686,0.0442,0.6898
TX,48307,McCulloch County,"McCulloch County, Texas",7638,23.6,154,4.8,412,12.9,0.9154,0.8909,0.7607,0.2049,0.7897
TX,48309,McLennan County,"McLennan County, Texas",261090,28.8,4974,5.2,13779,14.5,0.8521,0.7951,0.8346,0.8333,0.8861
TX,48311,McMullen County,"McMullen County, Texas",670,41.0,6,3.0,48,23.8,0.6933,0.9952,0.9236,0.2689,0.8104
TX,48313,Madison County,"Madison County, Texas",13556,22.0,355,8.7,840,20.6,0.714,0.6914,0.8501,0.9987,0.9131
TX,48315,Marion County,"Marion County, Texas",9668,28.2,196,4.9,946,23.6,0.7821,0.7983,0.6599,0.4088,0.7315
TX,48317,Martin County,"Martin County, Texas",5228,19.9,0,0.0,475,24.8,0.6618,0.6437,0.9045,0.2199,0.5966
TX,48319,Mason County,"Mason County, Texas",3959,13.3,52,3.4,161,10.6,0.3007,0.9115,0.5352,0.0146,0.2724
TX,48321,Matagorda County,"Matagorda County, Texas",36251,31.2,935,6.6,3466,24.6,0.9723,0.9825,0.9122,0.7308,0.9758
TX,48323,Maverick County,"Maverick County, Texas",57806,38.5,1401,7.8,4667,26.1,0.9971,0.9023,0.9997,0.8549,0.9901
TX,48325,Medina County,"Medina County, Texas",51432,17.7,815,4.7,2577,14.9,0.4018,0.8562,0.9141,0.8209,0.741
TX,48327,Menard County,"Menard County, Texas",1964,27.2,37,4.1,235,26.0,0.9733,0.8629,0.7693,0.3322,0.8606
TX,48329,Midland County,"Midland County, Texas",169393,16.2,3083,4.7,7583,11.6,0.5867,0.6787,0.9077,0.7318,0.7397
TX,48331,Milam County,"Milam County, Texas",25080,23.9,394,4.0,1924,19.7,0.755,0.8648,0.7706,0.5714,0.798
TX,48333,Mills County,"Mills County, Texas",4501,16.2,29,1.6,291,15.9,0.3283,0.9364,0.6618,0.1616,0.4693
TX,48335,Mitchell County,"Mitchell County, Texas",8947,27.4,46,1.9,515,21.4,0.5504,0.4206,0.8915,0.8218,0.6958
TX,48337,Montague County,"Montague County, Texas",20197,21.0,365,4.6,1636,20.7,0.6484,0.8953,0.434,0.2211,0.5959
TX,48339,Montgomery County,"Montgomery County, Texas",629989,15.9,7499,3.3,15037,6.7,0.4451,0.4254,0.7579,0.5358,0.5212
TX,48341,Moore County,"Moore County, Texas",21284,26.7,535,7.7,1081,15.5,0.805,0.8358,0.9586,0.8011,0.882
TX,48343,Morris County,"Morris County, Texas",11993,26.0,278,5.7,774,15.9,0.6872,0.9376,0.749,0.5033,0.7792
TX,48345,Motley County,"Motley County, Texas",1223,15.5,11,2.4,107,23.3,0.3236,0.5889,0.5616,0.0067,0.1721
TX,48347,Nacogdoches County,"Nacogdoches County, Texas",64768,34.3,1492,6.0,3891,15.6,0.972,0.9106,0.797,0.9984,0.9952
TX,48349,Navarro County,"Navarro County, Texas",52834,30.4,916,5.1,3373,18.7,0.9628,0.9685,0.8565,0.8587,0.979
TX,48351,Newton County,"Newton County, Texas",12333,38.0,365,7.6,562,11.7,0.9574,0.4092,0.6128,0.7843,0.8463
TX,48353,Nolan County,"Nolan County, Texas",14657,34.3,388,6.8,1296,22.9,0.9255,0.9981,0.8571,0.8212,0.9815
TX,48355,Nueces County,"Nueces County, Texas",353245,26.4,9052,7.0,18071,13.9,0.9332,0.7801,0.9666,0.8492,0.9351
TX,48357,Ochiltree County,"Ochiltree County, Texas",9924,29.6,121,3.3,461,12.5,0.6863,0.9434,0.9163,0.5765,0.8244
TX,48359,Oldham County,"Oldham County, Texas",2171,26.1,10,1.6,79,12.5,0.4496,0.1374,0.7146,0.4184,0.392
TX,48361,Orange County,"Orange County, Texas",84761,21.2,1646,5.3,2949,9.4,0.594,0.8037,0.5476,0.6099,0.6853
TX,48363,Palo Pinto County,"Palo Pinto County, Texas",28569,26.4,426,4.0,1489,14.0,0.9106,0.7515,0.6309,0.4738,0.8015
TX,48365,Panola County,"Panola County, Texas",22540,22.8,248,3.1,1422,17.6,0.6456,0.8501,0.6389,0.5845,0.7331
TX,48367,Parker County,"Parker County, Texas",151188,13.9,1465,2.8,4718,9.0,0.321,0.2284,0.5119,0.258,0.2638
TX,48369,Parmer County,"Parmer County, Texas",9809,25.5,62,1.9,475,14.8,0.6437,0.7833,0.9513,0.2797,0.6596
TX,48371,Pecos County,"Pecos County, Texas",15114,31.9,430,8.5,1289,25.4,0.7474,0.6653,0.9771,0.9885,0.9049
TX,48373,Polk County,"Polk County, Texas",50536,25.9,642,3.6,3095,17.1,0.9262,0.8858,0.6532,0.8412,0.9208
TX,48375,Potter County,"Potter County, Texas",117905,35.4,3704,8.6,7177,16.8,0.9485,0.8788,0.9052,0.9936,0.9889
TX,48377,Presidio County,"Presidio County, Texas",6168,46.8,316,13.9,674,29.6,1.0,0.9669,0.9825,0.7219,0.9933
TX,48379,Rains County,"Rains County, Texas",12257,19.3,193,4.1,658,14.0,0.3318,0.9185,0.4636,0.2615,0.4706
TX,48381,Randall County,"Randall County, Texas",141489,15.6,1542,2.8,4751,8.6,0.2154,0.3751,0.6936,0.4839,0.3519
TX,48383,Reagan County,"Reagan County, Texas",3308,18.0,8,0.7,170,15.6,0.5794,0.4276,0.979,0.1919,0.5052
TX,48385,Real County,"Real County, Texas",2830,37.6,37,3.7,254,25.6,0.5523,0.9806,0.6309,0.6392,0.783
TX,48387,Red River County,"Red River County, Texas",11627,30.8,159,3.4,1489,31.9,0.7945,0.6783,0.6287,0.3796,0.6895
TX,48389,Reeves County,"Reeves County, Texas",14022,34.1,205,5.0,1206,29.3,0.9389,0.7035,0.9809,0.9462,0.9548
TX,48391,Refugio County,"Refugio County, Texas",6718,27.4,212,9.5,545,24.4,0.91,0.9962,0.9201,0.7133,0.9653
TX,48393,Roberts County,"Roberts County, Texas",764,15.8,25,7.8,90,28.1,0.1406,0.0067,0.4741,0.2437,0.0576
TX,48395,Robertson County,"Robertson County, Texas",16912,21.4,499,7.9,1224,19.4,0.707,0.9793,0.8199,0.6322,0.8546
TX,48397,Rockwall County,"Rockwall County, Texas",110631,7.0,676,1.8,1302,3.4,0.0913,0.28,0.7066,0.0875,0.1164
TX,48399,Runnels County,"Runnels County, Texas",9858,23.5,89,2.4,668,17.7,0.4922,0.985,0.7821,0.0242,0.5148
TX,48401,Rusk County,"Rusk County, Texas",52755,24.4,695,3.9,4657,26.2,0.7486,0.7464,0.7537,0.7248,0.7973
TX,48403,Sabine County,"Sabine County, Texas",9980,29.8,200,4.5,649,14.5,0.8839,0.4868,0.4537,0.1327,0.5609
TX,48405,San Augustine County,"San Augustine County, Texas",7920,41.1,357,11.7,712,23.3,0.9793,0.944,0.6828,0.972,0.9885
TX,48407,San Jacinto County,"San Jacinto County, Texas",27666,28.9,323,3.2,1782,17.7,0.9329,0.875,0.6347,0.2965,0.8091
TX,48409,San Patricio County,"San Patricio County, Texas",68942,28.3,1614,6.7,4839,20.2,0.846,0.9761,0.9354,0.7101,0.9249
TX,48411,San Saba County,"San Saba County, Texas",5779,26.6,41,2.0,266,13.2,0.6977,0.6561,0.7521,0.3522,0.6389
TX,48413,Schleicher County,"Schleicher County, Texas",2474,21.1,37,4.1,291,32.4,0.7401,0.762,0.9052,0.0735,0.5803
TX,48415,Scurry County,"Scurry County, Texas",16883,27.8,54,0.9,890,15.6,0.5202,0.4846,0.8686,0.3548,0.5332
TX,48417,Shackelford County,"Shackelford County, Texas",3134,18.1,74,5.6,182,13.7,0.511,0.2119,0.4445,0.3872,0.3936
TX,48419,Shelby County,"Shelby County, Texas",24157,33.2,565,6.3,1980,22.0,0.77,0.9481,0.7751,0.7598,0.8778
TX,48421,Sherman County,"Sherman County, Texas",2414,16.6,9,1.1,116,14.4,0.4757,0.9485,0.833,0.2654,0.6309
TX,48423,Smith County,"Smith County, Texas",234667,21.8,3469,4.3,10366,12.8,0.7334,0.7916,0.797,0.7735,0.8234
TX,48425,Somervell County,"Somervell County, Texas",9337,13.8,96,2.9,375,11.2,0.2959,0.6468,0.5597,0.6853,0.5135
TX,48427,Starr County,"Starr County, Texas",65716,50.4,2002,10.7,6125,32.9,0.9978,0.9682,0.999,0.7197,0.9905
TX,48429,Stephens County,"Stephens County, Texas",9260,27.8,315,9.3,550,16.2,0.9768,0.9539,0.6806,0.9752,0.9898
TX,48431,Sterling County,"Sterling County, Texas",1392,11.0,0,0.0,45,11.5,0.1794,0.2447,0.7156,0.0636,0.1419
TX,48433,Stonewall County,"Stonewall County, Texas",1331,23.0,11,2.4,67,14.9,0.4769,0.2214,0.6449,0.132,0.2994
TX,48435,Sutton County,"Sutton County, Texas",3345,29.5,27,2.5,378,35.4,0.7448,0.8145,0.9777,0.4283,0.7687
TX,48437,Swisher County,"Swisher County, Texas",6989,41.5,194,8.1,687,28.6,0.95,0.7766,0.9096,0.713,0.9103
TX,48439,Tarrant County,"Tarrant County, Texas",2113854,19.6,32897,4.4,59481,7.9,0.7792,0.6707,0.8982,0.5017,0.7585
TX,48441,Taylor County,"Taylor County, Texas",143029,24.6,2505,4.6,6133,11.4,0.6363,0.7289,0.7655,0.7353,0.7591
TX,48443,Terrell County,"Terrell County, Texas",862,7.0,14,3.2,112,25.7,0.0767,0.6812,0.8533,0.0025,0.0859
TX,48445,Terry County,"Terry County, Texas",11816,36.4,330,7.9,774,18.6,0.9625,0.9462,0.9325,0.9128,0.9828
TX,48447,Throckmorton County,"Throckmorton County, Texas",1439,28.4,16,2.5,106,16.7,0.4375,0.2428,0.4496,0.0143,0.1581
TX,48449,Titus County,"Titus County, Texas",31301,32.6,504,4.7,1846,17.1,0.8956,0.9227,0.9052,0.6252,0.8995
TX,48451,Tom Green County,"Tom Green County, Texas",119276,21.1,2153,4.7,6726,14.8,0.6204,0.7957,0.8673,0.8304,0.8113
TX,48453,Travis County,"Travis County, Texas",1289054,17.3,29601,5.5,39631,7.4,0.5527,0.0935,0.882,0.7805,0.5702
TX,48455,Trinity County,"Trinity County, Texas",13735,26.9,578,9.7,1119,18.8,0.8552,0.9879,0.574,0.7518,0.9185
TX,48457,Tyler County,"Tyler County, Texas",19962,29.9,477,7.0,1219,17.9,0.8842,0.9103,0.5501,0.951,0.9319
TX,48459,Upshur County,"Upshur County, Texas",41261,27.9,577,3.9,1941,13.0,0.6841,0.7817,0.5425,0.259,0.6017
TX,48461,Upton County,"Upton County, Texas",3284,30.1,82,6.0,399,29.3,0.6876,0.7092,0.9185,0.6567,0.77
TX,48463,Uvalde County,"Uvalde County, Texas",24833,34.7,610,7.2,1741,20.7,0.9065,0.9968,0.9749,0.9364,0.9911
TX,48465,Val Verde County,"Val Verde County, Texas",47693,31.3,802,4.8,4746,28.5,0.8371,0.9329,0.9889,0.8877,0.9437
TX,48467,Van Zandt County,"Van Zandt County, Texas",60053,23.3,641,2.9,4165,18.7,0.6538,0.7633,0.4948,0.265,0.5714
TX,48469,Victoria County,"Victoria County, Texas",91209,26.2,2484,7.2,8110,23.7,0.8606,0.8937,0.9052,0.8377,0.9198
TX,48471,Walker County,"Walker County, Texas",77182,32.8,1643,6.7,3871,15.7,0.9755,0.1161,0.8225,0.9997,0.9392
TX,48473,Waller County,"Waller County, Texas",57463,21.1,632,3.6,2989,16.8,0.7868,0.5262,0.9176,0.8514,0.8317
TX,48475,Ward County,"Ward County, Texas",11347,23.7,167,3.9,982,23.0,0.6548,0.8412,0.9345,0.3987,0.7235
TX,48477,Washington County,"Washington County, Texas",35807,18.3,866,6.0,2681,18.5,0.4467,0.4601,0.7585,0.8826,0.6522
TX,48479,Webb County,"Webb County, Texas",267282,34.0,4785,6.2,14690,18.9,0.9917,0.917,0.9987,0.8034,0.9831
TX,48481,Wharton County,"Wharton County, Texas",41614,26.3,964,6.4,2863,18.9,0.9141,0.9319,0.9045,0.8078,0.9456
TX,48483,Wheeler County,"Wheeler County, Texas",4980,29.9,134,7.0,366,19.2,0.9036,0.986,0.6828,0.5377,0.9045
TX,48485,Wichita County,"Wichita County, Texas",129584,24.9,3213,6.6,6989,14.4,0.7372,0.6876,0.741,0.8416,0.8167
TX,48487,Wilbarger County,"Wilbarger County, Texas",12795,39.4,255,5.5,1222,26.4,0.9691,0.8906,0.8272,0.7938,0.9561
TX,48489,Willacy County,"Willacy County, Texas",20308,42.9,303,5.6,1551,28.6,0.9892,0.91,0.993,0.8428,0.985
TX,48491,Williamson County,"Williamson County, Texas",617396,11.1,5916,2.6,11201,4.9,0.2701,0.4009,0.8199,0.2275,0.3207
TX,48493,Wilson County,"Wilson County, Texas",50381,15.8,385,2.2,2382,13.7,0.2351,0.2402,0.833,0.3363,0.2972
TX,48495,Winkler County,"Winkler County, Texas",7582,16.3,150,5.6,419,15.6,0.3958,0.3252,0.9523,0.3388,0.4448
TX,48497,Wise County,"Wise County, Texas",70062,16.9,395,1.6,3085,12.8,0.4483,0.79,0.6128,0.3923,0.5422
TX,48499,Wood County,"Wood County, Texas",45341,21.9,983,5.5,2873,16.1,0.7124,0.847,0.5011,0.6771,0.7655
TX,48501,Yoakum County,"Yoakum County, Texas",7630,23.2,65,2.4,243,9.2,0.622,0.5918,0.9644,0.2472,0.587
TX,48503,Young County,"Young County, Texas",17903,22.9,385,5.1,921,12.2,0.4639,0.9535,0.5892,0.1575,0.5345
TX,48505,Zapata County,"Zapata County, Texas",13896,49.8,442,9.7,1582,34.5,0.9901,0.9809,0.9984,0.9014,0.9968
TX,48507,Zavala County,"Zavala County, Texas",9700,49.7,169,4.9,678,19.8,0.8813,0.9905,0.9978,0.4292,0.909
UT,49001,Beaver County,"Beaver County, Utah",7102,9.8,62,2.7,459,20.0,0.1556,0.5612,0.4658,0.0519,0.1457
UT,49003,Box Elder County,"Box Elder County, Utah",58291,16.8,777,4.2,1504,8.1,0.1527,0.1416,0.3977,0.1686,0.1215
UT,49005,Cache County,"Cache County, Utah",134428,24.1,1381,3.3,3521,8.4,0.2816,0.2889,0.4779,0.538,0.3478
UT,49007,Carbon County,"Carbon County, Utah",20338,27.9,352,4.4,1367,17.1,0.7051,0.7436,0.4932,0.3748,0.6297
UT,49009,Daggett County,"Daggett County, Utah",638,14.9,11,4.7,15,6.4,0.2199,0.0506,0.182,0.5469,0.1849
UT,49011,Davis County,"Davis County, Utah",363032,11.1,2741,2.4,6958,6.2,0.0325,0.2822,0.4948,0.1069,0.0678
UT,49013,Duchesne County,"Duchesne County, Utah",19779,23.8,301,4.7,804,12.4,0.5778,0.4629,0.4445,0.5167,0.5361
UT,49015,Emery County,"Emery County, Utah",9898,22.0,93,2.7,492,14.3,0.1645,0.6729,0.2914,0.2008,0.2269
UT,49017,Garfield County,"Garfield County, Utah",5121,22.7,48,2.5,381,19.5,0.4617,0.364,0.3446,0.251,0.3423
UT,49019,Grand County,"Grand County, Utah",9680,23.0,90,2.1,507,11.7,0.433,0.3331,0.5218,0.5597,0.4582
UT,49021,Iron County,"Iron County, Utah",58068,25.9,631,3.4,2244,12.1,0.5017,0.2809,0.4496,0.384,0.4114
UT,49023,Juab County,"Juab County, Utah",11943,14.9,140,3.9,414,11.5,0.0487,0.1887,0.2692,0.1823,0.0659
UT,49025,Kane County,"Kane County, Utah",7814,20.8,149,4.6,323,10.0,0.2265,0.5861,0.2399,0.2663,0.259
UT,49027,Millard County,"Millard County, Utah",13027,23.6,156,3.7,614,14.7,0.4241,0.8657,0.4763,0.1642,0.4502
UT,49029,Morgan County,"Morgan County, Utah",12367,5.5,27,0.8,218,6.2,0.0019,0.0146,0.1409,0.0019,0.0
UT,49031,Piute County,"Piute County, Utah",1764,40.3,28,4.9,166,29.2,0.9478,0.3293,0.0544,0.1753,0.5402
UT,49033,Rich County,"Rich County, Utah",2543,19.6,0,0.0,45,5.9,0.0811,0.8193,0.4117,0.1829,0.2141
UT,49035,Salt Lake County,"Salt Lake County, Utah",1180643,14.5,21291,5.2,28573,7.0,0.3325,0.4044,0.6777,0.552,0.4512
UT,49037,San Juan County,"San Juan County, Utah",14524,32.3,391,8.8,1483,33.3,0.8524,0.9688,0.8988,0.8794,0.9567
UT,49039,Sanpete County,"Sanpete County, Utah",28816,26.3,240,2.8,1175,13.6,0.6064,0.2743,0.4146,0.5507,0.5116
UT,49041,Sevier County,"Sevier County, Utah",21667,20.3,301,4.1,870,11.8,0.37,0.1931,0.2485,0.4162,0.2886
UT,49043,Summit County,"Summit County, Utah",42524,8.3,251,1.8,744,5.4,0.0267,0.251,0.4556,0.091,0.0509
UT,49045,Tooele County,"Tooele County, Utah",74032,10.6,831,3.8,1211,5.5,0.1206,0.3204,0.5269,0.238,0.1766
UT,49047,Uintah County,"Uintah County, Utah",35951,20.1,362,3.1,1293,11.2,0.5644,0.4216,0.5294,0.5081,0.5297
UT,49049,Utah County,"Utah County, Utah",666021,15.5,4720,2.5,16254,8.7,0.1798,0.1963,0.5183,0.5011,0.2555
UT,49051,Wasatch County,"Wasatch County, Utah",35009,9.9,274,2.4,556,4.9,0.0776,0.1508,0.4871,0.1114,0.0748
UT,49053,Washington County,"Washington County, Utah",183297,17.4,1918,3.0,5546,8.6,0.3382,0.5762,0.4763,0.3309,0.3875
UT,49055,Wayne County,"Wayne County, Utah",2532,23.6,18,1.7,114,10.8,0.244,0.3166,0.0041,0.0589,0.1053
UT,49057,Weber County,"Weber County, Utah",262960,14.4,4056,4.5,5828,6.5,0.2393,0.4944,0.6083,0.3891,0.3471
VT,50001,Addison County,"Addison County, Vermont",37434,13.5,589,4.1,1535,10.6,0.1518,0.0652,0.2323,0.4499,0.139
VT,50003,Bennington County,"Bennington County, Vermont",37326,18.6,1238,8.5,2749,18.9,0.2736,0.433,0.1861,0.5861,0.349
VT,50005,Caledonia County,"Caledonia County, Vermont",30418,20.1,956,7.5,2091,16.3,0.2113,0.4473,0.1225,0.5367,0.2844
VT,50007,Chittenden County,"Chittenden County, Vermont",168309,16.1,4794,6.9,6999,10.1,0.1763,0.0245,0.3802,0.7722,0.2205
VT,50009,Essex County,"Essex County, Vermont",5976,26.9,132,4.9,489,18.3,0.6386,0.5752,0.0983,0.1852,0.4155
VT,50011,Franklin County,"Franklin County, Vermont",50101,17.5,1193,6.2,2537,13.2,0.2444,0.0748,0.1654,0.1976,0.1219
VT,50013,Grand Isle County,"Grand Isle County, Vermont",7335,12.3,60,2.0,274,9.1,0.1203,0.0156,0.2485,0.0057,0.006
VT,50015,Lamoille County,"Lamoille County, Vermont",25977,16.1,572,5.1,1217,10.9,0.2685,0.034,0.1276,0.3678,0.1409
VT,50017,Orange County,"Orange County, Vermont",29439,17.0,533,4.2,1681,13.2,0.1565,0.0967,0.0735,0.224,0.0939
VT,50019,Orleans County,"Orleans County, Vermont",27459,20.2,731,6.3,1382,12.0,0.4508,0.3038,0.1037,0.4664,0.3548
VT,50021,Rutland County,"Rutland County, Vermont",60585,18.5,1809,7.1,4192,16.5,0.2879,0.1661,0.1094,0.9093,0.3955
VT,50023,Washington County,"Washington County, Vermont",59768,16.3,1936,7.7,2516,10.0,0.1222,0.1098,0.1508,0.5791,0.161
VT,50025,Windham County,"Windham County, Vermont",45857,21.5,1177,6.1,4587,23.7,0.3248,0.3159,0.2265,0.4878,0.3185
VT,50027,Windsor County,"Windsor County, Vermont",57832,16.1,1256,5.1,3100,12.6,0.1817,0.0961,0.1409,0.4143,0.1499
VA,51001,Accomack County,"Accomack County, Virginia",33367,28.1,1142,8.0,2718,19.1,0.7416,0.8982,0.791,0.7973,0.8597
VA,51003,Albemarle County,"Albemarle County, Virginia",112513,11.2,2084,4.7,4288,9.7,0.1295,0.245,0.5927,0.5059,0.2469
VA,51005,Alleghany County,"Alleghany County, Virginia",15159,21.4,425,6.7,1359,21.5,0.3099,0.1864,0.2444,0.5918,0.3102
VA,51007,Amelia County,"Amelia County, Virginia",13309,24.5,138,2.6,1033,19.6,0.4808,0.2399,0.6287,0.2924,0.3853
VA,51009,Amherst County,"Amherst County, Virginia",31426,22.3,678,5.4,2583,20.5,0.4244,0.1632,0.6198,0.4973,0.4022
VA,51011,Appomattox County,"Appomattox County, Virginia",16253,22.5,224,3.4,1422,21.8,0.2848,0.1419,0.5892,0.0557,0.1441
VA,51013,Arlington County,"Arlington County, Virginia",235845,10.3,15653,14.1,6537,5.9,0.0423,0.0115,0.7894,0.7945,0.1597
VA,51015,Augusta County,"Augusta County, Virginia",77433,15.3,1348,4.5,4505,15.0,0.1591,0.1626,0.3166,0.5266,0.2129
VA,51017,Bath County,"Bath County, Virginia",4177,36.9,18,0.9,508,26.7,0.3678,0.16,0.1409,0.1314,0.1674
VA,51019,Bedford County,"Bedford County, Virginia",79761,15.8,1177,3.6,4757,14.6,0.0878,0.1215,0.4085,0.1721,0.0853
VA,51021,Bland County,"Bland County, Virginia",6241,14.8,78,3.5,793,35.5,0.0493,0.0458,0.1276,0.6195,0.0974
VA,51023,Botetourt County,"Botetourt County, Virginia",33734,12.8,484,3.7,1749,13.5,0.0375,0.0226,0.2294,0.0783,0.013
VA,51025,Brunswick County,"Brunswick County, Virginia",15965,27.2,467,7.6,1336,21.7,0.8101,0.308,0.9141,0.9281,0.8311
VA,51027,Buchanan County,"Buchanan County, Virginia",20246,37.6,368,4.9,2162,28.8,0.8517,0.5049,0.015,0.4381,0.5975
VA,51029,Buckingham County,"Buckingham County, Virginia",16869,24.7,377,6.4,1797,30.5,0.6974,0.2437,0.7725,0.7614,0.6758
VA,51031,Campbell County,"Campbell County, Virginia",55518,21.8,1165,5.2,4052,18.1,0.3567,0.4458,0.5581,0.4365,0.4152
VA,51033,Caroline County,"Caroline County, Virginia",31181,15.4,571,5.0,1826,16.0,0.3064,0.4209,0.7537,0.3901,0.399
VA,51035,Carroll County,"Carroll County, Virginia",29126,25.3,515,4.2,2693,22.2,0.5861,0.3016,0.1225,0.1114,0.2797
VA,51036,Charles City County,"Charles City County, Virginia",6760,19.7,186,6.4,859,29.6,0.3945,0.1934,0.8988,0.09,0.2685
VA,51037,Charlotte County,"Charlotte County, Virginia",11563,29.9,361,8.0,1310,28.9,0.6172,0.86,0.6885,0.6344,0.7436
VA,51041,Chesterfield County,"Chesterfield County, Virginia",366019,11.5,4205,3.1,9718,7.2,0.2421,0.6452,0.7929,0.111,0.2943
VA,51043,Clarke County,"Clarke County, Virginia",14882,9.1,110,2.0,774,13.8,0.0926,0.098,0.4445,0.0916,0.0598
VA,51045,Craig County,"Craig County, Virginia",4898,14.0,85,4.7,199,11.0,0.0538,0.1059,0.0627,0.2864,0.0589
VA,51047,Culpeper County,"Culpeper County, Virginia",52822,12.9,614,3.4,1883,10.4,0.357,0.5511,0.6923,0.3401,0.4327
VA,51049,Cumberland County,"Cumberland County, Virginia",9697,15.1,281,6.9,926,22.8,0.3532,0.5196,0.7391,0.371,0.4426
VA,51051,Dickenson County,"Dickenson County, Virginia",14089,35.7,391,7.1,1345,24.3,0.5717,0.3058,0.0032,0.644,0.4629
VA,51053,Dinwiddie County,"Dinwiddie County, Virginia",28057,14.7,297,2.8,1937,18.6,0.3656,0.1495,0.7502,0.3229,0.3261
VA,51057,Essex County,"Essex County, Virginia",10602,30.2,227,5.3,1243,29.2,0.9593,0.6048,0.8438,0.4311,0.8272
VA,51059,Fairfax County,"Fairfax County, Virginia",1145354,9.9,18946,4.6,16299,4.0,0.112,0.2574,0.8775,0.3621,0.2412
VA,51061,Fauquier County,"Fauquier County, Virginia",73290,9.8,805,3.1,2379,9.1,0.0764,0.3802,0.5654,0.0286,0.0732
VA,51063,Floyd County,"Floyd County, Virginia",15532,17.9,374,5.6,1438,21.6,0.1546,0.0955,0.1696,0.1941,0.0929
VA,51065,Fluvanna County,"Fluvanna County, Virginia",27442,12.3,276,2.7,1018,10.0,0.0821,0.027,0.5915,0.1658,0.0582
VA,51067,Franklin County,"Franklin County, Virginia",54838,21.7,1202,5.5,4487,20.4,0.2275,0.1909,0.3847,0.7028,0.321
VA,51069,Frederick County,"Frederick County, Virginia",92007,12.2,1207,3.6,4144,12.4,0.2179,0.4715,0.5183,0.2135,0.2545
VA,51071,Giles County,"Giles County, Virginia",16711,20.0,383,5.6,1306,19.1,0.1273,0.099,0.0821,0.3334,0.1037
VA,51073,Gloucester County,"Gloucester County, Virginia",38875,11.2,359,2.4,1861,12.5,0.133,0.0732,0.4683,0.0089,0.0344
VA,51075,Goochland County,"Goochland County, Virginia",24906,8.4,261,2.7,1115,11.4,0.0041,0.0449,0.5667,0.4009,0.0592
VA,51077,Grayson County,"Grayson County, Virginia",15356,33.1,308,5.0,1336,21.7,0.6414,0.6755,0.3446,0.4648,0.5851
VA,51079,Greene County,"Greene County, Virginia",20631,16.2,159,2.1,714,9.3,0.1683,0.6096,0.5269,0.1365,0.2199
VA,51081,Greensville County,"Greensville County, Virginia",11373,26.8,278,8.6,594,18.4,0.8883,0.3016,0.9405,0.9847,0.8979
VA,51083,Halifax County,"Halifax County, Virginia",34013,27.3,871,6.4,4680,34.6,0.6977,0.8365,0.7859,0.5749,0.7684
VA,51085,Hanover County,"Hanover County, Virginia",110513,9.9,1132,2.7,4017,9.7,0.0185,0.0735,0.4932,0.0837,0.0274
VA,51087,Henrico County,"Henrico County, Virginia",333120,14.3,7433,5.5,12527,9.3,0.266,0.4677,0.8661,0.2183,0.3414
VA,51089,Henry County,"Henry County, Virginia",50760,29.9,1331,6.5,5741,28.1,0.7553,0.7614,0.6828,0.6494,0.7757
VA,51091,Highland County,"Highland County, Virginia",2247,17.7,54,5.3,257,25.3,0.3901,0.1368,0.0821,0.0751,0.1352
VA,51093,Isle of Wight County,"Isle of Wight County, Virginia",38898,15.8,720,4.7,2470,16.3,0.2733,0.2784,0.6726,0.1279,0.2243
VA,51095,James City County,"James City County, Virginia",78818,10.9,1293,4.2,2491,8.1,0.078,0.5781,0.6249,0.1499,0.1763
VA,51097,King and Queen County,"King and Queen County, Virginia",6681,25.6,113,4.0,815,28.8,0.6382,0.0239,0.7136,0.0277,0.1973
VA,51099,King George County,"King George County, Virginia",26985,12.6,173,1.8,965,9.9,0.09,0.1397,0.6647,0.0239,0.0528
VA,51101,King William County,"King William County, Virginia",17845,13.1,223,3.2,1698,24.6,0.1082,0.1874,0.5727,0.0022,0.0334
VA,51103,Lancaster County,"Lancaster County, Virginia",10866,23.4,212,4.0,1400,26.7,0.7331,0.3907,0.7089,0.1565,0.5075
VA,51105,Lee County,"Lee County, Virginia",22287,37.3,750,9.0,3099,37.2,0.9217,0.908,0.2062,0.8374,0.8788
VA,51107,Loudoun County,"Loudoun County, Virginia",420773,6.4,4283,3.1,4860,3.5,0.0197,0.3322,0.8524,0.1374,0.1059
VA,51109,Louisa County,"Louisa County, Virginia",38106,16.8,519,3.5,2681,18.3,0.5049,0.1406,0.5829,0.0885,0.2542
VA,51111,Lunenburg County,"Lunenburg County, Virginia",11988,25.6,353,7.7,1676,36.7,0.7661,0.9561,0.7983,0.93,0.9243
VA,51113,Madison County,"Madison County, Virginia",13828,19.9,157,2.9,1009,19.0,0.3398,0.077,0.4518,0.125,0.1594
VA,51115,Mathews County,"Mathews County, Virginia",8537,12.2,21,0.6,963,25.7,0.2205,0.307,0.4416,0.0127,0.1002
VA,51117,Mecklenburg County,"Mecklenburg County, Virginia",30367,28.1,980,7.5,3838,29.4,0.5581,0.8088,0.7798,0.6812,0.7308
VA,51119,Middlesex County,"Middlesex County, Virginia",10738,16.4,131,2.8,1058,22.4,0.3089,0.3115,0.5644,0.3026,0.3042
VA,51121,Montgomery County,"Montgomery County, Virginia",99373,30.0,1968,5.5,3440,9.5,0.3621,0.0029,0.4779,0.9017,0.2873
VA,51125,Nelson County,"Nelson County, Virginia",14773,18.2,355,5.8,1310,21.4,0.3672,0.1699,0.5202,0.2033,0.2536
VA,51127,New Kent County,"New Kent County, Virginia",23296,7.7,127,1.5,935,10.8,0.0115,0.0111,0.574,0.0111,0.0025
VA,51131,Northampton County,"Northampton County, Virginia",12132,26.0,550,10.3,970,18.2,0.6857,0.6977,0.8272,0.7782,0.79
VA,51133,Northumberland County,"Northumberland County, Virginia",12007,20.3,220,4.3,1042,20.1,0.3805,0.0757,0.6901,0.0935,0.1922
VA,51135,Nottoway County,"Nottoway County, Virginia",15638,29.5,389,7.2,1540,28.4,0.9303,0.5151,0.8438,0.6592,0.8425
VA,51137,Orange County,"Orange County, Virginia",36593,17.5,552,3.9,1654,11.6,0.2459,0.2434,0.5797,0.3172,0.2593
VA,51139,Page County,"Page County, Virginia",23753,18.0,651,7.0,2104,22.5,0.6602,0.3831,0.1753,0.1359,0.363
VA,51141,Patrick County,"Patrick County, Virginia",17660,22.9,326,4.2,1873,24.1,0.2768,0.3557,0.3058,0.2956,0.2558
VA,51143,Pittsylvania County,"Pittsylvania County, Virginia",60541,27.4,1275,5.2,6280,25.6,0.6777,0.7973,0.6233,0.5126,0.7054
VA,51145,Powhatan County,"Powhatan County, Virginia",30503,8.5,174,1.6,905,8.2,0.0226,0.008,0.4248,0.0181,0.0022
VA,51147,Prince Edward County,"Prince Edward County, Virginia",21922,26.5,625,8.4,1818,24.5,0.5313,0.1801,0.776,0.8552,0.6106
VA,51149,Prince George County,"Prince George County, Virginia",42634,18.4,383,3.0,1479,11.5,0.4582,0.0681,0.8549,0.4158,0.3805
VA,51153,Prince William County,"Prince William County, Virginia",481114,11.1,3583,2.3,5661,3.7,0.3213,0.5813,0.9195,0.2144,0.4117
VA,51155,Pulaski County,"Pulaski County, Virginia",33841,20.3,675,4.7,3150,21.8,0.2304,0.1658,0.2854,0.3465,0.2011
VA,51157,Rappahannock County,"Rappahannock County, Virginia",7422,16.5,45,1.6,356,12.6,0.4515,0.076,0.3824,0.0,0.0573
VA,51159,Richmond County,"Richmond County, Virginia",8968,22.4,178,6.3,603,21.3,0.4566,0.2663,0.776,0.7289,0.5485
VA,51161,Roanoke County,"Roanoke County, Virginia",96653,13.4,1774,4.5,4658,11.9,0.0681,0.3134,0.4537,0.2339,0.1333
VA,51163,Rockbridge County,"Rockbridge County, Virginia",22673,19.3,413,4.4,1496,16.0,0.1753,0.1947,0.265,0.153,0.125
VA,51165,Rockingham County,"Rockingham County, Virginia",83905,15.9,1415,4.5,5113,16.2,0.2339,0.2733,0.3888,0.3808,0.2526
VA,51167,Russell County,"Russell County, Virginia",25763,30.4,690,6.6,3562,34.1,0.6023,0.2339,0.0169,0.3242,0.3468
VA,51169,Scott County,"Scott County, Virginia",21536,29.9,748,8.5,2463,27.9,0.4865,0.301,0.0169,0.7827,0.4712
VA,51171,Shenandoah County,"Shenandoah County, Virginia",44337,21.9,873,5.0,3074,17.5,0.469,0.7992,0.4146,0.1476,0.4298
VA,51173,Smyth County,"Smyth County, Virginia",29799,31.3,1010,8.0,2795,22.1,0.5542,0.8931,0.1152,0.7671,0.6841
VA,51175,Southampton County,"Southampton County, Virginia",18003,14.2,342,5.0,1243,18.2,0.3942,0.287,0.7693,0.4184,0.4279
VA,51177,Spotsylvania County,"Spotsylvania County, Virginia",141097,12.9,1528,3.1,2924,5.9,0.3303,0.2994,0.7261,0.1336,0.2654
VA,51179,Stafford County,"Stafford County, Virginia",157606,8.9,964,1.9,2004,4.0,0.0904,0.4734,0.8212,0.2794,0.2428
VA,51181,Surry County,"Surry County, Virginia",6546,21.7,144,5.2,710,25.9,0.5119,0.4031,0.8447,0.1995,0.448
VA,51183,Sussex County,"Sussex County, Virginia",10866,22.6,382,10.3,775,21.0,0.7012,0.2144,0.9201,0.8871,0.7385
VA,51185,Tazewell County,"Tazewell County, Virginia",40392,29.8,1200,7.6,2545,16.1,0.6417,0.5619,0.1409,0.665,0.5883
VA,51187,Warren County,"Warren County, Virginia",40800,17.7,833,5.5,1445,9.5,0.6061,0.2704,0.4683,0.4792,0.496
VA,51191,Washington County,"Washington County, Virginia",53985,20.1,972,4.4,4480,20.4,0.3124,0.3147,0.0579,0.3904,0.2549
VA,51193,Westmoreland County,"Westmoreland County, Virginia",18480,27.7,477,6.1,1592,20.3,0.9281,0.903,0.7537,0.2638,0.8193
VA,51195,Wise County,"Wise County, Virginia",36105,30.7,1369,9.7,3739,26.6,0.8756,0.5387,0.2587,0.8937,0.8046
VA,51197,Wythe County,"Wythe County, Virginia",28275,24.3,1043,8.4,2390,19.2,0.3812,0.72,0.1339,0.3983,0.4139
VA,51199,York County,"York County, Virginia",70238,8.2,1016,3.9,1967,7.6,0.0633,0.5269,0.6911,0.1384,0.1543
VA,51510,Alexandria City,"Alexandria city, Virginia",157594,13.4,8235,11.0,4733,6.3,0.2345,0.0242,0.8651,0.7442,0.3178
VA,51520,Bristol City,"Bristol city, Virginia",17036,31.0,751,10.3,1802,24.7,0.8088,0.8381,0.3888,0.5902,0.7696
VA,51530,Buena Vista City,"Buena Vista city, Virginia",6639,29.3,132,5.0,431,16.2,0.6332,0.3732,0.3961,0.4053,0.4983
VA,51540,Charlottesville City,"Charlottesville city, Virginia",46289,30.1,2293,11.8,2231,11.4,0.6513,0.0334,0.72,0.8562,0.5727
VA,51550,Chesapeake City,"Chesapeake city, Virginia",249377,13.2,4053,4.4,6818,7.5,0.3153,0.6125,0.8291,0.2475,0.4149
VA,51570,Colonial Heights City,"Colonial Heights city, Virginia",18158,14.5,501,6.6,1139,15.0,0.4782,0.9443,0.678,0.1912,0.5651
VA,51580,Covington City,"Covington city, Virginia",5722,25.7,213,8.5,476,19.0,0.4073,0.468,0.5237,0.1352,0.3128
VA,51590,Danville City,"Danville city, Virginia",42507,38.7,2611,13.9,4764,25.4,0.9322,0.9765,0.9176,0.8979,0.9796
VA,51595,Emporia City,"Emporia city, Virginia",5680,35.8,360,16.0,407,18.1,0.9071,0.994,0.9784,0.4228,0.9233
VA,51600,Fairfax City,"Fairfax city, Virginia",24242,14.5,562,6.2,329,3.6,0.1413,0.1117,0.8508,0.8113,0.3551
VA,51610,Falls Church City,"Falls Church city, Virginia",14576,3.9,326,5.7,190,3.3,0.055,0.4047,0.678,0.4486,0.2189
VA,51620,Franklin City,"Franklin city, Virginia",8194,31.8,364,10.9,497,14.8,0.7241,0.7165,0.9303,0.6745,0.7938
VA,51630,Fredericksburg City,"Fredericksburg city, Virginia",28258,22.9,1042,9.2,1080,9.6,0.5851,0.3624,0.8101,0.9675,0.7636
VA,51640,Galax City,"Galax city, Virginia",6687,37.7,254,9.7,432,16.5,0.9249,0.9478,0.6561,0.8928,0.9532
VA,51650,Hampton City,"Hampton city, Virginia",137217,22.8,4346,7.6,6367,11.1,0.6277,0.58,0.937,0.7464,0.748
VA,51660,Harrisonburg City,"Harrisonburg city, Virginia",51784,38.6,1237,7.2,3101,18.1,0.9666,0.1234,0.7378,0.9504,0.8648
VA,51670,Hopewell City,"Hopewell city, Virginia",23046,36.5,840,9.0,1306,14.0,0.9138,0.8435,0.9074,0.6001,0.8801
VA,51678,Lexington City,"Lexington city, Virginia",7346,19.5,220,11.0,281,14.1,0.0789,0.0,0.5119,0.5912,0.0474
VA,51680,Lynchburg City,"Lynchburg city, Virginia",79166,27.2,3064,10.6,2757,9.5,0.6917,0.1429,0.7684,0.9122,0.7066
VA,51683,Manassas City,"Manassas city, Virginia",42620,10.5,510,3.7,601,4.3,0.5173,0.3137,0.931,0.3093,0.4884
VA,51685,Manassas Park City,"Manassas Park city, Virginia",17123,17.6,248,4.8,260,5.0,0.7588,0.3261,0.9593,0.4295,0.6532
VA,51690,Martinsville City,"Martinsville city, Virginia",13539,37.9,744,13.2,1190,21.1,0.8661,0.9882,0.9065,0.6414,0.9297
VA,51700,Newport News City,"Newport News city, Virginia",185118,23.2,7304,9.7,11089,14.7,0.6739,0.686,0.9154,0.9179,0.8406
VA,51710,Norfolk City,"Norfolk city, Virginia",236973,26.2,11028,11.8,12885,13.7,0.8451,0.4203,0.9084,0.9246,0.8594
VA,51720,Norton City,"Norton city, Virginia",3668,39.5,129,8.1,432,27.1,0.8549,0.6328,0.0757,0.8307,0.769
VA,51730,Petersburg City,"Petersburg city, Virginia",33261,34.7,2421,16.5,2873,19.5,0.9701,0.9389,0.9885,0.79,0.9733
VA,51735,Poquoson City,"Poquoson city, Virginia",12479,8.5,77,1.7,337,7.2,0.001,0.2386,0.3016,0.0048,0.0038
VA,51740,Portsmouth City,"Portsmouth city, Virginia",97384,27.3,4448,11.4,5268,13.5,0.804,0.6039,0.937,0.7766,0.8355
VA,51750,Radford City,"Radford city, Virginia",16379,42.3,251,4.6,663,12.1,0.735,0.0032,0.4779,0.5243,0.3408
VA,51760,Richmond City,"Richmond city, Virginia",227171,28.7,14330,14.2,17149,16.9,0.8575,0.3016,0.9109,0.8823,0.8333
VA,51770,Roanoke City,"Roanoke city, Virginia",99213,29.5,4779,11.2,7491,17.5,0.8718,0.6624,0.8088,0.7639,0.8521
VA,51775,Salem City,"Salem city, Virginia",25372,18.6,580,5.8,1325,13.2,0.2253,0.083,0.4613,0.8046,0.3248
VA,51790,Staunton City,"Staunton city, Virginia",25581,21.0,976,8.8,2059,18.6,0.5262,0.468,0.5317,0.748,0.6048
VA,51800,Suffolk City,"Suffolk city, Virginia",94856,15.8,2168,6.0,4792,13.2,0.4715,0.4553,0.882,0.2806,0.4788
VA,51810,Virginia Beach City,"Virginia Beach city, Virginia",457900,13.5,7723,4.3,11393,6.4,0.2743,0.3465,0.7843,0.2377,0.307
VA,51820,Waynesboro City,"Waynesboro city, Virginia",22341,26.6,738,7.8,1330,14.1,0.7735,0.9042,0.6332,0.4069,0.7601
VA,51830,Williamsburg City,"Williamsburg city, Virginia",15486,20.2,346,7.1,522,10.7,0.4846,0.0188,0.6962,0.6398,0.3802
VA,51840,Winchester City,"Winchester city, Virginia",28103,27.3,1117,10.0,1959,17.5,0.8689,0.791,0.7366,0.9135,0.9033
WA,53001,Adams County,"Adams County, Washington",20557,33.1,464,7.4,942,14.9,0.9835,0.7467,0.9526,0.9621,0.98
WA,53003,Asotin County,"Asotin County, Washington",22370,27.0,311,3.3,1065,11.2,0.5743,0.5807,0.3535,0.1826,0.4283
WA,53005,Benton County,"Benton County, Washington",207560,17.6,3827,5.1,7250,9.6,0.4232,0.8441,0.6993,0.6157,0.6405
WA,53007,Chelan County,"Chelan County, Washington",79076,17.7,1609,5.3,3635,12.0,0.5068,0.9542,0.7098,0.8129,0.7999
WA,53009,Clallam County,"Clallam County, Washington",77333,19.7,2132,6.2,3183,9.3,0.4753,0.6128,0.5161,0.6799,0.5861
WA,53011,Clark County,"Clark County, Washington",504091,14.5,8979,4.8,12462,6.6,0.3264,0.5037,0.6013,0.448,0.4257
WA,53013,Columbia County,"Columbia County, Washington",3980,17.1,73,4.0,421,23.3,0.2549,0.9275,0.5005,0.1063,0.3576
WA,53015,Cowlitz County,"Cowlitz County, Washington",110621,19.8,2696,6.2,4932,11.4,0.5288,0.8514,0.504,0.7426,0.7124
WA,53017,Douglas County,"Douglas County, Washington",43189,15.5,695,4.5,2116,13.7,0.4909,0.9911,0.7668,0.6939,0.8116
WA,53019,Ferry County,"Ferry County, Washington",7260,31.3,187,6.2,732,24.2,0.6443,0.5905,0.6481,0.749,0.7159
WA,53021,Franklin County,"Franklin County, Washington",96692,24.8,1215,4.3,2141,7.6,0.8909,0.8715,0.9243,0.7833,0.9147
WA,53023,Garfield County,"Garfield County, Washington",2310,15.6,12,1.2,173,17.1,0.1702,0.6007,0.328,0.2685,0.2456
WA,53025,Grant County,"Grant County, Washington",99145,24.9,1592,4.7,3886,11.5,0.8323,0.889,0.8657,0.9271,0.931
WA,53027,Grays Harbor County,"Grays Harbor County, Washington",75672,23.3,1616,5.5,3644,12.3,0.6694,0.8409,0.5654,0.8988,0.8215
WA,53029,Island County,"Island County, Washington",86510,12.9,1119,3.2,2199,6.2,0.2498,0.322,0.5679,0.3945,0.3032
WA,53031,Jefferson County,"Jefferson County, Washington",33006,19.2,732,4.6,1555,9.8,0.4063,0.2946,0.4085,0.3974,0.3643
WA,53033,King County,"King County, Washington",2254371,12.8,99515,10.9,53421,5.8,0.1938,0.0496,0.8199,0.8816,0.3761
WA,53035,Kitsap County,"Kitsap County, Washington",275411,13.4,4595,4.3,5894,5.6,0.195,0.2514,0.6128,0.6236,0.3334
WA,53037,Kittitas County,"Kittitas County, Washington",44424,23.2,647,3.4,2113,11.0,0.5132,0.013,0.5202,0.6265,0.3366
WA,53039,Klickitat County,"Klickitat County, Washington",22798,23.8,503,5.2,1260,13.1,0.6389,0.7178,0.525,0.4995,0.6414
WA,53041,Lewis County,"Lewis County, Washington",82663,21.3,1451,4.6,4299,13.6,0.608,0.7887,0.5081,0.6739,0.7028
WA,53043,Lincoln County,"Lincoln County, Washington",11036,19.2,125,2.8,695,15.3,0.1489,0.6131,0.3058,0.2132,0.2113
WA,53045,Mason County,"Mason County, Washington",66053,19.2,1003,3.9,2426,9.5,0.4776,0.7162,0.5679,0.525,0.573
WA,53047,Okanogan County,"Okanogan County, Washington",42336,30.3,702,4.1,2622,15.4,0.8836,0.9889,0.7502,0.7595,0.9453
WA,53049,Pacific County,"Pacific County, Washington",23396,22.2,801,7.5,1172,11.0,0.3923,0.9096,0.5371,0.8221,0.7038
WA,53051,Pend Oreille County,"Pend Oreille County, Washington",13570,21.7,177,3.1,1059,18.5,0.447,0.4235,0.4314,0.4279,0.4314
WA,53053,Pierce County,"Pierce County, Washington",918993,14.8,17091,5.0,24363,7.1,0.3452,0.4744,0.7391,0.735,0.5434
WA,53055,San Juan County,"San Juan County, Washington",18001,17.4,400,4.6,742,8.6,0.2424,0.092,0.3723,0.2179,0.1527
WA,53057,Skagit County,"Skagit County, Washington",129480,17.6,1996,3.9,4023,7.9,0.4642,0.7426,0.6402,0.5619,0.5982
WA,53059,Skamania County,"Skamania County, Washington",12118,16.7,222,4.6,758,15.8,0.2619,0.1432,0.5011,0.3252,0.2345
WA,53061,Snohomish County,"Snohomish County, Washington",828337,12.2,14205,4.6,19939,6.5,0.2428,0.1919,0.7178,0.5832,0.3557
WA,53063,Spokane County,"Spokane County, Washington",538711,20.2,15485,7.3,19394,9.1,0.4181,0.419,0.4871,0.8457,0.5638
WA,53065,Stevens County,"Stevens County, Washington",46774,22.9,695,3.8,3065,16.6,0.4613,0.5873,0.4248,0.4018,0.4652
WA,53067,Thurston County,"Thurston County, Washington",294272,16.0,5370,4.6,8574,7.4,0.3026,0.3443,0.6424,0.5024,0.3939
WA,53069,Wahkiakum County,"Wahkiakum County, Washington",4476,25.5,67,3.4,271,13.9,0.3538,0.1514,0.4839,0.1301,0.2039
WA,53071,Walla Walla County,"Walla Walla County, Washington",62150,21.4,1427,6.2,2606,11.3,0.6755,0.7416,0.6634,0.8858,0.8078
WA,53073,Whatcom County,"Whatcom County, Washington",226523,19.9,5544,6.1,7702,8.4,0.4203,0.1104,0.5778,0.8667,0.5002
WA,53075,Whitman County,"Whitman County, Washington",47141,36.1,1613,9.0,2715,15.1,0.6239,0.0099,0.5953,0.9154,0.5186
WA,53077,Yakima County,"Yakima County, Washington",256143,29.0,4498,5.3,10678,12.5,0.9698,0.8976,0.9154,0.8317,0.9647
WV,54001,Barbour County,"Barbour County, West Virginia",15527,32.3,401,6.9,1224,21.1,0.6713,0.1782,0.2062,0.4855,0.4563
WV,54003,Berkeley County,"Berkeley County, West Virginia",123283,18.4,2664,5.5,5059,10.4,0.3296,0.1756,0.4913,0.3159,0.2704
WV,54005,Boone County,"Boone County, West Virginia",21705,26.0,645,8.1,1233,15.4,0.5794,0.5641,0.0032,0.2603,0.4003
WV,54007,Braxton County,"Braxton County, West Virginia",12505,34.4,374,8.2,1042,22.8,0.8158,0.2342,0.314,0.5768,0.6013
WV,54009,Brooke County,"Brooke County, West Virginia",22349,20.9,676,7.0,1653,17.2,0.2272,0.5616,0.0983,0.7124,0.378
WV,54011,Cabell County,"Cabell County, West Virginia",93965,31.9,3997,10.3,6928,17.8,0.784,0.3863,0.3086,0.8635,0.7276
WV,54013,Calhoun County,"Calhoun County, West Virginia",6279,40.5,187,7.7,619,25.6,0.7302,0.4028,0.021,0.3373,0.4696
WV,54015,Clay County,"Clay County, West Virginia",8049,34.6,225,7.9,546,19.1,0.6685,0.4734,0.0057,0.6052,0.538
WV,54017,Doddridge County,"Doddridge County, West Virginia",7847,25.5,60,2.6,583,24.9,0.4591,0.0366,0.1225,0.5275,0.2625
WV,54019,Fayette County,"Fayette County, West Virginia",40545,31.6,1623,10.2,3410,21.4,0.7922,0.5231,0.2109,0.7445,0.7019
WV,54021,Gilmer County,"Gilmer County, West Virginia",7444,22.1,141,6.6,546,25.6,0.5297,0.1295,0.5542,0.6621,0.4849
WV,54023,Grant County,"Grant County, West Virginia",11034,20.5,299,7.2,775,18.6,0.4368,0.3198,0.0299,0.2679,0.2695
WV,54025,Greenbrier County,"Greenbrier County, West Virginia",32995,31.2,987,6.7,2794,19.0,0.5848,0.3468,0.2234,0.4477,0.4537
WV,54027,Hampshire County,"Hampshire County, West Virginia",23275,26.2,419,5.2,1709,21.2,0.7235,0.3,0.0821,0.3929,0.4699
WV,54029,Hancock County,"Hancock County, West Virginia",28907,21.7,866,6.7,1620,12.5,0.5221,0.2622,0.1696,0.2109,0.2969
WV,54031,Hardy County,"Hardy County, West Virginia",14249,31.3,479,8.3,878,15.3,0.4874,0.3602,0.3086,0.3742,0.3942
WV,54033,Harrison County,"Harrison County, West Virginia",65862,24.4,2287,8.8,4620,17.8,0.476,0.2409,0.1508,0.7814,0.4703
WV,54035,Jackson County,"Jackson County, West Virginia",27868,29.7,1042,9.3,2527,22.7,0.3112,0.294,0.014,0.5558,0.2934
WV,54037,Jefferson County,"Jefferson County, West Virginia",58043,14.2,1195,5.6,1888,8.8,0.2164,0.0738,0.5011,0.4658,0.217
WV,54039,Kanawha County,"Kanawha County, West Virginia",179895,26.0,8308,10.8,11534,14.9,0.4696,0.4804,0.3824,0.6949,0.5339
WV,54041,Lewis County,"Lewis County, West Virginia",16920,28.3,704,10.3,1528,22.3,0.5635,0.4356,0.1696,0.7617,0.5568
WV,54043,Lincoln County,"Lincoln County, West Virginia",20410,34.5,698,9.0,1356,17.4,0.5364,0.461,0.0083,0.3863,0.3983
WV,54045,Logan County,"Logan County, West Virginia",32350,40.2,1212,9.8,1464,11.8,0.8069,0.5014,0.0337,0.7178,0.6624
WV,54047,McDowell County,"McDowell County, West Virginia",18911,45.7,646,9.9,1358,20.7,0.9131,0.8237,0.5202,0.7601,0.8721
WV,54049,Marion County,"Marion County, West Virginia",56194,25.6,1851,8.0,2949,12.8,0.4671,0.3777,0.2164,0.5632,0.4394
WV,54051,Marshall County,"Marshall County, West Virginia",30509,24.5,794,6.6,2222,18.4,0.2552,0.4827,0.0675,0.2237,0.2167
WV,54053,Mason County,"Mason County, West Virginia",25488,27.3,717,7.1,2196,21.7,0.3137,0.1737,0.0229,0.6074,0.2774
WV,54055,Mercer County,"Mercer County, West Virginia",59530,32.4,2034,8.3,4414,18.0,0.5943,0.7856,0.314,0.8791,0.7343
WV,54057,Mineral County,"Mineral County, West Virginia",26957,20.7,631,6.0,1283,12.2,0.1884,0.357,0.1654,0.3786,0.2135
WV,54059,Mingo County,"Mingo County, West Virginia",23466,41.0,1069,11.8,1594,17.5,0.8422,0.4687,0.0337,0.7092,0.6761
WV,54061,Monongalia County,"Monongalia County, West Virginia",105988,27.4,3139,7.1,4354,9.8,0.525,0.0041,0.3748,0.8225,0.3325
WV,54063,Monroe County,"Monroe County, West Virginia",12438,22.5,301,6.5,978,21.3,0.5842,0.7276,0.0821,0.119,0.3901
WV,54065,Morgan County,"Morgan County, West Virginia",17237,20.3,301,4.3,1382,19.6,0.4286,0.0808,0.1094,0.1779,0.1759
WV,54067,Nicholas County,"Nicholas County, West Virginia",24624,25.6,639,6.6,1561,16.2,0.4066,0.5638,0.0089,0.1903,0.2794
WV,54069,Ohio County,"Ohio County, West Virginia",42224,24.4,2099,12.0,2860,16.4,0.3983,0.4324,0.2485,0.7117,0.4741
WV,54071,Pendleton County,"Pendleton County, West Virginia",6156,25.4,103,4.4,667,28.3,0.5829,0.2991,0.0757,0.1091,0.2666
WV,54073,Pleasants County,"Pleasants County, West Virginia",7622,18.3,120,4.4,366,13.4,0.4893,0.3338,0.0379,0.6207,0.4295
WV,54075,Pocahontas County,"Pocahontas County, West Virginia",7940,31.4,211,7.2,804,27.2,0.6589,0.2001,0.0627,0.8466,0.5546
WV,54077,Preston County,"Preston County, West Virginia",34206,22.0,805,6.4,2065,16.4,0.518,0.1091,0.335,0.7429,0.4591
WV,54079,Putnam County,"Putnam County, West Virginia",57347,18.4,1098,4.9,3453,15.4,0.084,0.1912,0.0757,0.209,0.077
WV,54081,Raleigh County,"Raleigh County, West Virginia",74303,32.3,2736,9.3,7793,26.5,0.7439,0.7722,0.3748,0.8447,0.7887
WV,54083,Randolph County,"Randolph County, West Virginia",28005,27.7,1131,10.9,2497,24.1,0.6475,0.0983,0.2399,0.7871,0.5189
WV,54085,Ritchie County,"Ritchie County, West Virginia",8507,30.9,149,4.6,685,21.0,0.4419,0.5705,0.0083,0.1222,0.2609
WV,54087,Roane County,"Roane County, West Virginia",14027,37.6,545,10.0,1462,26.8,0.8953,0.5126,0.0379,0.3942,0.6141
WV,54089,Summers County,"Summers County, West Virginia",11985,31.1,434,8.9,1499,30.7,0.6236,0.4499,0.2294,0.9262,0.6752
WV,54091,Taylor County,"Taylor County, West Virginia",16602,27.9,474,7.1,1170,17.5,0.5418,0.252,0.0337,0.4009,0.3538
WV,54093,Tucker County,"Tucker County, West Virginia",6747,21.0,277,9.8,630,22.2,0.3255,0.1721,0.0048,0.5399,0.2615
WV,54095,Tyler County,"Tyler County, West Virginia",8336,21.1,214,7.3,509,17.3,0.1826,0.3105,0.0115,0.2017,0.1349
WV,54097,Upshur County,"Upshur County, West Virginia",23875,30.2,886,9.3,1742,18.3,0.7283,0.2762,0.1037,0.805,0.6045
WV,54099,Wayne County,"Wayne County, West Virginia",38933,29.7,1280,8.6,3470,23.2,0.573,0.3334,0.0169,0.343,0.3694
WV,54101,Webster County,"Webster County, West Virginia",8362,31.4,393,13.1,705,23.4,0.7095,0.3261,0.1508,0.434,0.4916
WV,54103,Wetzel County,"Wetzel County, West Virginia",14431,26.3,363,6.2,1324,22.6,0.3799,0.2704,0.0264,0.5434,0.3201
WV,54105,Wirt County,"Wirt County, West Virginia",5202,34.4,195,9.1,455,21.2,0.3913,0.2774,0.0115,0.3163,0.2552
WV,54107,Wood County,"Wood County, West Virginia",84272,25.8,2975,8.4,5744,16.2,0.4862,0.4658,0.0757,0.3907,0.3869
WV,54109,Wyoming County,"Wyoming County, West Virginia",21237,36.4,803,10.4,1947,25.2,0.7213,0.3942,0.0089,0.5084,0.5173
WI,55001,Adams County,"Adams County, Wisconsin",20730,23.6,467,5.1,1755,19.1,0.5679,0.399,0.342,0.5962,0.5259
WI,55003,Ashland County,"Ashland County, Wisconsin",16041,25.7,420,6.1,1437,21.0,0.3252,0.3271,0.503,0.8031,0.4852
WI,55005,Barron County,"Barron County, Wisconsin",46683,21.8,991,5.2,3659,19.1,0.3713,0.6198,0.2234,0.4216,0.4009
WI,55007,Bayfield County,"Bayfield County, Wisconsin",16214,18.0,276,3.7,906,12.0,0.1199,0.1457,0.4604,0.1209,0.097
WI,55009,Brown County,"Brown County, Wisconsin",268393,16.3,5360,4.9,11072,10.1,0.1492,0.4133,0.5444,0.5364,0.3007
WI,55011,Buffalo County,"Buffalo County, Wisconsin",13329,14.5,209,3.7,767,13.7,0.1524,0.224,0.0675,0.0525,0.0595
WI,55013,Burnett County,"Burnett County, Wisconsin",16561,22.2,224,3.2,1157,16.6,0.412,0.23,0.2879,0.0824,0.1928
WI,55015,Calumet County,"Calumet County, Wisconsin",52361,11.4,781,3.8,1788,8.6,0.0086,0.1009,0.3058,0.0391,0.0115
WI,55017,Chippewa County,"Chippewa County, Wisconsin",66254,18.2,1097,4.2,3132,11.9,0.1686,0.0675,0.1572,0.2704,0.1056
WI,55019,Clark County,"Clark County, Wisconsin",34703,22.4,1190,9.4,2820,22.3,0.6096,0.5584,0.2265,0.7929,0.6347
WI,55021,Columbia County,"Columbia County, Wisconsin",58272,14.3,1009,4.2,3282,13.6,0.0668,0.1053,0.2399,0.3878,0.0993
WI,55023,Crawford County,"Crawford County, Wisconsin",16123,21.3,430,6.6,1235,18.9,0.2679,0.182,0.1409,0.6602,0.2905
WI,55025,Dane County,"Dane County, Wisconsin",559891,15.5,18175,7.5,19045,7.9,0.1053,0.0388,0.5616,0.65,0.1855
WI,55027,Dodge County,"Dodge County, Wisconsin",89032,14.6,1573,4.4,4351,12.2,0.1613,0.0818,0.3248,0.4349,0.1584
WI,55029,Door County,"Door County, Wisconsin",30038,14.6,429,3.1,1825,13.2,0.1066,0.1499,0.1572,0.0808,0.0525
WI,55031,Douglas County,"Douglas County, Wisconsin",44092,18.0,1549,8.2,2795,14.8,0.1654,0.3633,0.2692,0.6573,0.2946
WI,55033,Dunn County,"Dunn County, Wisconsin",45221,19.9,818,4.7,2253,13.1,0.2195,0.0235,0.2234,0.6615,0.188
WI,55035,Eau Claire County,"Eau Claire County, Wisconsin",105697,17.3,2417,5.7,4327,10.2,0.1301,0.0487,0.3388,0.5896,0.1616
WI,55037,Florence County,"Florence County, Wisconsin",4574,17.6,58,2.8,319,15.3,0.3458,0.1317,0.0379,0.0697,0.112
WI,55039,Fond du Lac County,"Fond du Lac County, Wisconsin",104027,14.5,2420,5.7,5412,12.8,0.091,0.1766,0.3592,0.5597,0.1887
WI,55041,Forest County,"Forest County, Wisconsin",9239,24.9,157,4.2,647,17.4,0.4563,0.2208,0.552,0.3691,0.3799
WI,55043,Grant County,"Grant County, Wisconsin",51842,23.0,1023,5.2,3300,16.6,0.2685,0.0379,0.0983,0.6968,0.2224
WI,55045,Green County,"Green County, Wisconsin",37066,12.5,610,3.9,2156,13.8,0.048,0.2701,0.1276,0.1887,0.0684
WI,55047,Green Lake County,"Green Lake County, Wisconsin",19093,21.6,500,6.2,1422,17.7,0.3261,0.6987,0.2399,0.4779,0.4228
WI,55049,Iowa County,"Iowa County, Wisconsin",23766,13.4,313,3.2,1325,13.5,0.0172,0.0493,0.1339,0.0328,0.0051
WI,55051,Iron County,"Iron County, Wisconsin",6136,19.8,123,4.2,427,14.5,0.2087,0.2049,0.0757,0.0834,0.0926
WI,55053,Jackson County,"Jackson County, Wisconsin",20958,21.4,421,5.3,1245,15.6,0.5126,0.2424,0.4146,0.7541,0.5231
WI,55055,Jefferson County,"Jefferson County, Wisconsin",85932,12.8,1495,4.4,3946,11.6,0.1107,0.0684,0.335,0.4283,0.1276
WI,55057,Juneau County,"Juneau County, Wisconsin",26695,23.8,363,3.4,1933,18.2,0.4489,0.2354,0.342,0.6166,0.4273
WI,55059,Kenosha County,"Kenosha County, Wisconsin",168693,18.1,3278,4.9,6337,9.5,0.4543,0.4718,0.6268,0.5546,0.5215
WI,55061,Kewaunee County,"Kewaunee County, Wisconsin",20570,11.9,322,3.9,1318,16.0,0.0118,0.1107,0.1225,0.022,0.0064
WI,55063,La Crosse County,"La Crosse County, Wisconsin",120216,18.3,3508,7.0,5977,11.9,0.1514,0.0318,0.3388,0.6672,0.182
WI,55065,Lafayette County,"Lafayette County, Wisconsin",16716,18.8,306,4.6,1371,20.6,0.2383,0.3936,0.1508,0.0643,0.1339
WI,55067,Langlade County,"Langlade County, Wisconsin",19512,20.9,381,4.5,1272,15.1,0.258,0.2669,0.1572,0.1613,0.1607
WI,55069,Lincoln County,"Lincoln County, Wisconsin",28402,20.0,650,5.3,2017,16.5,0.2485,0.1995,0.1037,0.2848,0.1775
WI,55071,Manitowoc County,"Manitowoc County, Wisconsin",81242,17.1,2045,5.9,4526,13.0,0.0566,0.3993,0.3248,0.2854,0.1346
WI,55073,Marathon County,"Marathon County, Wisconsin",137820,15.0,2650,4.7,6538,11.6,0.1161,0.3086,0.3697,0.2224,0.1473
WI,55075,Marinette County,"Marinette County, Wisconsin",41827,18.7,780,4.2,2945,15.9,0.118,0.1349,0.0735,0.3379,0.1088
WI,55077,Marquette County,"Marquette County, Wisconsin",15619,20.5,307,4.5,957,14.0,0.2829,0.44,0.1861,0.1896,0.2227
WI,55078,Menominee County,"Menominee County, Wisconsin",4279,26.8,68,5.2,183,14.0,0.5692,0.5997,0.9927,0.2749,0.5743
WI,55079,Milwaukee County,"Milwaukee County, Wisconsin",933063,27.3,49084,12.6,56545,14.5,0.6942,0.7569,0.8743,0.839,0.8276
WI,55081,Monroe County,"Monroe County, Wisconsin",46208,21.6,1272,7.1,2787,15.5,0.3315,0.3497,0.3166,0.7474,0.4432
WI,55083,Oconto County,"Oconto County, Wisconsin",39048,15.4,531,3.3,2252,13.8,0.0477,0.0525,0.0983,0.1005,0.0204
WI,55085,Oneida County,"Oneida County, Wisconsin",37799,17.9,607,3.7,2142,13.0,0.0799,0.0713,0.1037,0.0974,0.036
WI,55087,Outagamie County,"Outagamie County, Wisconsin",190611,12.3,3219,4.2,6854,8.9,0.0366,0.1094,0.3977,0.2412,0.0671
WI,55089,Ozaukee County,"Ozaukee County, Wisconsin",91745,9.4,1337,3.6,2896,7.7,0.0305,0.0926,0.2816,0.1492,0.0395
WI,55091,Pepin County,"Pepin County, Wisconsin",7363,14.6,119,3.9,482,15.7,0.0808,0.2603,0.0474,0.055,0.0442
WI,55093,Pierce County,"Pierce County, Wisconsin",42187,15.1,555,3.5,1703,10.7,0.0442,0.0051,0.1928,0.329,0.0216
WI,55095,Polk County,"Polk County, Wisconsin",45128,14.4,588,3.2,2637,14.2,0.1648,0.1015,0.0932,0.1282,0.0703
WI,55097,Portage County,"Portage County, Wisconsin",70281,17.4,1380,4.7,2712,9.3,0.098,0.0347,0.2879,0.4613,0.1063
WI,55099,Price County,"Price County, Wisconsin",14066,21.8,373,5.6,1262,19.0,0.2138,0.2364,0.1276,0.4916,0.2253
WI,55101,Racine County,"Racine County, Wisconsin",197068,17.9,4672,5.9,8708,11.0,0.3163,0.6519,0.6656,0.4515,0.4674
WI,55103,Richland County,"Richland County, Wisconsin",17256,21.9,534,7.4,1614,22.4,0.2892,0.4703,0.1508,0.6274,0.3764
WI,55105,Rock County,"Rock County, Wisconsin",163817,16.9,3668,5.5,8065,12.1,0.2176,0.5259,0.5119,0.3121,0.2988
WI,55107,Rusk County,"Rusk County, Wisconsin",14179,22.2,244,3.9,1045,16.9,0.3627,0.329,0.0983,0.1756,0.216
WI,55109,St. Croix County,"St. Croix County, Wisconsin",93752,9.9,1034,2.9,3324,9.2,0.0073,0.0668,0.1753,0.0474,0.0086
WI,55111,Sauk County,"Sauk County, Wisconsin",65664,15.8,1412,5.2,3398,12.4,0.1877,0.3309,0.3217,0.3869,0.2323
WI,55113,Sawyer County,"Sawyer County, Wisconsin",18057,22.3,357,4.3,1439,17.5,0.4731,0.3178,0.5829,0.237,0.3758
WI,55115,Shawano County,"Shawano County, Wisconsin",40848,18.7,827,5.0,2710,16.3,0.1639,0.1728,0.4146,0.3089,0.1769
WI,55117,Sheboygan County,"Sheboygan County, Wisconsin",117741,14.6,2424,4.9,5121,10.4,0.0465,0.2552,0.4871,0.4645,0.16
WI,55119,Taylor County,"Taylor County, Wisconsin",19979,18.6,408,5.3,1361,17.6,0.2612,0.3659,0.0579,0.2055,0.189
WI,55121,Trempealeau County,"Trempealeau County, Wisconsin",30679,16.2,598,4.8,1910,15.4,0.1788,0.4213,0.3503,0.2074,0.1989
WI,55123,Vernon County,"Vernon County, Wisconsin",30811,22.0,1009,8.4,2453,20.5,0.4353,0.5504,0.0544,0.6977,0.4779
WI,55125,Vilas County,"Vilas County, Wisconsin",23146,17.1,468,4.4,1533,14.4,0.2014,0.0913,0.4314,0.0398,0.0729
WI,55127,Walworth County,"Walworth County, Wisconsin",105127,15.9,1514,3.6,5480,13.0,0.1995,0.1584,0.4407,0.3608,0.2074
WI,55129,Washburn County,"Washburn County, Wisconsin",16685,20.8,263,3.6,1211,16.7,0.2762,0.1788,0.1339,0.085,0.119
WI,55131,Washington County,"Washington County, Wisconsin",136842,8.6,1951,3.5,4917,8.7,0.0194,0.0344,0.2294,0.0401,0.008
WI,55133,Waukesha County,"Waukesha County, Wisconsin",407290,8.1,5550,3.3,11738,7.1,0.02,0.0541,0.3888,0.0853,0.0191
WI,55135,Waupaca County,"Waupaca County, Wisconsin",51822,15.2,1017,4.5,3220,14.4,0.1037,0.2059,0.1276,0.2937,0.1142
WI,55137,Waushara County,"Waushara County, Wisconsin",24672,18.2,494,4.9,1718,16.9,0.3837,0.3583,0.3322,0.51,0.3917
WI,55139,Winnebago County,"Winnebago County, Wisconsin",171197,18.3,3773,5.2,7911,11.0,0.1094,0.0853,0.3847,0.5084,0.1549
WI,55141,Wood County,"Wood County, Wisconsin",74138,18.5,1534,4.8,4032,12.6,0.1651,0.3487,0.2399,0.2619,0.1791
WY,56001,Albany County,"Albany County, Wyoming",37525,31.5,792,4.9,1567,9.6,0.5651,0.0006,0.5119,0.5857,0.2533
WY,56003,Big Horn County,"Big Horn County, Wyoming",11690,20.2,129,3.0,623,14.6,0.5447,0.7926,0.4018,0.3064,0.531
WY,56005,Campbell County,"Campbell County, Wyoming",46857,14.4,525,3.0,1337,7.6,0.2345,0.3137,0.4018,0.2819,0.2367
WY,56007,Carbon County,"Carbon County, Wyoming",14609,25.3,212,3.6,708,12.1,0.51,0.4547,0.5892,0.5539,0.5377
WY,56009,Converse County,"Converse County, Wyoming",13729,18.1,256,4.5,939,16.6,0.2778,0.3169,0.3503,0.37,0.2781
WY,56011,Crook County,"Crook County, Wyoming",7258,10.7,42,1.5,380,13.8,0.0881,0.3678,0.1753,0.0767,0.0722
WY,56013,Fremont County,"Fremont County, Wyoming",39402,23.5,763,5.2,2155,14.7,0.7582,0.4442,0.6793,0.8193,0.7642
WY,56015,Goshen County,"Goshen County, Wyoming",12592,16.9,238,4.7,996,19.6,0.2214,0.2485,0.4445,0.5348,0.2918
WY,56017,Hot Springs County,"Hot Springs County, Wyoming",4616,27.3,89,4.2,269,12.8,0.2628,0.2848,0.3118,0.1769,0.1938
WY,56019,Johnson County,"Johnson County, Wyoming",8536,25.9,122,3.1,605,15.2,0.2981,0.0461,0.328,0.2946,0.1709
WY,56021,Laramie County,"Laramie County, Wyoming",100316,15.8,2038,4.9,4006,9.7,0.2657,0.2129,0.5759,0.272,0.2514
WY,56023,Lincoln County,"Lincoln County, Wyoming",19794,12.2,240,3.1,766,10.0,0.1015,0.2864,0.2323,0.2036,0.118
WY,56025,Natrona County,"Natrona County, Wyoming",79506,16.7,1372,4.2,3431,10.4,0.2991,0.5775,0.42,0.4601,0.3987
WY,56027,Niobrara County,"Niobrara County, Wyoming",2460,27.0,32,3.0,276,25.7,0.6955,0.1623,0.3118,0.2988,0.419
WY,56029,Park County,"Park County, Wyoming",29878,16.6,326,2.5,1409,10.8,0.216,0.0608,0.3446,0.1527,0.1072
WY,56031,Platte County,"Platte County, Wyoming",8618,21.2,131,3.4,994,25.7,0.3611,0.4757,0.4222,0.2507,0.3309
WY,56033,Sheridan County,"Sheridan County, Wyoming",31176,14.6,529,4.0,1876,14.4,0.2625,0.0872,0.265,0.49,0.2211
WY,56035,Sublette County,"Sublette County, Wyoming",8801,12.8,28,0.8,396,11.4,0.1238,0.3828,0.265,0.1308,0.1225
WY,56037,Sweetwater County,"Sweetwater County, Wyoming",42079,18.0,330,2.0,1728,10.6,0.3703,0.6309,0.5616,0.4458,0.4722
WY,56039,Teton County,"Teton County, Wyoming",23346,10.5,183,1.9,999,10.4,0.1005,0.0468,0.5352,0.5861,0.1693
WY,56041,Uinta County,"Uinta County, Wyoming",20546,15.2,283,3.7,647,8.5,0.1136,0.391,0.3824,0.6526,0.2803
WY,56043,Washakie County,"Washakie County, Wyoming",7725,19.1,161,4.7,483,14.1,0.2415,0.1858,0.5011,0.2717,0.2192
WY,56045,Weston County,"Weston County, Wyoming",6870,19.8,89,3.4,517,19.6,0.3404,0.055,0.4165,0.7283,0.3331
