year,stateabbr,locationname,locationid,measure,data_value,data_value_type,county_fips
2022,AL,Autauga,01001,Mammography use among women aged 50-74 years,80.7,Age-adjusted prevalence,01001
2022,AL,Autauga,01001,Mammography use among women aged 50-74 years,80.9,Crude prevalence,01001
2022,AL,Baldwin,01003,Mammography use among women aged 50-74 years,74.1,Age-adjusted prevalence,01003
2022,AL,Baldwin,01003,Mammography use among women aged 50-74 years,75.7,Crude prevalence,01003
2022,AL,Barbour,01005,Mammography use among women aged 50-74 years,74.8,Age-adjusted prevalence,01005
2022,AL,Barbour,01005,Mammography use among women aged 50-74 years,75.5,Crude prevalence,01005
2022,AL,Bibb,01007,Mammography use among women aged 50-74 years,69.2,Age-adjusted prevalence,01007
2022,AL,Bibb,01007,Mammography use among women aged 50-74 years,69.5,Crude prevalence,01007
2022,AL,Blount,01009,Mammography use among women aged 50-74 years,69.6,Age-adjusted prevalence,01009
2022,AL,Blount,01009,Mammography use among women aged 50-74 years,70.7,Crude prevalence,01009
2022,AL,Bullock,01011,Mammography use among women aged 50-74 years,74.8,Age-adjusted prevalence,01011
2022,AL,Bullock,01011,Mammography use among women aged 50-74 years,75.5,Crude prevalence,01011
2022,AL,Butler,01013,Mammography use among women aged 50-74 years,76.4,Age-adjusted prevalence,01013
2022,AL,Butler,01013,Mammography use among women aged 50-74 years,76.9,Crude prevalence,01013
2022,AL,Calhoun,01015,Mammography use among women aged 50-74 years,76.2,Age-adjusted prevalence,01015
2022,AL,Calhoun,01015,Mammography use among women aged 50-74 years,76.3,Crude prevalence,01015
2022,AL,Chambers,01017,Mammography use among women aged 50-74 years,76.1,Age-adjusted prevalence,01017
2022,AL,Chambers,01017,Mammography use among women aged 50-74 years,77.0,Crude prevalence,01017
2022,AL,Cherokee,01019,Mammography use among women aged 50-74 years,74.3,Age-adjusted prevalence,01019
2022,AL,Cherokee,01019,Mammography use among women aged 50-74 years,75.3,Crude prevalence,01019
2022,AL,Chilton,01021,Mammography use among women aged 50-74 years,73.5,Age-adjusted prevalence,01021
2022,AL,Chilton,01021,Mammography use among women aged 50-74 years,73.8,Crude prevalence,01021
2022,AL,Choctaw,01023,Mammography use among women aged 50-74 years,74.8,Age-adjusted prevalence,01023
2022,AL,Choctaw,01023,Mammography use among women aged 50-74 years,76.1,Crude prevalence,01023
2022,AL,Clarke,01025,Mammography use among women aged 50-74 years,75.6,Age-adjusted prevalence,01025
2022,AL,Clarke,01025,Mammography use among women aged 50-74 years,76.2,Crude prevalence,01025
2022,AL,Clay,01027,Mammography use among women aged 50-74 years,73.0,Age-adjusted prevalence,01027
2022,AL,Clay,01027,Mammography use among women aged 50-74 years,73.3,Crude prevalence,01027
2022,AL,Cleburne,01029,Mammography use among women aged 50-74 years,74.2,Age-adjusted prevalence,01029
2022,AL,Cleburne,01029,Mammography use among women aged 50-74 years,74.7,Crude prevalence,01029
2022,AL,Coffee,01031,Mammography use among women aged 50-74 years,74.7,Age-adjusted prevalence,01031
2022,AL,Coffee,01031,Mammography use among women aged 50-74 years,75.3,Crude prevalence,01031
2022,AL,Colbert,01033,Mammography use among women aged 50-74 years,71.0,Age-adjusted prevalence,01033
2022,AL,Colbert,01033,Mammography use among women aged 50-74 years,71.9,Crude prevalence,01033
2022,AL,Conecuh,01035,Mammography use among women aged 50-74 years,72.9,Age-adjusted prevalence,01035
2022,AL,Conecuh,01035,Mammography use among women aged 50-74 years,73.8,Crude prevalence,01035
2022,AL,Coosa,01037,Mammography use among women aged 50-74 years,76.8,Age-adjusted prevalence,01037
2022,AL,Coosa,01037,Mammography use among women aged 50-74 years,78.1,Crude prevalence,01037
2022,AL,Covington,01039,Mammography use among women aged 50-74 years,74.8,Age-adjusted prevalence,01039
2022,AL,Covington,01039,Mammography use among women aged 50-74 years,76.0,Crude prevalence,01039
2022,AL,Crenshaw,01041,Mammography use among women aged 50-74 years,72.8,Age-adjusted prevalence,01041
2022,AL,Crenshaw,01041,Mammography use among women aged 50-74 years,73.2,Crude prevalence,01041
2022,AL,Cullman,01043,Mammography use among women aged 50-74 years,73.7,Age-adjusted prevalence,01043
2022,AL,Cullman,01043,Mammography use among women aged 50-74 years,74.5,Crude prevalence,01043
2022,AL,Dale,01045,Mammography use among women aged 50-74 years,73.8,Age-adjusted prevalence,01045
2022,AL,Dale,01045,Mammography use among women aged 50-74 years,74.6,Crude prevalence,01045
2022,AL,Dallas,01047,Mammography use among women aged 50-74 years,78.5,Age-adjusted prevalence,01047
2022,AL,Dallas,01047,Mammography use among women aged 50-74 years,79.1,Crude prevalence,01047
2022,AL,DeKalb,01049,Mammography use among women aged 50-74 years,71.4,Age-adjusted prevalence,01049
2022,AL,DeKalb,01049,Mammography use among women aged 50-74 years,71.7,Crude prevalence,01049
2022,AL,Elmore,01051,Mammography use among women aged 50-74 years,76.3,Age-adjusted prevalence,01051
2022,AL,Elmore,01051,Mammography use among women aged 50-74 years,77.1,Crude prevalence,01051
2022,AL,Escambia,01053,Mammography use among women aged 50-74 years,70.7,Age-adjusted prevalence,01053
2022,AL,Escambia,01053,Mammography use among women aged 50-74 years,71.5,Crude prevalence,01053
2022,AL,Etowah,01055,Mammography use among women aged 50-74 years,74.3,Age-adjusted prevalence,01055
2022,AL,Etowah,01055,Mammography use among women aged 50-74 years,74.7,Crude prevalence,01055
2022,AL,Fayette,01057,Mammography use among women aged 50-74 years,71.5,Age-adjusted prevalence,01057
2022,AL,Fayette,01057,Mammography use among women aged 50-74 years,72.5,Crude prevalence,01057
2022,AL,Franklin,01059,Mammography use among women aged 50-74 years,72.1,Age-adjusted prevalence,01059
2022,AL,Franklin,01059,Mammography use among women aged 50-74 years,73.5,Crude prevalence,01059
2022,AL,Geneva,01061,Mammography use among women aged 50-74 years,76.9,Age-adjusted prevalence,01061
2022,AL,Geneva,01061,Mammography use among women aged 50-74 years,77.1,Crude prevalence,01061
2022,AL,Greene,01063,Mammography use among women aged 50-74 years,74.9,Age-adjusted prevalence,01063
2022,AL,Greene,01063,Mammography use among women aged 50-74 years,76.5,Crude prevalence,01063
2022,AL,Hale,01065,Mammography use among women aged 50-74 years,79.6,Age-adjusted prevalence,01065
2022,AL,Hale,01065,Mammography use among women aged 50-74 years,80.1,Crude prevalence,01065
2022,AL,Henry,01067,Mammography use among women aged 50-74 years,74.1,Age-adjusted prevalence,01067
2022,AL,Henry,01067,Mammography use among women aged 50-74 years,75.5,Crude prevalence,01067
2022,AL,Houston,01069,Mammography use among women aged 50-74 years,74.6,Age-adjusted prevalence,01069
2022,AL,Houston,01069,Mammography use among women aged 50-74 years,75.5,Crude prevalence,01069
2022,AL,Jackson,01071,Mammography use among women aged 50-74 years,72.4,Age-adjusted prevalence,01071
2022,AL,Jackson,01071,Mammography use among women aged 50-74 years,72.9,Crude prevalence,01071
2022,AL,Jefferson,01073,Mammography use among women aged 50-74 years,84.2,Age-adjusted prevalence,01073
2022,AL,Jefferson,01073,Mammography use among women aged 50-74 years,84.7,Crude prevalence,01073
2022,AL,Lamar,01075,Mammography use among women aged 50-74 years,77.1,Age-adjusted prevalence,01075
2022,AL,Lamar,01075,Mammography use among women aged 50-74 years,77.9,Crude prevalence,01075
2022,AL,Lauderdale,01077,Mammography use among women aged 50-74 years,74.6,Age-adjusted prevalence,01077
2022,AL,Lauderdale,01077,Mammography use among women aged 50-74 years,75.7,Crude prevalence,01077
2022,AL,Lawrence,01079,Mammography use among women aged 50-74 years,75.2,Age-adjusted prevalence,01079
2022,AL,Lawrence,01079,Mammography use among women aged 50-74 years,75.5,Crude prevalence,01079
2022,AL,Lee,01081,Mammography use among women aged 50-74 years,78.6,Age-adjusted prevalence,01081
2022,AL,Lee,01081,Mammography use among women aged 50-74 years,78.8,Crude prevalence,01081
2022,AL,Limestone,01083,Mammography use among women aged 50-74 years,76.1,Age-adjusted prevalence,01083
2022,AL,Limestone,01083,Mammography use among women aged 50-74 years,76.4,Crude prevalence,01083
2022,AL,Lowndes,01085,Mammography use among women aged 50-74 years,74.5,Age-adjusted prevalence,01085
2022,AL,Lowndes,01085,Mammography use among women aged 50-74 years,74.9,Crude prevalence,01085
2022,AL,Macon,01087,Mammography use among women aged 50-74 years,78.7,Age-adjusted prevalence,01087
2022,AL,Macon,01087,Mammography use among women aged 50-74 years,79.6,Crude prevalence,01087
2022,AL,Madison,01089,Mammography use among women aged 50-74 years,79.7,Age-adjusted prevalence,01089
2022,AL,Madison,01089,Mammography use among women aged 50-74 years,79.9,Crude prevalence,01089
2022,AL,Marengo,01091,Mammography use among women aged 50-74 years,75.7,Age-adjusted prevalence,01091
2022,AL,Marengo,01091,Mammography use among women aged 50-74 years,75.9,Crude prevalence,01091
2022,AL,Marion,01093,Mammography use among women aged 50-74 years,71.7,Age-adjusted prevalence,01093
2022,AL,Marion,01093,Mammography use among women aged 50-74 years,73.2,Crude prevalence,01093
2022,AL,Marshall,01095,Mammography use among women aged 50-74 years,72.9,Age-adjusted prevalence,01095
2022,AL,Marshall,01095,Mammography use among women aged 50-74 years,73.9,Crude prevalence,01095
2022,AL,Mobile,01097,Mammography use among women aged 50-74 years,77.4,Age-adjusted prevalence,01097
2022,AL,Mobile,01097,Mammography use among women aged 50-74 years,78.0,Crude prevalence,01097
2022,AL,Monroe,01099,Mammography use among women aged 50-74 years,75.8,Age-adjusted prevalence,01099
2022,AL,Monroe,01099,Mammography use among women aged 50-74 years,76.3,Crude prevalence,01099
2022,AL,Montgomery,01101,Mammography use among women aged 50-74 years,80.9,Age-adjusted prevalence,01101
2022,AL,Montgomery,01101,Mammography use among women aged 50-74 years,81.2,Crude prevalence,01101
2022,AL,Morgan,01103,Mammography use among women aged 50-74 years,74.9,Age-adjusted prevalence,01103
2022,AL,Morgan,01103,Mammography use among women aged 50-74 years,75.3,Crude prevalence,01103
2022,AL,Perry,01105,Mammography use among women aged 50-74 years,75.4,Age-adjusted prevalence,01105
2022,AL,Perry,01105,Mammography use among women aged 50-74 years,75.8,Crude prevalence,01105
2022,AL,Pickens,01107,Mammography use among women aged 50-74 years,79.5,Age-adjusted prevalence,01107
2022,AL,Pickens,01107,Mammography use among women aged 50-74 years,79.8,Crude prevalence,01107
2022,AL,Pike,01109,Mammography use among women aged 50-74 years,75.8,Age-adjusted prevalence,01109
2022,AL,Pike,01109,Mammography use among women aged 50-74 years,76.4,Crude prevalence,01109
2022,AL,Randolph,01111,Mammography use among women aged 50-74 years,74.4,Age-adjusted prevalence,01111
2022,AL,Randolph,01111,Mammography use among women aged 50-74 years,75.0,Crude prevalence,01111
2022,AL,Russell,01113,Mammography use among women aged 50-74 years,75.8,Age-adjusted prevalence,01113
2022,AL,Russell,01113,Mammography use among women aged 50-74 years,76.7,Crude prevalence,01113
2022,AL,St. Clair,01115,Mammography use among women aged 50-74 years,76.2,Age-adjusted prevalence,01115
2022,AL,St. Clair,01115,Mammography use among women aged 50-74 years,76.6,Crude prevalence,01115
2022,AL,Shelby,01117,Mammography use among women aged 50-74 years,80.3,Age-adjusted prevalence,01117
2022,AL,Shelby,01117,Mammography use among women aged 50-74 years,80.7,Crude prevalence,01117
2022,AL,Sumter,01119,Mammography use among women aged 50-74 years,79.3,Age-adjusted prevalence,01119
2022,AL,Sumter,01119,Mammography use among women aged 50-74 years,79.5,Crude prevalence,01119
2022,AL,Talladega,01121,Mammography use among women aged 50-74 years,76.6,Age-adjusted prevalence,01121
2022,AL,Talladega,01121,Mammography use among women aged 50-74 years,76.7,Crude prevalence,01121
2022,AL,Tallapoosa,01123,Mammography use among women aged 50-74 years,73.9,Age-adjusted prevalence,01123
2022,AL,Tallapoosa,01123,Mammography use among women aged 50-74 years,75.2,Crude prevalence,01123
2022,AL,Tuscaloosa,01125,Mammography use among women aged 50-74 years,78.1,Age-adjusted prevalence,01125
2022,AL,Tuscaloosa,01125,Mammography use among women aged 50-74 years,79.1,Crude prevalence,01125
2022,AL,Walker,01127,Mammography use among women aged 50-74 years,69.2,Age-adjusted prevalence,01127
2022,AL,Walker,01127,Mammography use among women aged 50-74 years,69.8,Crude prevalence,01127
2022,AL,Washington,01129,Mammography use among women aged 50-74 years,74.9,Age-adjusted prevalence,01129
2022,AL,Washington,01129,Mammography use among women aged 50-74 years,75.7,Crude prevalence,01129
2022,AL,Wilcox,01131,Mammography use among women aged 50-74 years,73.3,Age-adjusted prevalence,01131
2022,AL,Wilcox,01131,Mammography use among women aged 50-74 years,73.2,Crude prevalence,01131
2022,AL,Winston,01133,Mammography use among women aged 50-74 years,71.8,Age-adjusted prevalence,01133
2022,AL,Winston,01133,Mammography use among women aged 50-74 years,72.6,Crude prevalence,01133
2022,AK,Aleutians East,02013,Mammography use among women aged 50-74 years,62.8,Age-adjusted prevalence,02013
2022,AK,Aleutians East,02013,Mammography use among women aged 50-74 years,62.0,Crude prevalence,02013
2022,AK,Aleutians West,02016,Mammography use among women aged 50-74 years,64.3,Age-adjusted prevalence,02016
2022,AK,Aleutians West,02016,Mammography use among women aged 50-74 years,63.2,Crude prevalence,02016
2022,AK,Anchorage,02020,Mammography use among women aged 50-74 years,69.0,Age-adjusted prevalence,02020
2022,AK,Anchorage,02020,Mammography use among women aged 50-74 years,69.7,Crude prevalence,02020
2022,AK,Bethel,02050,Mammography use among women aged 50-74 years,57.2,Age-adjusted prevalence,02050
2022,AK,Bethel,02050,Mammography use among women aged 50-74 years,57.1,Crude prevalence,02050
2022,AK,Bristol Bay,02060,Mammography use among women aged 50-74 years,65.3,Age-adjusted prevalence,02060
2022,AK,Bristol Bay,02060,Mammography use among women aged 50-74 years,66.2,Crude prevalence,02060
2022,AK,Chugach,02063,Mammography use among women aged 50-74 years,67.6,Age-adjusted prevalence,02063
2022,AK,Chugach,02063,Mammography use among women aged 50-74 years,68.0,Crude prevalence,02063
2022,AK,Copper River,02066,Mammography use among women aged 50-74 years,68.8,Age-adjusted prevalence,02066
2022,AK,Copper River,02066,Mammography use among women aged 50-74 years,70.7,Crude prevalence,02066
2022,AK,Denali,02068,Mammography use among women aged 50-74 years,68.6,Age-adjusted prevalence,02068
2022,AK,Denali,02068,Mammography use among women aged 50-74 years,69.1,Crude prevalence,02068
2022,AK,Dillingham,02070,Mammography use among women aged 50-74 years,62.7,Age-adjusted prevalence,02070
2022,AK,Dillingham,02070,Mammography use among women aged 50-74 years,62.6,Crude prevalence,02070
2022,AK,Fairbanks North Star,02090,Mammography use among women aged 50-74 years,58.4,Age-adjusted prevalence,02090
2022,AK,Fairbanks North Star,02090,Mammography use among women aged 50-74 years,59.7,Crude prevalence,02090
2022,AK,Haines,02100,Mammography use among women aged 50-74 years,69.6,Age-adjusted prevalence,02100
2022,AK,Haines,02100,Mammography use among women aged 50-74 years,71.1,Crude prevalence,02100
2022,AK,Hoonah-Angoon,02105,Mammography use among women aged 50-74 years,67.2,Age-adjusted prevalence,02105
2022,AK,Hoonah-Angoon,02105,Mammography use among women aged 50-74 years,68.3,Crude prevalence,02105
2022,AK,Juneau,02110,Mammography use among women aged 50-74 years,68.5,Age-adjusted prevalence,02110
2022,AK,Juneau,02110,Mammography use among women aged 50-74 years,68.8,Crude prevalence,02110
2022,AK,Kenai Peninsula,02122,Mammography use among women aged 50-74 years,61.3,Age-adjusted prevalence,02122
2022,AK,Kenai Peninsula,02122,Mammography use among women aged 50-74 years,62.2,Crude prevalence,02122
2022,AK,Ketchikan Gateway,02130,Mammography use among women aged 50-74 years,67.0,Age-adjusted prevalence,02130
2022,AK,Ketchikan Gateway,02130,Mammography use among women aged 50-74 years,67.9,Crude prevalence,02130
2022,AK,Kodiak Island,02150,Mammography use among women aged 50-74 years,69.0,Age-adjusted prevalence,02150
2022,AK,Kodiak Island,02150,Mammography use among women aged 50-74 years,69.4,Crude prevalence,02150
2022,AK,Kusilvak,02158,Mammography use among women aged 50-74 years,48.5,Age-adjusted prevalence,02158
2022,AK,Kusilvak,02158,Mammography use among women aged 50-74 years,48.8,Crude prevalence,02158
2022,AK,Lake and Peninsula,02164,Mammography use among women aged 50-74 years,62.4,Age-adjusted prevalence,02164
2022,AK,Lake and Peninsula,02164,Mammography use among women aged 50-74 years,63.6,Crude prevalence,02164
2022,AK,Matanuska-Susitna,02170,Mammography use among women aged 50-74 years,64.4,Age-adjusted prevalence,02170
2022,AK,Matanuska-Susitna,02170,Mammography use among women aged 50-74 years,65.0,Crude prevalence,02170
2022,AK,Nome,02180,Mammography use among women aged 50-74 years,58.7,Age-adjusted prevalence,02180
2022,AK,Nome,02180,Mammography use among women aged 50-74 years,58.8,Crude prevalence,02180
2022,AK,North Slope,02185,Mammography use among women aged 50-74 years,65.9,Age-adjusted prevalence,02185
2022,AK,North Slope,02185,Mammography use among women aged 50-74 years,65.9,Crude prevalence,02185
2022,AK,Northwest Arctic,02188,Mammography use among women aged 50-74 years,62.1,Age-adjusted prevalence,02188
2022,AK,Northwest Arctic,02188,Mammography use among women aged 50-74 years,63.1,Crude prevalence,02188
2022,AK,Petersburg,02195,Mammography use among women aged 50-74 years,69.1,Age-adjusted prevalence,02195
2022,AK,Petersburg,02195,Mammography use among women aged 50-74 years,69.4,Crude prevalence,02195
2022,AK,Prince of Wales-Hyder,02198,Mammography use among women aged 50-74 years,64.4,Age-adjusted prevalence,02198
2022,AK,Prince of Wales-Hyder,02198,Mammography use among women aged 50-74 years,65.2,Crude prevalence,02198
2022,AK,Sitka,02220,Mammography use among women aged 50-74 years,71.4,Age-adjusted prevalence,02220
2022,AK,Sitka,02220,Mammography use among women aged 50-74 years,72.2,Crude prevalence,02220
2022,AK,Skagway,02230,Mammography use among women aged 50-74 years,66.7,Age-adjusted prevalence,02230
2022,AK,Skagway,02230,Mammography use among women aged 50-74 years,66.9,Crude prevalence,02230
2022,AK,Southeast Fairbanks,02240,Mammography use among women aged 50-74 years,61.9,Age-adjusted prevalence,02240
2022,AK,Southeast Fairbanks,02240,Mammography use among women aged 50-74 years,62.5,Crude prevalence,02240
2022,AK,Wrangell,02275,Mammography use among women aged 50-74 years,63.4,Age-adjusted prevalence,02275
2022,AK,Wrangell,02275,Mammography use among women aged 50-74 years,65.6,Crude prevalence,02275
2022,AK,Yakutat,02282,Mammography use among women aged 50-74 years,63.0,Age-adjusted prevalence,02282
2022,AK,Yakutat,02282,Mammography use among women aged 50-74 years,64.1,Crude prevalence,02282
2022,AK,Yukon-Koyukuk,02290,Mammography use among women aged 50-74 years,62.2,Age-adjusted prevalence,02290
2022,AK,Yukon-Koyukuk,02290,Mammography use among women aged 50-74 years,63.2,Crude prevalence,02290
2022,AZ,Apache,04001,Mammography use among women aged 50-74 years,58.0,Age-adjusted prevalence,04001
2022,AZ,Apache,04001,Mammography use among women aged 50-74 years,58.7,Crude prevalence,04001
2022,AZ,Cochise,04003,Mammography use among women aged 50-74 years,64.0,Age-adjusted prevalence,04003
2022,AZ,Cochise,04003,Mammography use among women aged 50-74 years,64.3,Crude prevalence,04003
2022,AZ,Coconino,04005,Mammography use among women aged 50-74 years,63.4,Age-adjusted prevalence,04005
2022,AZ,Coconino,04005,Mammography use among women aged 50-74 years,64.1,Crude prevalence,04005
2022,AZ,Gila,04007,Mammography use among women aged 50-74 years,63.1,Age-adjusted prevalence,04007
2022,AZ,Gila,04007,Mammography use among women aged 50-74 years,65.7,Crude prevalence,04007
2022,AZ,Graham,04009,Mammography use among women aged 50-74 years,67.9,Age-adjusted prevalence,04009
2022,AZ,Graham,04009,Mammography use among women aged 50-74 years,69.1,Crude prevalence,04009
2022,AZ,Greenlee,04011,Mammography use among women aged 50-74 years,70.9,Age-adjusted prevalence,04011
2022,AZ,Greenlee,04011,Mammography use among women aged 50-74 years,71.3,Crude prevalence,04011
2022,AZ,La Paz,04012,Mammography use among women aged 50-74 years,65.4,Age-adjusted prevalence,04012
2022,AZ,La Paz,04012,Mammography use among women aged 50-74 years,66.9,Crude prevalence,04012
2022,AZ,Maricopa,04013,Mammography use among women aged 50-74 years,75.0,Age-adjusted prevalence,04013
2022,AZ,Maricopa,04013,Mammography use among women aged 50-74 years,75.0,Crude prevalence,04013
2022,AZ,Mohave,04015,Mammography use among women aged 50-74 years,61.5,Age-adjusted prevalence,04015
2022,AZ,Mohave,04015,Mammography use among women aged 50-74 years,63.0,Crude prevalence,04015
2022,AZ,Navajo,04017,Mammography use among women aged 50-74 years,63.0,Age-adjusted prevalence,04017
2022,AZ,Navajo,04017,Mammography use among women aged 50-74 years,63.9,Crude prevalence,04017
2022,AZ,Pima,04019,Mammography use among women aged 50-74 years,72.7,Age-adjusted prevalence,04019
2022,AZ,Pima,04019,Mammography use among women aged 50-74 years,72.7,Crude prevalence,04019
2022,AZ,Pinal,04021,Mammography use among women aged 50-74 years,70.4,Age-adjusted prevalence,04021
2022,AZ,Pinal,04021,Mammography use among women aged 50-74 years,71.5,Crude prevalence,04021
2022,AZ,Santa Cruz,04023,Mammography use among women aged 50-74 years,70.9,Age-adjusted prevalence,04023
2022,AZ,Santa Cruz,04023,Mammography use among women aged 50-74 years,71.9,Crude prevalence,04023
2022,AZ,Yavapai,04025,Mammography use among women aged 50-74 years,61.4,Age-adjusted prevalence,04025
2022,AZ,Yavapai,04025,Mammography use among women aged 50-74 years,64.4,Crude prevalence,04025
2022,AZ,Yuma,04027,Mammography use among women aged 50-74 years,69.4,Age-adjusted prevalence,04027
2022,AZ,Yuma,04027,Mammography use among women aged 50-74 years,69.5,Crude prevalence,04027
2022,AR,Arkansas,05001,Mammography use among women aged 50-74 years,71.1,Age-adjusted prevalence,05001
2022,AR,Arkansas,05001,Mammography use among women aged 50-74 years,71.9,Crude prevalence,05001
2022,AR,Ashley,05003,Mammography use among women aged 50-74 years,67.6,Age-adjusted prevalence,05003
2022,AR,Ashley,05003,Mammography use among women aged 50-74 years,68.2,Crude prevalence,05003
2022,AR,Baxter,05005,Mammography use among women aged 50-74 years,69.7,Age-adjusted prevalence,05005
2022,AR,Baxter,05005,Mammography use among women aged 50-74 years,72.6,Crude prevalence,05005
2022,AR,Benton,05007,Mammography use among women aged 50-74 years,72.2,Age-adjusted prevalence,05007
2022,AR,Benton,05007,Mammography use among women aged 50-74 years,72.7,Crude prevalence,05007
2022,AR,Boone,05009,Mammography use among women aged 50-74 years,70.1,Age-adjusted prevalence,05009
2022,AR,Boone,05009,Mammography use among women aged 50-74 years,70.5,Crude prevalence,05009
2022,AR,Bradley,05011,Mammography use among women aged 50-74 years,71.5,Age-adjusted prevalence,05011
2022,AR,Bradley,05011,Mammography use among women aged 50-74 years,72.1,Crude prevalence,05011
2022,AR,Calhoun,05013,Mammography use among women aged 50-74 years,72.2,Age-adjusted prevalence,05013
2022,AR,Calhoun,05013,Mammography use among women aged 50-74 years,73.3,Crude prevalence,05013
2022,AR,Carroll,05015,Mammography use among women aged 50-74 years,68.1,Age-adjusted prevalence,05015
2022,AR,Carroll,05015,Mammography use among women aged 50-74 years,69.4,Crude prevalence,05015
2022,AR,Chicot,05017,Mammography use among women aged 50-74 years,73.4,Age-adjusted prevalence,05017
2022,AR,Chicot,05017,Mammography use among women aged 50-74 years,74.4,Crude prevalence,05017
2022,AR,Clark,05019,Mammography use among women aged 50-74 years,73.5,Age-adjusted prevalence,05019
2022,AR,Clark,05019,Mammography use among women aged 50-74 years,74.2,Crude prevalence,05019
2022,AR,Clay,05021,Mammography use among women aged 50-74 years,68.5,Age-adjusted prevalence,05021
2022,AR,Clay,05021,Mammography use among women aged 50-74 years,69.2,Crude prevalence,05021
2022,AR,Cleburne,05023,Mammography use among women aged 50-74 years,71.0,Age-adjusted prevalence,05023
2022,AR,Cleburne,05023,Mammography use among women aged 50-74 years,72.0,Crude prevalence,05023
2022,AR,Cleveland,05025,Mammography use among women aged 50-74 years,69.2,Age-adjusted prevalence,05025
2022,AR,Cleveland,05025,Mammography use among women aged 50-74 years,70.1,Crude prevalence,05025
2022,AR,Columbia,05027,Mammography use among women aged 50-74 years,73.0,Age-adjusted prevalence,05027
2022,AR,Columbia,05027,Mammography use among women aged 50-74 years,73.5,Crude prevalence,05027
2022,AR,Conway,05029,Mammography use among women aged 50-74 years,69.8,Age-adjusted prevalence,05029
2022,AR,Conway,05029,Mammography use among women aged 50-74 years,70.6,Crude prevalence,05029
2022,AR,Craighead,05031,Mammography use among women aged 50-74 years,66.6,Age-adjusted prevalence,05031
2022,AR,Craighead,05031,Mammography use among women aged 50-74 years,67.6,Crude prevalence,05031
2022,AR,Crawford,05033,Mammography use among women aged 50-74 years,68.1,Age-adjusted prevalence,05033
2022,AR,Crawford,05033,Mammography use among women aged 50-74 years,69.3,Crude prevalence,05033
2022,AR,Crittenden,05035,Mammography use among women aged 50-74 years,73.9,Age-adjusted prevalence,05035
2022,AR,Crittenden,05035,Mammography use among women aged 50-74 years,74.0,Crude prevalence,05035
2022,AR,Cross,05037,Mammography use among women aged 50-74 years,70.2,Age-adjusted prevalence,05037
2022,AR,Cross,05037,Mammography use among women aged 50-74 years,71.5,Crude prevalence,05037
2022,AR,Dallas,05039,Mammography use among women aged 50-74 years,75.3,Age-adjusted prevalence,05039
2022,AR,Dallas,05039,Mammography use among women aged 50-74 years,76.0,Crude prevalence,05039
2022,AR,Desha,05041,Mammography use among women aged 50-74 years,69.4,Age-adjusted prevalence,05041
2022,AR,Desha,05041,Mammography use among women aged 50-74 years,70.1,Crude prevalence,05041
2022,AR,Drew,05043,Mammography use among women aged 50-74 years,72.1,Age-adjusted prevalence,05043
2022,AR,Drew,05043,Mammography use among women aged 50-74 years,72.7,Crude prevalence,05043
2022,AR,Faulkner,05045,Mammography use among women aged 50-74 years,73.9,Age-adjusted prevalence,05045
2022,AR,Faulkner,05045,Mammography use among women aged 50-74 years,74.1,Crude prevalence,05045
2022,AR,Franklin,05047,Mammography use among women aged 50-74 years,69.8,Age-adjusted prevalence,05047
2022,AR,Franklin,05047,Mammography use among women aged 50-74 years,70.5,Crude prevalence,05047
2022,AR,Fulton,05049,Mammography use among women aged 50-74 years,69.0,Age-adjusted prevalence,05049
2022,AR,Fulton,05049,Mammography use among women aged 50-74 years,70.7,Crude prevalence,05049
2022,AR,Garland,05051,Mammography use among women aged 50-74 years,68.4,Age-adjusted prevalence,05051
2022,AR,Garland,05051,Mammography use among women aged 50-74 years,70.5,Crude prevalence,05051
2022,AR,Grant,05053,Mammography use among women aged 50-74 years,72.2,Age-adjusted prevalence,05053
2022,AR,Grant,05053,Mammography use among women aged 50-74 years,72.7,Crude prevalence,05053
2022,AR,Greene,05055,Mammography use among women aged 50-74 years,71.8,Age-adjusted prevalence,05055
2022,AR,Greene,05055,Mammography use among women aged 50-74 years,72.5,Crude prevalence,05055
2022,AR,Hempstead,05057,Mammography use among women aged 50-74 years,73.1,Age-adjusted prevalence,05057
2022,AR,Hempstead,05057,Mammography use among women aged 50-74 years,73.2,Crude prevalence,05057
2022,AR,Hot Spring,05059,Mammography use among women aged 50-74 years,64.8,Age-adjusted prevalence,05059
2022,AR,Hot Spring,05059,Mammography use among women aged 50-74 years,66.3,Crude prevalence,05059
2022,AR,Howard,05061,Mammography use among women aged 50-74 years,71.7,Age-adjusted prevalence,05061
2022,AR,Howard,05061,Mammography use among women aged 50-74 years,71.8,Crude prevalence,05061
2022,AR,Independence,05063,Mammography use among women aged 50-74 years,67.0,Age-adjusted prevalence,05063
2022,AR,Independence,05063,Mammography use among women aged 50-74 years,67.5,Crude prevalence,05063
2022,AR,Izard,05065,Mammography use among women aged 50-74 years,67.0,Age-adjusted prevalence,05065
2022,AR,Izard,05065,Mammography use among women aged 50-74 years,67.8,Crude prevalence,05065
2022,AR,Jackson,05067,Mammography use among women aged 50-74 years,66.8,Age-adjusted prevalence,05067
2022,AR,Jackson,05067,Mammography use among women aged 50-74 years,66.9,Crude prevalence,05067
2022,AR,Jefferson,05069,Mammography use among women aged 50-74 years,75.0,Age-adjusted prevalence,05069
2022,AR,Jefferson,05069,Mammography use among women aged 50-74 years,76.1,Crude prevalence,05069
2022,AR,Johnson,05071,Mammography use among women aged 50-74 years,68.4,Age-adjusted prevalence,05071
2022,AR,Johnson,05071,Mammography use among women aged 50-74 years,68.0,Crude prevalence,05071
2022,AR,Lafayette,05073,Mammography use among women aged 50-74 years,69.8,Age-adjusted prevalence,05073
2022,AR,Lafayette,05073,Mammography use among women aged 50-74 years,70.3,Crude prevalence,05073
2022,AR,Lawrence,05075,Mammography use among women aged 50-74 years,70.7,Age-adjusted prevalence,05075
2022,AR,Lawrence,05075,Mammography use among women aged 50-74 years,71.6,Crude prevalence,05075
2022,AR,Lee,05077,Mammography use among women aged 50-74 years,72.5,Age-adjusted prevalence,05077
2022,AR,Lee,05077,Mammography use among women aged 50-74 years,73.3,Crude prevalence,05077
2022,AR,Lincoln,05079,Mammography use among women aged 50-74 years,70.8,Age-adjusted prevalence,05079
2022,AR,Lincoln,05079,Mammography use among women aged 50-74 years,71.3,Crude prevalence,05079
2022,AR,Little River,05081,Mammography use among women aged 50-74 years,71.3,Age-adjusted prevalence,05081
2022,AR,Little River,05081,Mammography use among women aged 50-74 years,72.0,Crude prevalence,05081
2022,AR,Logan,05083,Mammography use among women aged 50-74 years,70.9,Age-adjusted prevalence,05083
2022,AR,Logan,05083,Mammography use among women aged 50-74 years,71.3,Crude prevalence,05083
2022,AR,Lonoke,05085,Mammography use among women aged 50-74 years,71.6,Age-adjusted prevalence,05085
2022,AR,Lonoke,05085,Mammography use among women aged 50-74 years,72.3,Crude prevalence,05085
2022,AR,Madison,05087,Mammography use among women aged 50-74 years,66.0,Age-adjusted prevalence,05087
2022,AR,Madison,05087,Mammography use among women aged 50-74 years,67.5,Crude prevalence,05087
2022,AR,Marion,05089,Mammography use among women aged 50-74 years,70.4,Age-adjusted prevalence,05089
2022,AR,Marion,05089,Mammography use among women aged 50-74 years,71.3,Crude prevalence,05089
2022,AR,Miller,05091,Mammography use among women aged 50-74 years,68.8,Age-adjusted prevalence,05091
2022,AR,Miller,05091,Mammography use among women aged 50-74 years,69.3,Crude prevalence,05091
2022,AR,Mississippi,05093,Mammography use among women aged 50-74 years,75.5,Age-adjusted prevalence,05093
2022,AR,Mississippi,05093,Mammography use among women aged 50-74 years,75.8,Crude prevalence,05093
2022,AR,Monroe,05095,Mammography use among women aged 50-74 years,71.2,Age-adjusted prevalence,05095
2022,AR,Monroe,05095,Mammography use among women aged 50-74 years,71.8,Crude prevalence,05095
2022,AR,Montgomery,05097,Mammography use among women aged 50-74 years,64.0,Age-adjusted prevalence,05097
2022,AR,Montgomery,05097,Mammography use among women aged 50-74 years,65.7,Crude prevalence,05097
2022,AR,Nevada,05099,Mammography use among women aged 50-74 years,72.9,Age-adjusted prevalence,05099
2022,AR,Nevada,05099,Mammography use among women aged 50-74 years,73.2,Crude prevalence,05099
2022,AR,Newton,05101,Mammography use among women aged 50-74 years,70.4,Age-adjusted prevalence,05101
2022,AR,Newton,05101,Mammography use among women aged 50-74 years,71.4,Crude prevalence,05101
2022,AR,Ouachita,05103,Mammography use among women aged 50-74 years,72.0,Age-adjusted prevalence,05103
2022,AR,Ouachita,05103,Mammography use among women aged 50-74 years,73.1,Crude prevalence,05103
2022,AR,Perry,05105,Mammography use among women aged 50-74 years,70.4,Age-adjusted prevalence,05105
2022,AR,Perry,05105,Mammography use among women aged 50-74 years,71.2,Crude prevalence,05105
2022,AR,Phillips,05107,Mammography use among women aged 50-74 years,69.9,Age-adjusted prevalence,05107
2022,AR,Phillips,05107,Mammography use among women aged 50-74 years,70.2,Crude prevalence,05107
2022,AR,Pike,05109,Mammography use among women aged 50-74 years,69.1,Age-adjusted prevalence,05109
2022,AR,Pike,05109,Mammography use among women aged 50-74 years,69.7,Crude prevalence,05109
2022,AR,Poinsett,05111,Mammography use among women aged 50-74 years,66.5,Age-adjusted prevalence,05111
2022,AR,Poinsett,05111,Mammography use among women aged 50-74 years,67.1,Crude prevalence,05111
2022,AR,Polk,05113,Mammography use among women aged 50-74 years,71.6,Age-adjusted prevalence,05113
2022,AR,Polk,05113,Mammography use among women aged 50-74 years,72.1,Crude prevalence,05113
2022,AR,Pope,05115,Mammography use among women aged 50-74 years,71.5,Age-adjusted prevalence,05115
2022,AR,Pope,05115,Mammography use among women aged 50-74 years,71.8,Crude prevalence,05115
2022,AR,Prairie,05117,Mammography use among women aged 50-74 years,71.1,Age-adjusted prevalence,05117
2022,AR,Prairie,05117,Mammography use among women aged 50-74 years,71.8,Crude prevalence,05117
2022,AR,Pulaski,05119,Mammography use among women aged 50-74 years,74.6,Age-adjusted prevalence,05119
2022,AR,Pulaski,05119,Mammography use among women aged 50-74 years,74.9,Crude prevalence,05119
2022,AR,Randolph,05121,Mammography use among women aged 50-74 years,69.1,Age-adjusted prevalence,05121
2022,AR,Randolph,05121,Mammography use among women aged 50-74 years,69.5,Crude prevalence,05121
2022,AR,St. Francis,05123,Mammography use among women aged 50-74 years,72.2,Age-adjusted prevalence,05123
2022,AR,St. Francis,05123,Mammography use among women aged 50-74 years,73.5,Crude prevalence,05123
2022,AR,Saline,05125,Mammography use among women aged 50-74 years,73.2,Age-adjusted prevalence,05125
2022,AR,Saline,05125,Mammography use among women aged 50-74 years,73.8,Crude prevalence,05125
2022,AR,Scott,05127,Mammography use among women aged 50-74 years,64.8,Age-adjusted prevalence,05127
2022,AR,Scott,05127,Mammography use among women aged 50-74 years,65.3,Crude prevalence,05127
2022,AR,Searcy,05129,Mammography use among women aged 50-74 years,66.2,Age-adjusted prevalence,05129
2022,AR,Searcy,05129,Mammography use among women aged 50-74 years,67.0,Crude prevalence,05129
2022,AR,Sebastian,05131,Mammography use among women aged 50-74 years,72.0,Age-adjusted prevalence,05131
2022,AR,Sebastian,05131,Mammography use among women aged 50-74 years,72.3,Crude prevalence,05131
2022,AR,Sevier,05133,Mammography use among women aged 50-74 years,65.4,Age-adjusted prevalence,05133
2022,AR,Sevier,05133,Mammography use among women aged 50-74 years,65.4,Crude prevalence,05133
2022,AR,Sharp,05135,Mammography use among women aged 50-74 years,64.7,Age-adjusted prevalence,05135
2022,AR,Sharp,05135,Mammography use among women aged 50-74 years,65.5,Crude prevalence,05135
2022,AR,Stone,05137,Mammography use among women aged 50-74 years,68.5,Age-adjusted prevalence,05137
2022,AR,Stone,05137,Mammography use among women aged 50-74 years,69.5,Crude prevalence,05137
2022,AR,Union,05139,Mammography use among women aged 50-74 years,69.0,Age-adjusted prevalence,05139
2022,AR,Union,05139,Mammography use among women aged 50-74 years,69.1,Crude prevalence,05139
2022,AR,Van Buren,05141,Mammography use among women aged 50-74 years,68.1,Age-adjusted prevalence,05141
2022,AR,Van Buren,05141,Mammography use among women aged 50-74 years,69.3,Crude prevalence,05141
2022,AR,Washington,05143,Mammography use among women aged 50-74 years,65.4,Age-adjusted prevalence,05143
2022,AR,Washington,05143,Mammography use among women aged 50-74 years,66.7,Crude prevalence,05143
2022,AR,White,05145,Mammography use among women aged 50-74 years,68.6,Age-adjusted prevalence,05145
2022,AR,White,05145,Mammography use among women aged 50-74 years,69.2,Crude prevalence,05145
2022,AR,Woodruff,05147,Mammography use among women aged 50-74 years,69.8,Age-adjusted prevalence,05147
2022,AR,Woodruff,05147,Mammography use among women aged 50-74 years,71.6,Crude prevalence,05147
2022,AR,Yell,05149,Mammography use among women aged 50-74 years,68.6,Age-adjusted prevalence,05149
2022,AR,Yell,05149,Mammography use among women aged 50-74 years,68.7,Crude prevalence,05149
2022,CA,Alameda,06001,Mammography use among women aged 50-74 years,73.9,Age-adjusted prevalence,06001
2022,CA,Alameda,06001,Mammography use among women aged 50-74 years,74.5,Crude prevalence,06001
2022,CA,Alpine,06003,Mammography use among women aged 50-74 years,73.3,Age-adjusted prevalence,06003
2022,CA,Alpine,06003,Mammography use among women aged 50-74 years,74.5,Crude prevalence,06003
2022,CA,Amador,06005,Mammography use among women aged 50-74 years,74.1,Age-adjusted prevalence,06005
2022,CA,Amador,06005,Mammography use among women aged 50-74 years,76.4,Crude prevalence,06005
2022,CA,Butte,06007,Mammography use among women aged 50-74 years,73.1,Age-adjusted prevalence,06007
2022,CA,Butte,06007,Mammography use among women aged 50-74 years,74.3,Crude prevalence,06007
2022,CA,Calaveras,06009,Mammography use among women aged 50-74 years,73.6,Age-adjusted prevalence,06009
2022,CA,Calaveras,06009,Mammography use among women aged 50-74 years,74.8,Crude prevalence,06009
2022,CA,Colusa,06011,Mammography use among women aged 50-74 years,74.6,Age-adjusted prevalence,06011
2022,CA,Colusa,06011,Mammography use among women aged 50-74 years,75.0,Crude prevalence,06011
2022,CA,Contra Costa,06013,Mammography use among women aged 50-74 years,76.0,Age-adjusted prevalence,06013
2022,CA,Contra Costa,06013,Mammography use among women aged 50-74 years,75.9,Crude prevalence,06013
2022,CA,Del Norte,06015,Mammography use among women aged 50-74 years,73.2,Age-adjusted prevalence,06015
2022,CA,Del Norte,06015,Mammography use among women aged 50-74 years,73.6,Crude prevalence,06015
2022,CA,El Dorado,06017,Mammography use among women aged 50-74 years,75.7,Age-adjusted prevalence,06017
2022,CA,El Dorado,06017,Mammography use among women aged 50-74 years,76.6,Crude prevalence,06017
2022,CA,Fresno,06019,Mammography use among women aged 50-74 years,70.8,Age-adjusted prevalence,06019
2022,CA,Fresno,06019,Mammography use among women aged 50-74 years,71.6,Crude prevalence,06019
2022,CA,Glenn,06021,Mammography use among women aged 50-74 years,71.5,Age-adjusted prevalence,06021
2022,CA,Glenn,06021,Mammography use among women aged 50-74 years,72.2,Crude prevalence,06021
2022,CA,Humboldt,06023,Mammography use among women aged 50-74 years,72.2,Age-adjusted prevalence,06023
2022,CA,Humboldt,06023,Mammography use among women aged 50-74 years,72.5,Crude prevalence,06023
2022,CA,Imperial,06025,Mammography use among women aged 50-74 years,71.3,Age-adjusted prevalence,06025
2022,CA,Imperial,06025,Mammography use among women aged 50-74 years,71.8,Crude prevalence,06025
2022,CA,Inyo,06027,Mammography use among women aged 50-74 years,75.3,Age-adjusted prevalence,06027
2022,CA,Inyo,06027,Mammography use among women aged 50-74 years,75.5,Crude prevalence,06027
2022,CA,Kern,06029,Mammography use among women aged 50-74 years,72.9,Age-adjusted prevalence,06029
2022,CA,Kern,06029,Mammography use among women aged 50-74 years,73.4,Crude prevalence,06029
2022,CA,Kings,06031,Mammography use among women aged 50-74 years,72.7,Age-adjusted prevalence,06031
2022,CA,Kings,06031,Mammography use among women aged 50-74 years,73.0,Crude prevalence,06031
2022,CA,Lake,06033,Mammography use among women aged 50-74 years,72.1,Age-adjusted prevalence,06033
2022,CA,Lake,06033,Mammography use among women aged 50-74 years,72.7,Crude prevalence,06033
2022,CA,Lassen,06035,Mammography use among women aged 50-74 years,72.9,Age-adjusted prevalence,06035
2022,CA,Lassen,06035,Mammography use among women aged 50-74 years,73.0,Crude prevalence,06035
2022,CA,Los Angeles,06037,Mammography use among women aged 50-74 years,74.1,Age-adjusted prevalence,06037
2022,CA,Los Angeles,06037,Mammography use among women aged 50-74 years,74.4,Crude prevalence,06037
2022,CA,Madera,06039,Mammography use among women aged 50-74 years,73.0,Age-adjusted prevalence,06039
2022,CA,Madera,06039,Mammography use among women aged 50-74 years,73.0,Crude prevalence,06039
2022,CA,Marin,06041,Mammography use among women aged 50-74 years,77.4,Age-adjusted prevalence,06041
2022,CA,Marin,06041,Mammography use among women aged 50-74 years,78.3,Crude prevalence,06041
2022,CA,Mariposa,06043,Mammography use among women aged 50-74 years,67.8,Age-adjusted prevalence,06043
2022,CA,Mariposa,06043,Mammography use among women aged 50-74 years,70.3,Crude prevalence,06043
2022,CA,Mendocino,06045,Mammography use among women aged 50-74 years,73.2,Age-adjusted prevalence,06045
2022,CA,Mendocino,06045,Mammography use among women aged 50-74 years,74.3,Crude prevalence,06045
2022,CA,Merced,06047,Mammography use among women aged 50-74 years,69.0,Age-adjusted prevalence,06047
2022,CA,Merced,06047,Mammography use among women aged 50-74 years,68.9,Crude prevalence,06047
2022,CA,Modoc,06049,Mammography use among women aged 50-74 years,72.5,Age-adjusted prevalence,06049
2022,CA,Modoc,06049,Mammography use among women aged 50-74 years,74.5,Crude prevalence,06049
2022,CA,Mono,06051,Mammography use among women aged 50-74 years,76.6,Age-adjusted prevalence,06051
2022,CA,Mono,06051,Mammography use among women aged 50-74 years,77.4,Crude prevalence,06051
2022,CA,Monterey,06053,Mammography use among women aged 50-74 years,72.0,Age-adjusted prevalence,06053
2022,CA,Monterey,06053,Mammography use among women aged 50-74 years,72.6,Crude prevalence,06053
2022,CA,Napa,06055,Mammography use among women aged 50-74 years,73.4,Age-adjusted prevalence,06055
2022,CA,Napa,06055,Mammography use among women aged 50-74 years,73.8,Crude prevalence,06055
2022,CA,Nevada,06057,Mammography use among women aged 50-74 years,75.7,Age-adjusted prevalence,06057
2022,CA,Nevada,06057,Mammography use among women aged 50-74 years,76.9,Crude prevalence,06057
2022,CA,Orange,06059,Mammography use among women aged 50-74 years,79.4,Age-adjusted prevalence,06059
2022,CA,Orange,06059,Mammography use among women aged 50-74 years,79.6,Crude prevalence,06059
2022,CA,Placer,06061,Mammography use among women aged 50-74 years,79.2,Age-adjusted prevalence,06061
2022,CA,Placer,06061,Mammography use among women aged 50-74 years,80.0,Crude prevalence,06061
2022,CA,Plumas,06063,Mammography use among women aged 50-74 years,78.2,Age-adjusted prevalence,06063
2022,CA,Plumas,06063,Mammography use among women aged 50-74 years,80.2,Crude prevalence,06063
2022,CA,Riverside,06065,Mammography use among women aged 50-74 years,79.2,Age-adjusted prevalence,06065
2022,CA,Riverside,06065,Mammography use among women aged 50-74 years,79.5,Crude prevalence,06065
2022,CA,Sacramento,06067,Mammography use among women aged 50-74 years,71.4,Age-adjusted prevalence,06067
2022,CA,Sacramento,06067,Mammography use among women aged 50-74 years,71.7,Crude prevalence,06067
2022,CA,San Benito,06069,Mammography use among women aged 50-74 years,74.4,Age-adjusted prevalence,06069
2022,CA,San Benito,06069,Mammography use among women aged 50-74 years,74.6,Crude prevalence,06069
2022,CA,San Bernardino,06071,Mammography use among women aged 50-74 years,73.7,Age-adjusted prevalence,06071
2022,CA,San Bernardino,06071,Mammography use among women aged 50-74 years,73.9,Crude prevalence,06071
2022,CA,San Diego,06073,Mammography use among women aged 50-74 years,75.8,Age-adjusted prevalence,06073
2022,CA,San Diego,06073,Mammography use among women aged 50-74 years,76.3,Crude prevalence,06073
2022,CA,San Francisco,06075,Mammography use among women aged 50-74 years,78.2,Age-adjusted prevalence,06075
2022,CA,San Francisco,06075,Mammography use among women aged 50-74 years,78.6,Crude prevalence,06075
2022,CA,San Joaquin,06077,Mammography use among women aged 50-74 years,76.6,Age-adjusted prevalence,06077
2022,CA,San Joaquin,06077,Mammography use among women aged 50-74 years,76.6,Crude prevalence,06077
2022,CA,San Luis Obispo,06079,Mammography use among women aged 50-74 years,75.8,Age-adjusted prevalence,06079
2022,CA,San Luis Obispo,06079,Mammography use among women aged 50-74 years,76.6,Crude prevalence,06079
2022,CA,San Mateo,06081,Mammography use among women aged 50-74 years,79.1,Age-adjusted prevalence,06081
2022,CA,San Mateo,06081,Mammography use among women aged 50-74 years,79.3,Crude prevalence,06081
2022,CA,Santa Barbara,06083,Mammography use among women aged 50-74 years,69.8,Age-adjusted prevalence,06083
2022,CA,Santa Barbara,06083,Mammography use among women aged 50-74 years,71.4,Crude prevalence,06083
2022,CA,Santa Clara,06085,Mammography use among women aged 50-74 years,78.7,Age-adjusted prevalence,06085
2022,CA,Santa Clara,06085,Mammography use among women aged 50-74 years,78.7,Crude prevalence,06085
2022,CA,Santa Cruz,06087,Mammography use among women aged 50-74 years,77.6,Age-adjusted prevalence,06087
2022,CA,Santa Cruz,06087,Mammography use among women aged 50-74 years,77.9,Crude prevalence,06087
2022,CA,Shasta,06089,Mammography use among women aged 50-74 years,72.4,Age-adjusted prevalence,06089
2022,CA,Shasta,06089,Mammography use among women aged 50-74 years,73.4,Crude prevalence,06089
2022,CA,Sierra,06091,Mammography use among women aged 50-74 years,77.3,Age-adjusted prevalence,06091
2022,CA,Sierra,06091,Mammography use among women aged 50-74 years,78.4,Crude prevalence,06091
2022,CA,Siskiyou,06093,Mammography use among women aged 50-74 years,73.9,Age-adjusted prevalence,06093
2022,CA,Siskiyou,06093,Mammography use among women aged 50-74 years,73.8,Crude prevalence,06093
2022,CA,Solano,06095,Mammography use among women aged 50-74 years,76.2,Age-adjusted prevalence,06095
2022,CA,Solano,06095,Mammography use among women aged 50-74 years,77.1,Crude prevalence,06095
2022,CA,Sonoma,06097,Mammography use among women aged 50-74 years,76.4,Age-adjusted prevalence,06097
2022,CA,Sonoma,06097,Mammography use among women aged 50-74 years,77.0,Crude prevalence,06097
2022,CA,Stanislaus,06099,Mammography use among women aged 50-74 years,77.1,Age-adjusted prevalence,06099
2022,CA,Stanislaus,06099,Mammography use among women aged 50-74 years,77.3,Crude prevalence,06099
2022,CA,Sutter,06101,Mammography use among women aged 50-74 years,72.0,Age-adjusted prevalence,06101
2022,CA,Sutter,06101,Mammography use among women aged 50-74 years,72.4,Crude prevalence,06101
2022,CA,Tehama,06103,Mammography use among women aged 50-74 years,72.0,Age-adjusted prevalence,06103
2022,CA,Tehama,06103,Mammography use among women aged 50-74 years,72.8,Crude prevalence,06103
2022,CA,Trinity,06105,Mammography use among women aged 50-74 years,71.6,Age-adjusted prevalence,06105
2022,CA,Trinity,06105,Mammography use among women aged 50-74 years,73.2,Crude prevalence,06105
2022,CA,Tulare,06107,Mammography use among women aged 50-74 years,73.3,Age-adjusted prevalence,06107
2022,CA,Tulare,06107,Mammography use among women aged 50-74 years,73.7,Crude prevalence,06107
2022,CA,Tuolumne,06109,Mammography use among women aged 50-74 years,77.0,Age-adjusted prevalence,06109
2022,CA,Tuolumne,06109,Mammography use among women aged 50-74 years,77.2,Crude prevalence,06109
2022,CA,Ventura,06111,Mammography use among women aged 50-74 years,74.3,Age-adjusted prevalence,06111
2022,CA,Ventura,06111,Mammography use among women aged 50-74 years,75.2,Crude prevalence,06111
2022,CA,Yolo,06113,Mammography use among women aged 50-74 years,71.6,Age-adjusted prevalence,06113
2022,CA,Yolo,06113,Mammography use among women aged 50-74 years,71.7,Crude prevalence,06113
2022,CA,Yuba,06115,Mammography use among women aged 50-74 years,76.1,Age-adjusted prevalence,06115
2022,CA,Yuba,06115,Mammography use among women aged 50-74 years,76.0,Crude prevalence,06115
2022,CO,Adams,08001,Mammography use among women aged 50-74 years,64.9,Age-adjusted prevalence,08001
2022,CO,Adams,08001,Mammography use among women aged 50-74 years,64.9,Crude prevalence,08001
2022,CO,Alamosa,08003,Mammography use among women aged 50-74 years,68.1,Age-adjusted prevalence,08003
2022,CO,Alamosa,08003,Mammography use among women aged 50-74 years,69.1,Crude prevalence,08003
2022,CO,Arapahoe,08005,Mammography use among women aged 50-74 years,72.4,Age-adjusted prevalence,08005
2022,CO,Arapahoe,08005,Mammography use among women aged 50-74 years,72.9,Crude prevalence,08005
2022,CO,Archuleta,08007,Mammography use among women aged 50-74 years,67.5,Age-adjusted prevalence,08007
2022,CO,Archuleta,08007,Mammography use among women aged 50-74 years,69.0,Crude prevalence,08007
2022,CO,Baca,08009,Mammography use among women aged 50-74 years,64.2,Age-adjusted prevalence,08009
2022,CO,Baca,08009,Mammography use among women aged 50-74 years,64.7,Crude prevalence,08009
2022,CO,Bent,08011,Mammography use among women aged 50-74 years,63.9,Age-adjusted prevalence,08011
2022,CO,Bent,08011,Mammography use among women aged 50-74 years,64.2,Crude prevalence,08011
2022,CO,Boulder,08013,Mammography use among women aged 50-74 years,72.1,Age-adjusted prevalence,08013
2022,CO,Boulder,08013,Mammography use among women aged 50-74 years,72.5,Crude prevalence,08013
2022,CO,Broomfield,08014,Mammography use among women aged 50-74 years,75.5,Age-adjusted prevalence,08014
2022,CO,Broomfield,08014,Mammography use among women aged 50-74 years,76.0,Crude prevalence,08014
2022,CO,Chaffee,08015,Mammography use among women aged 50-74 years,68.2,Age-adjusted prevalence,08015
2022,CO,Chaffee,08015,Mammography use among women aged 50-74 years,71.3,Crude prevalence,08015
2022,CO,Cheyenne,08017,Mammography use among women aged 50-74 years,70.7,Age-adjusted prevalence,08017
2022,CO,Cheyenne,08017,Mammography use among women aged 50-74 years,72.2,Crude prevalence,08017
2022,CO,Clear Creek,08019,Mammography use among women aged 50-74 years,74.2,Age-adjusted prevalence,08019
2022,CO,Clear Creek,08019,Mammography use among women aged 50-74 years,74.2,Crude prevalence,08019
2022,CO,Conejos,08021,Mammography use among women aged 50-74 years,66.8,Age-adjusted prevalence,08021
2022,CO,Conejos,08021,Mammography use among women aged 50-74 years,67.6,Crude prevalence,08021
2022,CO,Costilla,08023,Mammography use among women aged 50-74 years,65.6,Age-adjusted prevalence,08023
2022,CO,Costilla,08023,Mammography use among women aged 50-74 years,66.7,Crude prevalence,08023
2022,CO,Crowley,08025,Mammography use among women aged 50-74 years,64.6,Age-adjusted prevalence,08025
2022,CO,Crowley,08025,Mammography use among women aged 50-74 years,65.7,Crude prevalence,08025
2022,CO,Custer,08027,Mammography use among women aged 50-74 years,70.1,Age-adjusted prevalence,08027
2022,CO,Custer,08027,Mammography use among women aged 50-74 years,72.2,Crude prevalence,08027
2022,CO,Delta,08029,Mammography use among women aged 50-74 years,65.5,Age-adjusted prevalence,08029
2022,CO,Delta,08029,Mammography use among women aged 50-74 years,66.8,Crude prevalence,08029
2022,CO,Denver,08031,Mammography use among women aged 50-74 years,73.1,Age-adjusted prevalence,08031
2022,CO,Denver,08031,Mammography use among women aged 50-74 years,73.8,Crude prevalence,08031
2022,CO,Dolores,08033,Mammography use among women aged 50-74 years,68.0,Age-adjusted prevalence,08033
2022,CO,Dolores,08033,Mammography use among women aged 50-74 years,69.4,Crude prevalence,08033
2022,CO,Douglas,08035,Mammography use among women aged 50-74 years,77.2,Age-adjusted prevalence,08035
2022,CO,Douglas,08035,Mammography use among women aged 50-74 years,77.4,Crude prevalence,08035
2022,CO,Eagle,08037,Mammography use among women aged 50-74 years,70.4,Age-adjusted prevalence,08037
2022,CO,Eagle,08037,Mammography use among women aged 50-74 years,70.8,Crude prevalence,08037
2022,CO,Elbert,08039,Mammography use among women aged 50-74 years,71.0,Age-adjusted prevalence,08039
2022,CO,Elbert,08039,Mammography use among women aged 50-74 years,70.6,Crude prevalence,08039
2022,CO,El Paso,08041,Mammography use among women aged 50-74 years,70.0,Age-adjusted prevalence,08041
2022,CO,El Paso,08041,Mammography use among women aged 50-74 years,70.7,Crude prevalence,08041
2022,CO,Fremont,08043,Mammography use among women aged 50-74 years,69.1,Age-adjusted prevalence,08043
2022,CO,Fremont,08043,Mammography use among women aged 50-74 years,69.3,Crude prevalence,08043
2022,CO,Garfield,08045,Mammography use among women aged 50-74 years,73.5,Age-adjusted prevalence,08045
2022,CO,Garfield,08045,Mammography use among women aged 50-74 years,73.8,Crude prevalence,08045
2022,CO,Gilpin,08047,Mammography use among women aged 50-74 years,70.0,Age-adjusted prevalence,08047
2022,CO,Gilpin,08047,Mammography use among women aged 50-74 years,70.8,Crude prevalence,08047
2022,CO,Grand,08049,Mammography use among women aged 50-74 years,69.0,Age-adjusted prevalence,08049
2022,CO,Grand,08049,Mammography use among women aged 50-74 years,71.2,Crude prevalence,08049
2022,CO,Gunnison,08051,Mammography use among women aged 50-74 years,69.5,Age-adjusted prevalence,08051
2022,CO,Gunnison,08051,Mammography use among women aged 50-74 years,69.9,Crude prevalence,08051
2022,CO,Hinsdale,08053,Mammography use among women aged 50-74 years,73.0,Age-adjusted prevalence,08053
2022,CO,Hinsdale,08053,Mammography use among women aged 50-74 years,74.5,Crude prevalence,08053
2022,CO,Huerfano,08055,Mammography use among women aged 50-74 years,69.0,Age-adjusted prevalence,08055
2022,CO,Huerfano,08055,Mammography use among women aged 50-74 years,69.8,Crude prevalence,08055
2022,CO,Jackson,08057,Mammography use among women aged 50-74 years,68.6,Age-adjusted prevalence,08057
2022,CO,Jackson,08057,Mammography use among women aged 50-74 years,68.9,Crude prevalence,08057
2022,CO,Jefferson,08059,Mammography use among women aged 50-74 years,72.6,Age-adjusted prevalence,08059
2022,CO,Jefferson,08059,Mammography use among women aged 50-74 years,73.9,Crude prevalence,08059
2022,CO,Kiowa,08061,Mammography use among women aged 50-74 years,62.3,Age-adjusted prevalence,08061
2022,CO,Kiowa,08061,Mammography use among women aged 50-74 years,64.7,Crude prevalence,08061
2022,CO,Kit Carson,08063,Mammography use among women aged 50-74 years,67.4,Age-adjusted prevalence,08063
2022,CO,Kit Carson,08063,Mammography use among women aged 50-74 years,67.3,Crude prevalence,08063
2022,CO,Lake,08065,Mammography use among women aged 50-74 years,70.9,Age-adjusted prevalence,08065
2022,CO,Lake,08065,Mammography use among women aged 50-74 years,71.4,Crude prevalence,08065
2022,CO,La Plata,08067,Mammography use among women aged 50-74 years,71.3,Age-adjusted prevalence,08067
2022,CO,La Plata,08067,Mammography use among women aged 50-74 years,71.6,Crude prevalence,08067
2022,CO,Larimer,08069,Mammography use among women aged 50-74 years,68.3,Age-adjusted prevalence,08069
2022,CO,Larimer,08069,Mammography use among women aged 50-74 years,68.5,Crude prevalence,08069
2022,CO,Las Animas,08071,Mammography use among women aged 50-74 years,68.2,Age-adjusted prevalence,08071
2022,CO,Las Animas,08071,Mammography use among women aged 50-74 years,69.8,Crude prevalence,08071
2022,CO,Lincoln,08073,Mammography use among women aged 50-74 years,67.4,Age-adjusted prevalence,08073
2022,CO,Lincoln,08073,Mammography use among women aged 50-74 years,66.9,Crude prevalence,08073
2022,CO,Logan,08075,Mammography use among women aged 50-74 years,68.1,Age-adjusted prevalence,08075
2022,CO,Logan,08075,Mammography use among women aged 50-74 years,68.4,Crude prevalence,08075
2022,CO,Mesa,08077,Mammography use among women aged 50-74 years,66.6,Age-adjusted prevalence,08077
2022,CO,Mesa,08077,Mammography use among women aged 50-74 years,68.1,Crude prevalence,08077
2022,CO,Mineral,08079,Mammography use among women aged 50-74 years,75.2,Age-adjusted prevalence,08079
2022,CO,Mineral,08079,Mammography use among women aged 50-74 years,75.9,Crude prevalence,08079
2022,CO,Moffat,08081,Mammography use among women aged 50-74 years,66.3,Age-adjusted prevalence,08081
2022,CO,Moffat,08081,Mammography use among women aged 50-74 years,66.2,Crude prevalence,08081
2022,CO,Montezuma,08083,Mammography use among women aged 50-74 years,66.2,Age-adjusted prevalence,08083
2022,CO,Montezuma,08083,Mammography use among women aged 50-74 years,67.3,Crude prevalence,08083
2022,CO,Montrose,08085,Mammography use among women aged 50-74 years,71.3,Age-adjusted prevalence,08085
2022,CO,Montrose,08085,Mammography use among women aged 50-74 years,71.6,Crude prevalence,08085
2022,CO,Morgan,08087,Mammography use among women aged 50-74 years,67.6,Age-adjusted prevalence,08087
2022,CO,Morgan,08087,Mammography use among women aged 50-74 years,68.4,Crude prevalence,08087
2022,CO,Otero,08089,Mammography use among women aged 50-74 years,63.9,Age-adjusted prevalence,08089
2022,CO,Otero,08089,Mammography use among women aged 50-74 years,63.7,Crude prevalence,08089
2022,CO,Ouray,08091,Mammography use among women aged 50-74 years,71.2,Age-adjusted prevalence,08091
2022,CO,Ouray,08091,Mammography use among women aged 50-74 years,72.5,Crude prevalence,08091
2022,CO,Park,08093,Mammography use among women aged 50-74 years,72.0,Age-adjusted prevalence,08093
2022,CO,Park,08093,Mammography use among women aged 50-74 years,73.5,Crude prevalence,08093
2022,CO,Phillips,08095,Mammography use among women aged 50-74 years,68.0,Age-adjusted prevalence,08095
2022,CO,Phillips,08095,Mammography use among women aged 50-74 years,68.0,Crude prevalence,08095
2022,CO,Pitkin,08097,Mammography use among women aged 50-74 years,75.1,Age-adjusted prevalence,08097
2022,CO,Pitkin,08097,Mammography use among women aged 50-74 years,76.1,Crude prevalence,08097
2022,CO,Prowers,08099,Mammography use among women aged 50-74 years,65.3,Age-adjusted prevalence,08099
2022,CO,Prowers,08099,Mammography use among women aged 50-74 years,66.3,Crude prevalence,08099
2022,CO,Pueblo,08101,Mammography use among women aged 50-74 years,68.1,Age-adjusted prevalence,08101
2022,CO,Pueblo,08101,Mammography use among women aged 50-74 years,68.8,Crude prevalence,08101
2022,CO,Rio Blanco,08103,Mammography use among women aged 50-74 years,68.4,Age-adjusted prevalence,08103
2022,CO,Rio Blanco,08103,Mammography use among women aged 50-74 years,69.3,Crude prevalence,08103
2022,CO,Rio Grande,08105,Mammography use among women aged 50-74 years,71.5,Age-adjusted prevalence,08105
2022,CO,Rio Grande,08105,Mammography use among women aged 50-74 years,72.1,Crude prevalence,08105
2022,CO,Routt,08107,Mammography use among women aged 50-74 years,72.0,Age-adjusted prevalence,08107
2022,CO,Routt,08107,Mammography use among women aged 50-74 years,72.9,Crude prevalence,08107
2022,CO,Saguache,08109,Mammography use among women aged 50-74 years,68.3,Age-adjusted prevalence,08109
2022,CO,Saguache,08109,Mammography use among women aged 50-74 years,68.8,Crude prevalence,08109
2022,CO,San Juan,08111,Mammography use among women aged 50-74 years,69.7,Age-adjusted prevalence,08111
2022,CO,San Juan,08111,Mammography use among women aged 50-74 years,70.3,Crude prevalence,08111
2022,CO,San Miguel,08113,Mammography use among women aged 50-74 years,71.6,Age-adjusted prevalence,08113
2022,CO,San Miguel,08113,Mammography use among women aged 50-74 years,71.4,Crude prevalence,08113
2022,CO,Sedgwick,08115,Mammography use among women aged 50-74 years,66.5,Age-adjusted prevalence,08115
2022,CO,Sedgwick,08115,Mammography use among women aged 50-74 years,69.1,Crude prevalence,08115
2022,CO,Summit,08117,Mammography use among women aged 50-74 years,71.0,Age-adjusted prevalence,08117
2022,CO,Summit,08117,Mammography use among women aged 50-74 years,71.8,Crude prevalence,08117
2022,CO,Teller,08119,Mammography use among women aged 50-74 years,74.3,Age-adjusted prevalence,08119
2022,CO,Teller,08119,Mammography use among women aged 50-74 years,74.6,Crude prevalence,08119
2022,CO,Washington,08121,Mammography use among women aged 50-74 years,69.6,Age-adjusted prevalence,08121
2022,CO,Washington,08121,Mammography use among women aged 50-74 years,70.3,Crude prevalence,08121
2022,CO,Weld,08123,Mammography use among women aged 50-74 years,72.5,Age-adjusted prevalence,08123
2022,CO,Weld,08123,Mammography use among women aged 50-74 years,72.7,Crude prevalence,08123
2022,CO,Yuma,08125,Mammography use among women aged 50-74 years,66.7,Age-adjusted prevalence,08125
2022,CO,Yuma,08125,Mammography use among women aged 50-74 years,68.6,Crude prevalence,08125
2022,CT,Capitol,09110,Mammography use among women aged 50-74 years,80.6,Age-adjusted prevalence,09110
2022,CT,Capitol,09110,Mammography use among women aged 50-74 years,81.4,Crude prevalence,09110
2022,CT,Greater Bridgeport,09120,Mammography use among women aged 50-74 years,77.7,Age-adjusted prevalence,09120
2022,CT,Greater Bridgeport,09120,Mammography use among women aged 50-74 years,78.0,Crude prevalence,09120
2022,CT,Lower Connecticut River Valley,09130,Mammography use among women aged 50-74 years,79.4,Age-adjusted prevalence,09130
2022,CT,Lower Connecticut River Valley,09130,Mammography use among women aged 50-74 years,79.4,Crude prevalence,09130
2022,CT,Naugatuck Valley,09140,Mammography use among women aged 50-74 years,78.2,Age-adjusted prevalence,09140
2022,CT,Naugatuck Valley,09140,Mammography use among women aged 50-74 years,78.7,Crude prevalence,09140
2022,CT,Northeastern Connecticut,09150,Mammography use among women aged 50-74 years,77.0,Age-adjusted prevalence,09150
2022,CT,Northeastern Connecticut,09150,Mammography use among women aged 50-74 years,75.0,Crude prevalence,09150
2022,CT,Northwest Hills,09160,Mammography use among women aged 50-74 years,78.7,Age-adjusted prevalence,09160
2022,CT,Northwest Hills,09160,Mammography use among women aged 50-74 years,78.0,Crude prevalence,09160
2022,CT,South Central Connecticut,09170,Mammography use among women aged 50-74 years,79.3,Age-adjusted prevalence,09170
2022,CT,South Central Connecticut,09170,Mammography use among women aged 50-74 years,80.0,Crude prevalence,09170
2022,CT,Southeastern Connecticut,09180,Mammography use among women aged 50-74 years,77.2,Age-adjusted prevalence,09180
2022,CT,Southeastern Connecticut,09180,Mammography use among women aged 50-74 years,78.5,Crude prevalence,09180
2022,CT,Western Connecticut,09190,Mammography use among women aged 50-74 years,78.9,Age-adjusted prevalence,09190
2022,CT,Western Connecticut,09190,Mammography use among women aged 50-74 years,78.6,Crude prevalence,09190
2022,DE,Kent,10001,Mammography use among women aged 50-74 years,73.0,Age-adjusted prevalence,10001
2022,DE,Kent,10001,Mammography use among women aged 50-74 years,73.6,Crude prevalence,10001
2022,DE,New Castle,10003,Mammography use among women aged 50-74 years,78.1,Age-adjusted prevalence,10003
2022,DE,New Castle,10003,Mammography use among women aged 50-74 years,78.9,Crude prevalence,10003
2022,DE,Sussex,10005,Mammography use among women aged 50-74 years,80.4,Age-adjusted prevalence,10005
2022,DE,Sussex,10005,Mammography use among women aged 50-74 years,81.0,Crude prevalence,10005
2022,FL,Alachua,12001,Mammography use among women aged 50-74 years,74.2,Age-adjusted prevalence,12001
2022,FL,Alachua,12001,Mammography use among women aged 50-74 years,74.6,Crude prevalence,12001
2022,FL,Baker,12003,Mammography use among women aged 50-74 years,76.2,Age-adjusted prevalence,12003
2022,FL,Baker,12003,Mammography use among women aged 50-74 years,76.1,Crude prevalence,12003
2022,FL,Bay,12005,Mammography use among women aged 50-74 years,73.5,Age-adjusted prevalence,12005
2022,FL,Bay,12005,Mammography use among women aged 50-74 years,74.3,Crude prevalence,12005
2022,FL,Bradford,12007,Mammography use among women aged 50-74 years,69.8,Age-adjusted prevalence,12007
2022,FL,Bradford,12007,Mammography use among women aged 50-74 years,70.5,Crude prevalence,12007
2022,FL,Brevard,12009,Mammography use among women aged 50-74 years,77.6,Age-adjusted prevalence,12009
2022,FL,Brevard,12009,Mammography use among women aged 50-74 years,78.3,Crude prevalence,12009
2022,FL,Broward,12011,Mammography use among women aged 50-74 years,76.0,Age-adjusted prevalence,12011
2022,FL,Broward,12011,Mammography use among women aged 50-74 years,76.3,Crude prevalence,12011
2022,FL,Calhoun,12013,Mammography use among women aged 50-74 years,69.7,Age-adjusted prevalence,12013
2022,FL,Calhoun,12013,Mammography use among women aged 50-74 years,70.5,Crude prevalence,12013
2022,FL,Charlotte,12015,Mammography use among women aged 50-74 years,74.7,Age-adjusted prevalence,12015
2022,FL,Charlotte,12015,Mammography use among women aged 50-74 years,76.7,Crude prevalence,12015
2022,FL,Citrus,12017,Mammography use among women aged 50-74 years,74.5,Age-adjusted prevalence,12017
2022,FL,Citrus,12017,Mammography use among women aged 50-74 years,75.5,Crude prevalence,12017
2022,FL,Clay,12019,Mammography use among women aged 50-74 years,70.1,Age-adjusted prevalence,12019
2022,FL,Clay,12019,Mammography use among women aged 50-74 years,71.0,Crude prevalence,12019
2022,FL,Collier,12021,Mammography use among women aged 50-74 years,71.6,Age-adjusted prevalence,12021
2022,FL,Collier,12021,Mammography use among women aged 50-74 years,74.2,Crude prevalence,12021
2022,FL,Columbia,12023,Mammography use among women aged 50-74 years,67.7,Age-adjusted prevalence,12023
2022,FL,Columbia,12023,Mammography use among women aged 50-74 years,68.0,Crude prevalence,12023
2022,FL,DeSoto,12027,Mammography use among women aged 50-74 years,68.9,Age-adjusted prevalence,12027
2022,FL,DeSoto,12027,Mammography use among women aged 50-74 years,69.6,Crude prevalence,12027
2022,FL,Dixie,12029,Mammography use among women aged 50-74 years,70.1,Age-adjusted prevalence,12029
2022,FL,Dixie,12029,Mammography use among women aged 50-74 years,71.5,Crude prevalence,12029
2022,FL,Duval,12031,Mammography use among women aged 50-74 years,77.4,Age-adjusted prevalence,12031
2022,FL,Duval,12031,Mammography use among women aged 50-74 years,77.8,Crude prevalence,12031
2022,FL,Escambia,12033,Mammography use among women aged 50-74 years,73.7,Age-adjusted prevalence,12033
2022,FL,Escambia,12033,Mammography use among women aged 50-74 years,74.7,Crude prevalence,12033
2022,FL,Flagler,12035,Mammography use among women aged 50-74 years,76.1,Age-adjusted prevalence,12035
2022,FL,Flagler,12035,Mammography use among women aged 50-74 years,78.1,Crude prevalence,12035
2022,FL,Franklin,12037,Mammography use among women aged 50-74 years,66.5,Age-adjusted prevalence,12037
2022,FL,Franklin,12037,Mammography use among women aged 50-74 years,66.8,Crude prevalence,12037
2022,FL,Gadsden,12039,Mammography use among women aged 50-74 years,72.8,Age-adjusted prevalence,12039
2022,FL,Gadsden,12039,Mammography use among women aged 50-74 years,74.1,Crude prevalence,12039
2022,FL,Gilchrist,12041,Mammography use among women aged 50-74 years,71.1,Age-adjusted prevalence,12041
2022,FL,Gilchrist,12041,Mammography use among women aged 50-74 years,71.4,Crude prevalence,12041
2022,FL,Glades,12043,Mammography use among women aged 50-74 years,65.9,Age-adjusted prevalence,12043
2022,FL,Glades,12043,Mammography use among women aged 50-74 years,66.5,Crude prevalence,12043
2022,FL,Gulf,12045,Mammography use among women aged 50-74 years,73.6,Age-adjusted prevalence,12045
2022,FL,Gulf,12045,Mammography use among women aged 50-74 years,74.8,Crude prevalence,12045
2022,FL,Hamilton,12047,Mammography use among women aged 50-74 years,63.2,Age-adjusted prevalence,12047
2022,FL,Hamilton,12047,Mammography use among women aged 50-74 years,64.7,Crude prevalence,12047
2022,FL,Hardee,12049,Mammography use among women aged 50-74 years,66.3,Age-adjusted prevalence,12049
2022,FL,Hardee,12049,Mammography use among women aged 50-74 years,66.7,Crude prevalence,12049
2022,FL,Hendry,12051,Mammography use among women aged 50-74 years,64.2,Age-adjusted prevalence,12051
2022,FL,Hendry,12051,Mammography use among women aged 50-74 years,64.3,Crude prevalence,12051
2022,FL,Hernando,12053,Mammography use among women aged 50-74 years,74.5,Age-adjusted prevalence,12053
2022,FL,Hernando,12053,Mammography use among women aged 50-74 years,75.1,Crude prevalence,12053
2022,FL,Highlands,12055,Mammography use among women aged 50-74 years,72.6,Age-adjusted prevalence,12055
2022,FL,Highlands,12055,Mammography use among women aged 50-74 years,74.0,Crude prevalence,12055
2022,FL,Hillsborough,12057,Mammography use among women aged 50-74 years,78.2,Age-adjusted prevalence,12057
2022,FL,Hillsborough,12057,Mammography use among women aged 50-74 years,78.6,Crude prevalence,12057
2022,FL,Holmes,12059,Mammography use among women aged 50-74 years,71.2,Age-adjusted prevalence,12059
2022,FL,Holmes,12059,Mammography use among women aged 50-74 years,71.7,Crude prevalence,12059
2022,FL,Indian River,12061,Mammography use among women aged 50-74 years,73.0,Age-adjusted prevalence,12061
2022,FL,Indian River,12061,Mammography use among women aged 50-74 years,74.3,Crude prevalence,12061
2022,FL,Jackson,12063,Mammography use among women aged 50-74 years,77.5,Age-adjusted prevalence,12063
2022,FL,Jackson,12063,Mammography use among women aged 50-74 years,78.5,Crude prevalence,12063
2022,FL,Jefferson,12065,Mammography use among women aged 50-74 years,71.3,Age-adjusted prevalence,12065
2022,FL,Jefferson,12065,Mammography use among women aged 50-74 years,72.1,Crude prevalence,12065
2022,FL,Lafayette,12067,Mammography use among women aged 50-74 years,69.2,Age-adjusted prevalence,12067
2022,FL,Lafayette,12067,Mammography use among women aged 50-74 years,69.8,Crude prevalence,12067
2022,FL,Lake,12069,Mammography use among women aged 50-74 years,74.2,Age-adjusted prevalence,12069
2022,FL,Lake,12069,Mammography use among women aged 50-74 years,74.9,Crude prevalence,12069
2022,FL,Lee,12071,Mammography use among women aged 50-74 years,75.3,Age-adjusted prevalence,12071
2022,FL,Lee,12071,Mammography use among women aged 50-74 years,76.9,Crude prevalence,12071
2022,FL,Leon,12073,Mammography use among women aged 50-74 years,76.6,Age-adjusted prevalence,12073
2022,FL,Leon,12073,Mammography use among women aged 50-74 years,77.6,Crude prevalence,12073
2022,FL,Levy,12075,Mammography use among women aged 50-74 years,69.5,Age-adjusted prevalence,12075
2022,FL,Levy,12075,Mammography use among women aged 50-74 years,69.6,Crude prevalence,12075
2022,FL,Liberty,12077,Mammography use among women aged 50-74 years,73.0,Age-adjusted prevalence,12077
2022,FL,Liberty,12077,Mammography use among women aged 50-74 years,73.8,Crude prevalence,12077
2022,FL,Madison,12079,Mammography use among women aged 50-74 years,77.7,Age-adjusted prevalence,12079
2022,FL,Madison,12079,Mammography use among women aged 50-74 years,78.0,Crude prevalence,12079
2022,FL,Manatee,12081,Mammography use among women aged 50-74 years,74.6,Age-adjusted prevalence,12081
2022,FL,Manatee,12081,Mammography use among women aged 50-74 years,76.0,Crude prevalence,12081
2022,FL,Marion,12083,Mammography use among women aged 50-74 years,73.9,Age-adjusted prevalence,12083
2022,FL,Marion,12083,Mammography use among women aged 50-74 years,75.4,Crude prevalence,12083
2022,FL,Martin,12085,Mammography use among women aged 50-74 years,74.7,Age-adjusted prevalence,12085
2022,FL,Martin,12085,Mammography use among women aged 50-74 years,76.4,Crude prevalence,12085
2022,FL,Miami-Dade,12086,Mammography use among women aged 50-74 years,75.5,Age-adjusted prevalence,12086
2022,FL,Miami-Dade,12086,Mammography use among women aged 50-74 years,76.5,Crude prevalence,12086
2022,FL,Monroe,12087,Mammography use among women aged 50-74 years,72.8,Age-adjusted prevalence,12087
2022,FL,Monroe,12087,Mammography use among women aged 50-74 years,73.7,Crude prevalence,12087
2022,FL,Nassau,12089,Mammography use among women aged 50-74 years,76.3,Age-adjusted prevalence,12089
2022,FL,Nassau,12089,Mammography use among women aged 50-74 years,76.9,Crude prevalence,12089
2022,FL,Okaloosa,12091,Mammography use among women aged 50-74 years,72.4,Age-adjusted prevalence,12091
2022,FL,Okaloosa,12091,Mammography use among women aged 50-74 years,73.3,Crude prevalence,12091
2022,FL,Okeechobee,12093,Mammography use among women aged 50-74 years,76.3,Age-adjusted prevalence,12093
2022,FL,Okeechobee,12093,Mammography use among women aged 50-74 years,76.6,Crude prevalence,12093
2022,FL,Orange,12095,Mammography use among women aged 50-74 years,75.3,Age-adjusted prevalence,12095
2022,FL,Orange,12095,Mammography use among women aged 50-74 years,75.6,Crude prevalence,12095
2022,FL,Osceola,12097,Mammography use among women aged 50-74 years,77.2,Age-adjusted prevalence,12097
2022,FL,Osceola,12097,Mammography use among women aged 50-74 years,77.6,Crude prevalence,12097
2022,FL,Palm Beach,12099,Mammography use among women aged 50-74 years,76.9,Age-adjusted prevalence,12099
2022,FL,Palm Beach,12099,Mammography use among women aged 50-74 years,77.9,Crude prevalence,12099
2022,FL,Pasco,12101,Mammography use among women aged 50-74 years,76.1,Age-adjusted prevalence,12101
2022,FL,Pasco,12101,Mammography use among women aged 50-74 years,76.7,Crude prevalence,12101
2022,FL,Pinellas,12103,Mammography use among women aged 50-74 years,74.7,Age-adjusted prevalence,12103
2022,FL,Pinellas,12103,Mammography use among women aged 50-74 years,75.0,Crude prevalence,12103
2022,FL,Polk,12105,Mammography use among women aged 50-74 years,71.1,Age-adjusted prevalence,12105
2022,FL,Polk,12105,Mammography use among women aged 50-74 years,72.7,Crude prevalence,12105
2022,FL,Putnam,12107,Mammography use among women aged 50-74 years,72.6,Age-adjusted prevalence,12107
2022,FL,Putnam,12107,Mammography use among women aged 50-74 years,73.6,Crude prevalence,12107
2022,FL,St. Johns,12109,Mammography use among women aged 50-74 years,76.1,Age-adjusted prevalence,12109
2022,FL,St. Johns,12109,Mammography use among women aged 50-74 years,77.1,Crude prevalence,12109
2022,FL,St. Lucie,12111,Mammography use among women aged 50-74 years,74.4,Age-adjusted prevalence,12111
2022,FL,St. Lucie,12111,Mammography use among women aged 50-74 years,75.2,Crude prevalence,12111
2022,FL,Santa Rosa,12113,Mammography use among women aged 50-74 years,72.3,Age-adjusted prevalence,12113
2022,FL,Santa Rosa,12113,Mammography use among women aged 50-74 years,73.0,Crude prevalence,12113
2022,FL,Sarasota,12115,Mammography use among women aged 50-74 years,76.9,Age-adjusted prevalence,12115
2022,FL,Sarasota,12115,Mammography use among women aged 50-74 years,77.2,Crude prevalence,12115
2022,FL,Seminole,12117,Mammography use among women aged 50-74 years,75.3,Age-adjusted prevalence,12117
2022,FL,Seminole,12117,Mammography use among women aged 50-74 years,75.8,Crude prevalence,12117
2022,FL,Sumter,12119,Mammography use among women aged 50-74 years,75.8,Age-adjusted prevalence,12119
2022,FL,Sumter,12119,Mammography use among women aged 50-74 years,77.5,Crude prevalence,12119
2022,FL,Suwannee,12121,Mammography use among women aged 50-74 years,72.0,Age-adjusted prevalence,12121
2022,FL,Suwannee,12121,Mammography use among women aged 50-74 years,72.5,Crude prevalence,12121
2022,FL,Taylor,12123,Mammography use among women aged 50-74 years,75.2,Age-adjusted prevalence,12123
2022,FL,Taylor,12123,Mammography use among women aged 50-74 years,76.6,Crude prevalence,12123
2022,FL,Union,12125,Mammography use among women aged 50-74 years,68.4,Age-adjusted prevalence,12125
2022,FL,Union,12125,Mammography use among women aged 50-74 years,69.2,Crude prevalence,12125
2022,FL,Volusia,12127,Mammography use among women aged 50-74 years,73.0,Age-adjusted prevalence,12127
2022,FL,Volusia,12127,Mammography use among women aged 50-74 years,74.3,Crude prevalence,12127
2022,FL,Wakulla,12129,Mammography use among women aged 50-74 years,77.6,Age-adjusted prevalence,12129
2022,FL,Wakulla,12129,Mammography use among women aged 50-74 years,78.0,Crude prevalence,12129
2022,FL,Walton,12131,Mammography use among women aged 50-74 years,72.9,Age-adjusted prevalence,12131
2022,FL,Walton,12131,Mammography use among women aged 50-74 years,74.3,Crude prevalence,12131
2022,FL,Washington,12133,Mammography use among women aged 50-74 years,65.8,Age-adjusted prevalence,12133
2022,FL,Washington,12133,Mammography use among women aged 50-74 years,67.1,Crude prevalence,12133
2022,GA,Appling,13001,Mammography use among women aged 50-74 years,70.1,Age-adjusted prevalence,13001
2022,GA,Appling,13001,Mammography use among women aged 50-74 years,71.1,Crude prevalence,13001
2022,GA,Atkinson,13003,Mammography use among women aged 50-74 years,68.5,Age-adjusted prevalence,13003
2022,GA,Atkinson,13003,Mammography use among women aged 50-74 years,69.1,Crude prevalence,13003
2022,GA,Bacon,13005,Mammography use among women aged 50-74 years,71.3,Age-adjusted prevalence,13005
2022,GA,Bacon,13005,Mammography use among women aged 50-74 years,72.1,Crude prevalence,13005
2022,GA,Baker,13007,Mammography use among women aged 50-74 years,72.0,Age-adjusted prevalence,13007
2022,GA,Baker,13007,Mammography use among women aged 50-74 years,73.1,Crude prevalence,13007
2022,GA,Baldwin,13009,Mammography use among women aged 50-74 years,77.4,Age-adjusted prevalence,13009
2022,GA,Baldwin,13009,Mammography use among women aged 50-74 years,77.5,Crude prevalence,13009
2022,GA,Banks,13011,Mammography use among women aged 50-74 years,72.1,Age-adjusted prevalence,13011
2022,GA,Banks,13011,Mammography use among women aged 50-74 years,72.4,Crude prevalence,13011
2022,GA,Barrow,13013,Mammography use among women aged 50-74 years,75.0,Age-adjusted prevalence,13013
2022,GA,Barrow,13013,Mammography use among women aged 50-74 years,74.9,Crude prevalence,13013
2022,GA,Bartow,13015,Mammography use among women aged 50-74 years,75.1,Age-adjusted prevalence,13015
2022,GA,Bartow,13015,Mammography use among women aged 50-74 years,75.0,Crude prevalence,13015
2022,GA,Ben Hill,13017,Mammography use among women aged 50-74 years,71.6,Age-adjusted prevalence,13017
2022,GA,Ben Hill,13017,Mammography use among women aged 50-74 years,71.7,Crude prevalence,13017
2022,GA,Berrien,13019,Mammography use among women aged 50-74 years,67.4,Age-adjusted prevalence,13019
2022,GA,Berrien,13019,Mammography use among women aged 50-74 years,67.8,Crude prevalence,13019
2022,GA,Bibb,13021,Mammography use among women aged 50-74 years,72.4,Age-adjusted prevalence,13021
2022,GA,Bibb,13021,Mammography use among women aged 50-74 years,73.5,Crude prevalence,13021
2022,GA,Bleckley,13023,Mammography use among women aged 50-74 years,73.6,Age-adjusted prevalence,13023
2022,GA,Bleckley,13023,Mammography use among women aged 50-74 years,73.8,Crude prevalence,13023
2022,GA,Brantley,13025,Mammography use among women aged 50-74 years,68.3,Age-adjusted prevalence,13025
2022,GA,Brantley,13025,Mammography use among women aged 50-74 years,68.7,Crude prevalence,13025
2022,GA,Brooks,13027,Mammography use among women aged 50-74 years,69.0,Age-adjusted prevalence,13027
2022,GA,Brooks,13027,Mammography use among women aged 50-74 years,69.9,Crude prevalence,13027
2022,GA,Bryan,13029,Mammography use among women aged 50-74 years,78.8,Age-adjusted prevalence,13029
2022,GA,Bryan,13029,Mammography use among women aged 50-74 years,78.8,Crude prevalence,13029
2022,GA,Bulloch,13031,Mammography use among women aged 50-74 years,72.2,Age-adjusted prevalence,13031
2022,GA,Bulloch,13031,Mammography use among women aged 50-74 years,72.8,Crude prevalence,13031
2022,GA,Burke,13033,Mammography use among women aged 50-74 years,74.6,Age-adjusted prevalence,13033
2022,GA,Burke,13033,Mammography use among women aged 50-74 years,74.9,Crude prevalence,13033
2022,GA,Butts,13035,Mammography use among women aged 50-74 years,76.8,Age-adjusted prevalence,13035
2022,GA,Butts,13035,Mammography use among women aged 50-74 years,77.3,Crude prevalence,13035
2022,GA,Calhoun,13037,Mammography use among women aged 50-74 years,72.9,Age-adjusted prevalence,13037
2022,GA,Calhoun,13037,Mammography use among women aged 50-74 years,73.7,Crude prevalence,13037
2022,GA,Camden,13039,Mammography use among women aged 50-74 years,79.0,Age-adjusted prevalence,13039
2022,GA,Camden,13039,Mammography use among women aged 50-74 years,79.1,Crude prevalence,13039
2022,GA,Candler,13043,Mammography use among women aged 50-74 years,71.9,Age-adjusted prevalence,13043
2022,GA,Candler,13043,Mammography use among women aged 50-74 years,71.7,Crude prevalence,13043
2022,GA,Carroll,13045,Mammography use among women aged 50-74 years,73.1,Age-adjusted prevalence,13045
2022,GA,Carroll,13045,Mammography use among women aged 50-74 years,73.3,Crude prevalence,13045
2022,GA,Catoosa,13047,Mammography use among women aged 50-74 years,74.1,Age-adjusted prevalence,13047
2022,GA,Catoosa,13047,Mammography use among women aged 50-74 years,75.1,Crude prevalence,13047
2022,GA,Charlton,13049,Mammography use among women aged 50-74 years,70.5,Age-adjusted prevalence,13049
2022,GA,Charlton,13049,Mammography use among women aged 50-74 years,71.2,Crude prevalence,13049
2022,GA,Chatham,13051,Mammography use among women aged 50-74 years,77.6,Age-adjusted prevalence,13051
2022,GA,Chatham,13051,Mammography use among women aged 50-74 years,77.7,Crude prevalence,13051
2022,GA,Chattahoochee,13053,Mammography use among women aged 50-74 years,73.5,Age-adjusted prevalence,13053
2022,GA,Chattahoochee,13053,Mammography use among women aged 50-74 years,73.8,Crude prevalence,13053
2022,GA,Chattooga,13055,Mammography use among women aged 50-74 years,67.9,Age-adjusted prevalence,13055
2022,GA,Chattooga,13055,Mammography use among women aged 50-74 years,67.8,Crude prevalence,13055
2022,GA,Cherokee,13057,Mammography use among women aged 50-74 years,74.3,Age-adjusted prevalence,13057
2022,GA,Cherokee,13057,Mammography use among women aged 50-74 years,74.8,Crude prevalence,13057
2022,GA,Clarke,13059,Mammography use among women aged 50-74 years,77.5,Age-adjusted prevalence,13059
2022,GA,Clarke,13059,Mammography use among women aged 50-74 years,77.8,Crude prevalence,13059
2022,GA,Clay,13061,Mammography use among women aged 50-74 years,74.9,Age-adjusted prevalence,13061
2022,GA,Clay,13061,Mammography use among women aged 50-74 years,75.5,Crude prevalence,13061
2022,GA,Clayton,13063,Mammography use among women aged 50-74 years,75.6,Age-adjusted prevalence,13063
2022,GA,Clayton,13063,Mammography use among women aged 50-74 years,75.8,Crude prevalence,13063
2022,GA,Clinch,13065,Mammography use among women aged 50-74 years,68.4,Age-adjusted prevalence,13065
2022,GA,Clinch,13065,Mammography use among women aged 50-74 years,68.1,Crude prevalence,13065
2022,GA,Cobb,13067,Mammography use among women aged 50-74 years,74.1,Age-adjusted prevalence,13067
2022,GA,Cobb,13067,Mammography use among women aged 50-74 years,74.2,Crude prevalence,13067
2022,GA,Coffee,13069,Mammography use among women aged 50-74 years,72.8,Age-adjusted prevalence,13069
2022,GA,Coffee,13069,Mammography use among women aged 50-74 years,73.1,Crude prevalence,13069
2022,GA,Colquitt,13071,Mammography use among women aged 50-74 years,72.8,Age-adjusted prevalence,13071
2022,GA,Colquitt,13071,Mammography use among women aged 50-74 years,73.6,Crude prevalence,13071
2022,GA,Columbia,13073,Mammography use among women aged 50-74 years,79.4,Age-adjusted prevalence,13073
2022,GA,Columbia,13073,Mammography use among women aged 50-74 years,80.1,Crude prevalence,13073
2022,GA,Cook,13075,Mammography use among women aged 50-74 years,71.3,Age-adjusted prevalence,13075
2022,GA,Cook,13075,Mammography use among women aged 50-74 years,71.5,Crude prevalence,13075
2022,GA,Coweta,13077,Mammography use among women aged 50-74 years,75.0,Age-adjusted prevalence,13077
2022,GA,Coweta,13077,Mammography use among women aged 50-74 years,74.9,Crude prevalence,13077
2022,GA,Crawford,13079,Mammography use among women aged 50-74 years,72.0,Age-adjusted prevalence,13079
2022,GA,Crawford,13079,Mammography use among women aged 50-74 years,73.5,Crude prevalence,13079
2022,GA,Crisp,13081,Mammography use among women aged 50-74 years,75.0,Age-adjusted prevalence,13081
2022,GA,Crisp,13081,Mammography use among women aged 50-74 years,75.5,Crude prevalence,13081
2022,GA,Dade,13083,Mammography use among women aged 50-74 years,73.3,Age-adjusted prevalence,13083
2022,GA,Dade,13083,Mammography use among women aged 50-74 years,73.8,Crude prevalence,13083
2022,GA,Dawson,13085,Mammography use among women aged 50-74 years,76.3,Age-adjusted prevalence,13085
2022,GA,Dawson,13085,Mammography use among women aged 50-74 years,77.4,Crude prevalence,13085
2022,GA,Decatur,13087,Mammography use among women aged 50-74 years,70.2,Age-adjusted prevalence,13087
2022,GA,Decatur,13087,Mammography use among women aged 50-74 years,70.8,Crude prevalence,13087
2022,GA,DeKalb,13089,Mammography use among women aged 50-74 years,79.4,Age-adjusted prevalence,13089
2022,GA,DeKalb,13089,Mammography use among women aged 50-74 years,79.8,Crude prevalence,13089
2022,GA,Dodge,13091,Mammography use among women aged 50-74 years,73.7,Age-adjusted prevalence,13091
2022,GA,Dodge,13091,Mammography use among women aged 50-74 years,74.0,Crude prevalence,13091
2022,GA,Dooly,13093,Mammography use among women aged 50-74 years,75.1,Age-adjusted prevalence,13093
2022,GA,Dooly,13093,Mammography use among women aged 50-74 years,76.3,Crude prevalence,13093
2022,GA,Dougherty,13095,Mammography use among women aged 50-74 years,77.2,Age-adjusted prevalence,13095
2022,GA,Dougherty,13095,Mammography use among women aged 50-74 years,78.3,Crude prevalence,13095
2022,GA,Douglas,13097,Mammography use among women aged 50-74 years,77.8,Age-adjusted prevalence,13097
2022,GA,Douglas,13097,Mammography use among women aged 50-74 years,77.7,Crude prevalence,13097
2022,GA,Early,13099,Mammography use among women aged 50-74 years,71.7,Age-adjusted prevalence,13099
2022,GA,Early,13099,Mammography use among women aged 50-74 years,72.2,Crude prevalence,13099
2022,GA,Echols,13101,Mammography use among women aged 50-74 years,71.8,Age-adjusted prevalence,13101
2022,GA,Echols,13101,Mammography use among women aged 50-74 years,72.2,Crude prevalence,13101
2022,GA,Effingham,13103,Mammography use among women aged 50-74 years,72.1,Age-adjusted prevalence,13103
2022,GA,Effingham,13103,Mammography use among women aged 50-74 years,72.5,Crude prevalence,13103
2022,GA,Elbert,13105,Mammography use among women aged 50-74 years,76.0,Age-adjusted prevalence,13105
2022,GA,Elbert,13105,Mammography use among women aged 50-74 years,76.3,Crude prevalence,13105
2022,GA,Emanuel,13107,Mammography use among women aged 50-74 years,75.3,Age-adjusted prevalence,13107
2022,GA,Emanuel,13107,Mammography use among women aged 50-74 years,76.1,Crude prevalence,13107
2022,GA,Evans,13109,Mammography use among women aged 50-74 years,71.9,Age-adjusted prevalence,13109
2022,GA,Evans,13109,Mammography use among women aged 50-74 years,72.2,Crude prevalence,13109
2022,GA,Fannin,13111,Mammography use among women aged 50-74 years,67.8,Age-adjusted prevalence,13111
2022,GA,Fannin,13111,Mammography use among women aged 50-74 years,68.0,Crude prevalence,13111
2022,GA,Fayette,13113,Mammography use among women aged 50-74 years,79.8,Age-adjusted prevalence,13113
2022,GA,Fayette,13113,Mammography use among women aged 50-74 years,80.2,Crude prevalence,13113
2022,GA,Floyd,13115,Mammography use among women aged 50-74 years,74.8,Age-adjusted prevalence,13115
2022,GA,Floyd,13115,Mammography use among women aged 50-74 years,75.3,Crude prevalence,13115
2022,GA,Forsyth,13117,Mammography use among women aged 50-74 years,79.4,Age-adjusted prevalence,13117
2022,GA,Forsyth,13117,Mammography use among women aged 50-74 years,79.4,Crude prevalence,13117
2022,GA,Franklin,13119,Mammography use among women aged 50-74 years,73.7,Age-adjusted prevalence,13119
2022,GA,Franklin,13119,Mammography use among women aged 50-74 years,74.2,Crude prevalence,13119
2022,GA,Fulton,13121,Mammography use among women aged 50-74 years,79.1,Age-adjusted prevalence,13121
2022,GA,Fulton,13121,Mammography use among women aged 50-74 years,79.3,Crude prevalence,13121
2022,GA,Gilmer,13123,Mammography use among women aged 50-74 years,73.9,Age-adjusted prevalence,13123
2022,GA,Gilmer,13123,Mammography use among women aged 50-74 years,73.6,Crude prevalence,13123
2022,GA,Glascock,13125,Mammography use among women aged 50-74 years,73.4,Age-adjusted prevalence,13125
2022,GA,Glascock,13125,Mammography use among women aged 50-74 years,74.1,Crude prevalence,13125
2022,GA,Glynn,13127,Mammography use among women aged 50-74 years,76.5,Age-adjusted prevalence,13127
2022,GA,Glynn,13127,Mammography use among women aged 50-74 years,77.4,Crude prevalence,13127
2022,GA,Gordon,13129,Mammography use among women aged 50-74 years,71.1,Age-adjusted prevalence,13129
2022,GA,Gordon,13129,Mammography use among women aged 50-74 years,71.3,Crude prevalence,13129
2022,GA,Grady,13131,Mammography use among women aged 50-74 years,66.8,Age-adjusted prevalence,13131
2022,GA,Grady,13131,Mammography use among women aged 50-74 years,68.1,Crude prevalence,13131
2022,GA,Greene,13133,Mammography use among women aged 50-74 years,75.5,Age-adjusted prevalence,13133
2022,GA,Greene,13133,Mammography use among women aged 50-74 years,75.8,Crude prevalence,13133
2022,GA,Gwinnett,13135,Mammography use among women aged 50-74 years,72.9,Age-adjusted prevalence,13135
2022,GA,Gwinnett,13135,Mammography use among women aged 50-74 years,72.9,Crude prevalence,13135
2022,GA,Habersham,13137,Mammography use among women aged 50-74 years,73.8,Age-adjusted prevalence,13137
2022,GA,Habersham,13137,Mammography use among women aged 50-74 years,74.3,Crude prevalence,13137
2022,GA,Hall,13139,Mammography use among women aged 50-74 years,75.4,Age-adjusted prevalence,13139
2022,GA,Hall,13139,Mammography use among women aged 50-74 years,76.1,Crude prevalence,13139
2022,GA,Hancock,13141,Mammography use among women aged 50-74 years,74.2,Age-adjusted prevalence,13141
2022,GA,Hancock,13141,Mammography use among women aged 50-74 years,75.0,Crude prevalence,13141
2022,GA,Haralson,13143,Mammography use among women aged 50-74 years,70.9,Age-adjusted prevalence,13143
2022,GA,Haralson,13143,Mammography use among women aged 50-74 years,71.0,Crude prevalence,13143
2022,GA,Harris,13145,Mammography use among women aged 50-74 years,79.0,Age-adjusted prevalence,13145
2022,GA,Harris,13145,Mammography use among women aged 50-74 years,79.2,Crude prevalence,13145
2022,GA,Hart,13147,Mammography use among women aged 50-74 years,73.5,Age-adjusted prevalence,13147
2022,GA,Hart,13147,Mammography use among women aged 50-74 years,74.4,Crude prevalence,13147
2022,GA,Heard,13149,Mammography use among women aged 50-74 years,71.3,Age-adjusted prevalence,13149
2022,GA,Heard,13149,Mammography use among women aged 50-74 years,71.6,Crude prevalence,13149
2022,GA,Henry,13151,Mammography use among women aged 50-74 years,78.1,Age-adjusted prevalence,13151
2022,GA,Henry,13151,Mammography use among women aged 50-74 years,78.3,Crude prevalence,13151
2022,GA,Houston,13153,Mammography use among women aged 50-74 years,76.5,Age-adjusted prevalence,13153
2022,GA,Houston,13153,Mammography use among women aged 50-74 years,76.7,Crude prevalence,13153
2022,GA,Irwin,13155,Mammography use among women aged 50-74 years,70.7,Age-adjusted prevalence,13155
2022,GA,Irwin,13155,Mammography use among women aged 50-74 years,71.2,Crude prevalence,13155
2022,GA,Jackson,13157,Mammography use among women aged 50-74 years,73.2,Age-adjusted prevalence,13157
2022,GA,Jackson,13157,Mammography use among women aged 50-74 years,73.8,Crude prevalence,13157
2022,GA,Jasper,13159,Mammography use among women aged 50-74 years,73.0,Age-adjusted prevalence,13159
2022,GA,Jasper,13159,Mammography use among women aged 50-74 years,73.4,Crude prevalence,13159
2022,GA,Jeff Davis,13161,Mammography use among women aged 50-74 years,67.8,Age-adjusted prevalence,13161
2022,GA,Jeff Davis,13161,Mammography use among women aged 50-74 years,68.7,Crude prevalence,13161
2022,GA,Jefferson,13163,Mammography use among women aged 50-74 years,74.8,Age-adjusted prevalence,13163
2022,GA,Jefferson,13163,Mammography use among women aged 50-74 years,75.3,Crude prevalence,13163
2022,GA,Jenkins,13165,Mammography use among women aged 50-74 years,70.2,Age-adjusted prevalence,13165
2022,GA,Jenkins,13165,Mammography use among women aged 50-74 years,70.7,Crude prevalence,13165
2022,GA,Johnson,13167,Mammography use among women aged 50-74 years,71.7,Age-adjusted prevalence,13167
2022,GA,Johnson,13167,Mammography use among women aged 50-74 years,72.5,Crude prevalence,13167
2022,GA,Jones,13169,Mammography use among women aged 50-74 years,76.9,Age-adjusted prevalence,13169
2022,GA,Jones,13169,Mammography use among women aged 50-74 years,77.2,Crude prevalence,13169
2022,GA,Lamar,13171,Mammography use among women aged 50-74 years,75.2,Age-adjusted prevalence,13171
2022,GA,Lamar,13171,Mammography use among women aged 50-74 years,75.1,Crude prevalence,13171
2022,GA,Lanier,13173,Mammography use among women aged 50-74 years,70.2,Age-adjusted prevalence,13173
2022,GA,Lanier,13173,Mammography use among women aged 50-74 years,69.8,Crude prevalence,13173
2022,GA,Laurens,13175,Mammography use among women aged 50-74 years,75.8,Age-adjusted prevalence,13175
2022,GA,Laurens,13175,Mammography use among women aged 50-74 years,76.1,Crude prevalence,13175
2022,GA,Lee,13177,Mammography use among women aged 50-74 years,77.1,Age-adjusted prevalence,13177
2022,GA,Lee,13177,Mammography use among women aged 50-74 years,77.6,Crude prevalence,13177
2022,GA,Liberty,13179,Mammography use among women aged 50-74 years,78.1,Age-adjusted prevalence,13179
2022,GA,Liberty,13179,Mammography use among women aged 50-74 years,78.3,Crude prevalence,13179
2022,GA,Lincoln,13181,Mammography use among women aged 50-74 years,73.6,Age-adjusted prevalence,13181
2022,GA,Lincoln,13181,Mammography use among women aged 50-74 years,74.3,Crude prevalence,13181
2022,GA,Long,13183,Mammography use among women aged 50-74 years,72.7,Age-adjusted prevalence,13183
2022,GA,Long,13183,Mammography use among women aged 50-74 years,72.9,Crude prevalence,13183
2022,GA,Lowndes,13185,Mammography use among women aged 50-74 years,69.7,Age-adjusted prevalence,13185
2022,GA,Lowndes,13185,Mammography use among women aged 50-74 years,70.0,Crude prevalence,13185
2022,GA,Lumpkin,13187,Mammography use among women aged 50-74 years,70.8,Age-adjusted prevalence,13187
2022,GA,Lumpkin,13187,Mammography use among women aged 50-74 years,71.6,Crude prevalence,13187
2022,GA,McDuffie,13189,Mammography use among women aged 50-74 years,73.2,Age-adjusted prevalence,13189
2022,GA,McDuffie,13189,Mammography use among women aged 50-74 years,73.6,Crude prevalence,13189
2022,GA,McIntosh,13191,Mammography use among women aged 50-74 years,72.8,Age-adjusted prevalence,13191
2022,GA,McIntosh,13191,Mammography use among women aged 50-74 years,73.9,Crude prevalence,13191
2022,GA,Macon,13193,Mammography use among women aged 50-74 years,72.2,Age-adjusted prevalence,13193
2022,GA,Macon,13193,Mammography use among women aged 50-74 years,73.1,Crude prevalence,13193
2022,GA,Madison,13195,Mammography use among women aged 50-74 years,70.1,Age-adjusted prevalence,13195
2022,GA,Madison,13195,Mammography use among women aged 50-74 years,70.5,Crude prevalence,13195
2022,GA,Marion,13197,Mammography use among women aged 50-74 years,71.7,Age-adjusted prevalence,13197
2022,GA,Marion,13197,Mammography use among women aged 50-74 years,72.9,Crude prevalence,13197
2022,GA,Meriwether,13199,Mammography use among women aged 50-74 years,75.8,Age-adjusted prevalence,13199
2022,GA,Meriwether,13199,Mammography use among women aged 50-74 years,76.3,Crude prevalence,13199
2022,GA,Miller,13201,Mammography use among women aged 50-74 years,72.0,Age-adjusted prevalence,13201
2022,GA,Miller,13201,Mammography use among women aged 50-74 years,72.7,Crude prevalence,13201
2022,GA,Mitchell,13205,Mammography use among women aged 50-74 years,69.1,Age-adjusted prevalence,13205
2022,GA,Mitchell,13205,Mammography use among women aged 50-74 years,70.3,Crude prevalence,13205
2022,GA,Monroe,13207,Mammography use among women aged 50-74 years,76.5,Age-adjusted prevalence,13207
2022,GA,Monroe,13207,Mammography use among women aged 50-74 years,77.2,Crude prevalence,13207
2022,GA,Montgomery,13209,Mammography use among women aged 50-74 years,71.6,Age-adjusted prevalence,13209
2022,GA,Montgomery,13209,Mammography use among women aged 50-74 years,72.2,Crude prevalence,13209
2022,GA,Morgan,13211,Mammography use among women aged 50-74 years,78.8,Age-adjusted prevalence,13211
2022,GA,Morgan,13211,Mammography use among women aged 50-74 years,79.1,Crude prevalence,13211
2022,GA,Murray,13213,Mammography use among women aged 50-74 years,72.2,Age-adjusted prevalence,13213
2022,GA,Murray,13213,Mammography use among women aged 50-74 years,72.5,Crude prevalence,13213
2022,GA,Muscogee,13215,Mammography use among women aged 50-74 years,75.7,Age-adjusted prevalence,13215
2022,GA,Muscogee,13215,Mammography use among women aged 50-74 years,76.5,Crude prevalence,13215
2022,GA,Newton,13217,Mammography use among women aged 50-74 years,75.2,Age-adjusted prevalence,13217
2022,GA,Newton,13217,Mammography use among women aged 50-74 years,75.3,Crude prevalence,13217
2022,GA,Oconee,13219,Mammography use among women aged 50-74 years,79.1,Age-adjusted prevalence,13219
2022,GA,Oconee,13219,Mammography use among women aged 50-74 years,79.5,Crude prevalence,13219
2022,GA,Oglethorpe,13221,Mammography use among women aged 50-74 years,69.9,Age-adjusted prevalence,13221
2022,GA,Oglethorpe,13221,Mammography use among women aged 50-74 years,71.0,Crude prevalence,13221
2022,GA,Paulding,13223,Mammography use among women aged 50-74 years,73.3,Age-adjusted prevalence,13223
2022,GA,Paulding,13223,Mammography use among women aged 50-74 years,73.5,Crude prevalence,13223
2022,GA,Peach,13225,Mammography use among women aged 50-74 years,75.9,Age-adjusted prevalence,13225
2022,GA,Peach,13225,Mammography use among women aged 50-74 years,76.4,Crude prevalence,13225
2022,GA,Pickens,13227,Mammography use among women aged 50-74 years,72.8,Age-adjusted prevalence,13227
2022,GA,Pickens,13227,Mammography use among women aged 50-74 years,73.7,Crude prevalence,13227
2022,GA,Pierce,13229,Mammography use among women aged 50-74 years,70.9,Age-adjusted prevalence,13229
2022,GA,Pierce,13229,Mammography use among women aged 50-74 years,71.0,Crude prevalence,13229
2022,GA,Pike,13231,Mammography use among women aged 50-74 years,76.6,Age-adjusted prevalence,13231
2022,GA,Pike,13231,Mammography use among women aged 50-74 years,77.2,Crude prevalence,13231
2022,GA,Polk,13233,Mammography use among women aged 50-74 years,75.2,Age-adjusted prevalence,13233
2022,GA,Polk,13233,Mammography use among women aged 50-74 years,75.5,Crude prevalence,13233
2022,GA,Pulaski,13235,Mammography use among women aged 50-74 years,73.4,Age-adjusted prevalence,13235
2022,GA,Pulaski,13235,Mammography use among women aged 50-74 years,74.4,Crude prevalence,13235
2022,GA,Putnam,13237,Mammography use among women aged 50-74 years,72.9,Age-adjusted prevalence,13237
2022,GA,Putnam,13237,Mammography use among women aged 50-74 years,73.1,Crude prevalence,13237
2022,GA,Quitman,13239,Mammography use among women aged 50-74 years,76.8,Age-adjusted prevalence,13239
2022,GA,Quitman,13239,Mammography use among women aged 50-74 years,77.7,Crude prevalence,13239
2022,GA,Rabun,13241,Mammography use among women aged 50-74 years,71.8,Age-adjusted prevalence,13241
2022,GA,Rabun,13241,Mammography use among women aged 50-74 years,72.6,Crude prevalence,13241
2022,GA,Randolph,13243,Mammography use among women aged 50-74 years,71.4,Age-adjusted prevalence,13243
2022,GA,Randolph,13243,Mammography use among women aged 50-74 years,72.6,Crude prevalence,13243
2022,GA,Richmond,13245,Mammography use among women aged 50-74 years,76.5,Age-adjusted prevalence,13245
2022,GA,Richmond,13245,Mammography use among women aged 50-74 years,77.1,Crude prevalence,13245
2022,GA,Rockdale,13247,Mammography use among women aged 50-74 years,80.7,Age-adjusted prevalence,13247
2022,GA,Rockdale,13247,Mammography use among women aged 50-74 years,80.6,Crude prevalence,13247
2022,GA,Schley,13249,Mammography use among women aged 50-74 years,76.3,Age-adjusted prevalence,13249
2022,GA,Schley,13249,Mammography use among women aged 50-74 years,76.6,Crude prevalence,13249
2022,GA,Screven,13251,Mammography use among women aged 50-74 years,73.8,Age-adjusted prevalence,13251
2022,GA,Screven,13251,Mammography use among women aged 50-74 years,74.4,Crude prevalence,13251
2022,GA,Seminole,13253,Mammography use among women aged 50-74 years,74.7,Age-adjusted prevalence,13253
2022,GA,Seminole,13253,Mammography use among women aged 50-74 years,75.4,Crude prevalence,13253
2022,GA,Spalding,13255,Mammography use among women aged 50-74 years,74.2,Age-adjusted prevalence,13255
2022,GA,Spalding,13255,Mammography use among women aged 50-74 years,75.1,Crude prevalence,13255
2022,GA,Stephens,13257,Mammography use among women aged 50-74 years,70.7,Age-adjusted prevalence,13257
2022,GA,Stephens,13257,Mammography use among women aged 50-74 years,70.8,Crude prevalence,13257
2022,GA,Stewart,13259,Mammography use among women aged 50-74 years,74.1,Age-adjusted prevalence,13259
2022,GA,Stewart,13259,Mammography use among women aged 50-74 years,74.6,Crude prevalence,13259
2022,GA,Sumter,13261,Mammography use among women aged 50-74 years,75.0,Age-adjusted prevalence,13261
2022,GA,Sumter,13261,Mammography use among women aged 50-74 years,75.9,Crude prevalence,13261
2022,GA,Talbot,13263,Mammography use among women aged 50-74 years,73.6,Age-adjusted prevalence,13263
2022,GA,Talbot,13263,Mammography use among women aged 50-74 years,75.7,Crude prevalence,13263
2022,GA,Taliaferro,13265,Mammography use among women aged 50-74 years,74.5,Age-adjusted prevalence,13265
2022,GA,Taliaferro,13265,Mammography use among women aged 50-74 years,76.0,Crude prevalence,13265
2022,GA,Tattnall,13267,Mammography use among women aged 50-74 years,73.3,Age-adjusted prevalence,13267
2022,GA,Tattnall,13267,Mammography use among women aged 50-74 years,74.0,Crude prevalence,13267
2022,GA,Taylor,13269,Mammography use among women aged 50-74 years,66.8,Age-adjusted prevalence,13269
2022,GA,Taylor,13269,Mammography use among women aged 50-74 years,67.5,Crude prevalence,13269
2022,GA,Telfair,13271,Mammography use among women aged 50-74 years,68.7,Age-adjusted prevalence,13271
2022,GA,Telfair,13271,Mammography use among women aged 50-74 years,69.5,Crude prevalence,13271
2022,GA,Terrell,13273,Mammography use among women aged 50-74 years,73.4,Age-adjusted prevalence,13273
2022,GA,Terrell,13273,Mammography use among women aged 50-74 years,74.1,Crude prevalence,13273
2022,GA,Thomas,13275,Mammography use among women aged 50-74 years,75.6,Age-adjusted prevalence,13275
2022,GA,Thomas,13275,Mammography use among women aged 50-74 years,76.6,Crude prevalence,13275
2022,GA,Tift,13277,Mammography use among women aged 50-74 years,74.8,Age-adjusted prevalence,13277
2022,GA,Tift,13277,Mammography use among women aged 50-74 years,75.6,Crude prevalence,13277
2022,GA,Toombs,13279,Mammography use among women aged 50-74 years,71.4,Age-adjusted prevalence,13279
2022,GA,Toombs,13279,Mammography use among women aged 50-74 years,71.8,Crude prevalence,13279
2022,GA,Towns,13281,Mammography use among women aged 50-74 years,71.1,Age-adjusted prevalence,13281
2022,GA,Towns,13281,Mammography use among women aged 50-74 years,72.9,Crude prevalence,13281
2022,GA,Treutlen,13283,Mammography use among women aged 50-74 years,68.0,Age-adjusted prevalence,13283
2022,GA,Treutlen,13283,Mammography use among women aged 50-74 years,68.6,Crude prevalence,13283
2022,GA,Troup,13285,Mammography use among women aged 50-74 years,74.8,Age-adjusted prevalence,13285
2022,GA,Troup,13285,Mammography use among women aged 50-74 years,75.7,Crude prevalence,13285
2022,GA,Turner,13287,Mammography use among women aged 50-74 years,72.1,Age-adjusted prevalence,13287
2022,GA,Turner,13287,Mammography use among women aged 50-74 years,73.3,Crude prevalence,13287
2022,GA,Twiggs,13289,Mammography use among women aged 50-74 years,72.3,Age-adjusted prevalence,13289
2022,GA,Twiggs,13289,Mammography use among women aged 50-74 years,74.1,Crude prevalence,13289
2022,GA,Union,13291,Mammography use among women aged 50-74 years,72.6,Age-adjusted prevalence,13291
2022,GA,Union,13291,Mammography use among women aged 50-74 years,74.9,Crude prevalence,13291
2022,GA,Upson,13293,Mammography use among women aged 50-74 years,75.4,Age-adjusted prevalence,13293
2022,GA,Upson,13293,Mammography use among women aged 50-74 years,75.6,Crude prevalence,13293
2022,GA,Walker,13295,Mammography use among women aged 50-74 years,76.0,Age-adjusted prevalence,13295
2022,GA,Walker,13295,Mammography use among women aged 50-74 years,75.7,Crude prevalence,13295
2022,GA,Walton,13297,Mammography use among women aged 50-74 years,74.5,Age-adjusted prevalence,13297
2022,GA,Walton,13297,Mammography use among women aged 50-74 years,75.0,Crude prevalence,13297
2022,GA,Ware,13299,Mammography use among women aged 50-74 years,73.1,Age-adjusted prevalence,13299
2022,GA,Ware,13299,Mammography use among women aged 50-74 years,73.7,Crude prevalence,13299
2022,GA,Warren,13301,Mammography use among women aged 50-74 years,76.3,Age-adjusted prevalence,13301
2022,GA,Warren,13301,Mammography use among women aged 50-74 years,77.0,Crude prevalence,13301
2022,GA,Washington,13303,Mammography use among women aged 50-74 years,74.3,Age-adjusted prevalence,13303
2022,GA,Washington,13303,Mammography use among women aged 50-74 years,74.7,Crude prevalence,13303
2022,GA,Wayne,13305,Mammography use among women aged 50-74 years,69.9,Age-adjusted prevalence,13305
2022,GA,Wayne,13305,Mammography use among women aged 50-74 years,70.4,Crude prevalence,13305
2022,GA,Webster,13307,Mammography use among women aged 50-74 years,72.0,Age-adjusted prevalence,13307
2022,GA,Webster,13307,Mammography use among women aged 50-74 years,72.1,Crude prevalence,13307
2022,GA,Wheeler,13309,Mammography use among women aged 50-74 years,71.6,Age-adjusted prevalence,13309
2022,GA,Wheeler,13309,Mammography use among women aged 50-74 years,72.1,Crude prevalence,13309
2022,GA,White,13311,Mammography use among women aged 50-74 years,72.1,Age-adjusted prevalence,13311
2022,GA,White,13311,Mammography use among women aged 50-74 years,72.2,Crude prevalence,13311
2022,GA,Whitfield,13313,Mammography use among women aged 50-74 years,73.4,Age-adjusted prevalence,13313
2022,GA,Whitfield,13313,Mammography use among women aged 50-74 years,73.6,Crude prevalence,13313
2022,GA,Wilcox,13315,Mammography use among women aged 50-74 years,72.1,Age-adjusted prevalence,13315
2022,GA,Wilcox,13315,Mammography use among women aged 50-74 years,73.5,Crude prevalence,13315
2022,GA,Wilkes,13317,Mammography use among women aged 50-74 years,73.7,Age-adjusted prevalence,13317
2022,GA,Wilkes,13317,Mammography use among women aged 50-74 years,75.0,Crude prevalence,13317
2022,GA,Wilkinson,13319,Mammography use among women aged 50-74 years,74.5,Age-adjusted prevalence,13319
2022,GA,Wilkinson,13319,Mammography use among women aged 50-74 years,75.5,Crude prevalence,13319
2022,GA,Worth,13321,Mammography use among women aged 50-74 years,72.1,Age-adjusted prevalence,13321
2022,GA,Worth,13321,Mammography use among women aged 50-74 years,72.3,Crude prevalence,13321
2022,HI,Hawaii,15001,Mammography use among women aged 50-74 years,69.8,Age-adjusted prevalence,15001
2022,HI,Hawaii,15001,Mammography use among women aged 50-74 years,70.8,Crude prevalence,15001
2022,HI,Honolulu,15003,Mammography use among women aged 50-74 years,79.5,Age-adjusted prevalence,15003
2022,HI,Honolulu,15003,Mammography use among women aged 50-74 years,80.2,Crude prevalence,15003
2022,HI,Kalawao,15005,Mammography use among women aged 50-74 years,78.7,Age-adjusted prevalence,15005
2022,HI,Kalawao,15005,Mammography use among women aged 50-74 years,78.9,Crude prevalence,15005
2022,HI,Kauai,15007,Mammography use among women aged 50-74 years,73.4,Age-adjusted prevalence,15007
2022,HI,Kauai,15007,Mammography use among women aged 50-74 years,73.9,Crude prevalence,15007
2022,HI,Maui,15009,Mammography use among women aged 50-74 years,76.6,Age-adjusted prevalence,15009
2022,HI,Maui,15009,Mammography use among women aged 50-74 years,77.9,Crude prevalence,15009
2022,ID,Ada,16001,Mammography use among women aged 50-74 years,74.4,Age-adjusted prevalence,16001
2022,ID,Ada,16001,Mammography use among women aged 50-74 years,75.4,Crude prevalence,16001
2022,ID,Adams,16003,Mammography use among women aged 50-74 years,64.6,Age-adjusted prevalence,16003
2022,ID,Adams,16003,Mammography use among women aged 50-74 years,66.2,Crude prevalence,16003
2022,ID,Bannock,16005,Mammography use among women aged 50-74 years,69.9,Age-adjusted prevalence,16005
2022,ID,Bannock,16005,Mammography use among women aged 50-74 years,70.5,Crude prevalence,16005
2022,ID,Bear Lake,16007,Mammography use among women aged 50-74 years,72.4,Age-adjusted prevalence,16007
2022,ID,Bear Lake,16007,Mammography use among women aged 50-74 years,72.5,Crude prevalence,16007
2022,ID,Benewah,16009,Mammography use among women aged 50-74 years,65.8,Age-adjusted prevalence,16009
2022,ID,Benewah,16009,Mammography use among women aged 50-74 years,67.0,Crude prevalence,16009
2022,ID,Bingham,16011,Mammography use among women aged 50-74 years,65.5,Age-adjusted prevalence,16011
2022,ID,Bingham,16011,Mammography use among women aged 50-74 years,66.0,Crude prevalence,16011
2022,ID,Blaine,16013,Mammography use among women aged 50-74 years,72.1,Age-adjusted prevalence,16013
2022,ID,Blaine,16013,Mammography use among women aged 50-74 years,73.2,Crude prevalence,16013
2022,ID,Boise,16015,Mammography use among women aged 50-74 years,64.8,Age-adjusted prevalence,16015
2022,ID,Boise,16015,Mammography use among women aged 50-74 years,66.1,Crude prevalence,16015
2022,ID,Bonner,16017,Mammography use among women aged 50-74 years,67.6,Age-adjusted prevalence,16017
2022,ID,Bonner,16017,Mammography use among women aged 50-74 years,68.8,Crude prevalence,16017
2022,ID,Bonneville,16019,Mammography use among women aged 50-74 years,67.5,Age-adjusted prevalence,16019
2022,ID,Bonneville,16019,Mammography use among women aged 50-74 years,68.5,Crude prevalence,16019
2022,ID,Boundary,16021,Mammography use among women aged 50-74 years,63.5,Age-adjusted prevalence,16021
2022,ID,Boundary,16021,Mammography use among women aged 50-74 years,65.7,Crude prevalence,16021
2022,ID,Butte,16023,Mammography use among women aged 50-74 years,63.2,Age-adjusted prevalence,16023
2022,ID,Butte,16023,Mammography use among women aged 50-74 years,65.6,Crude prevalence,16023
2022,ID,Camas,16025,Mammography use among women aged 50-74 years,70.5,Age-adjusted prevalence,16025
2022,ID,Camas,16025,Mammography use among women aged 50-74 years,71.0,Crude prevalence,16025
2022,ID,Canyon,16027,Mammography use among women aged 50-74 years,60.7,Age-adjusted prevalence,16027
2022,ID,Canyon,16027,Mammography use among women aged 50-74 years,61.7,Crude prevalence,16027
2022,ID,Caribou,16029,Mammography use among women aged 50-74 years,66.1,Age-adjusted prevalence,16029
2022,ID,Caribou,16029,Mammography use among women aged 50-74 years,68.2,Crude prevalence,16029
2022,ID,Cassia,16031,Mammography use among women aged 50-74 years,66.0,Age-adjusted prevalence,16031
2022,ID,Cassia,16031,Mammography use among women aged 50-74 years,67.0,Crude prevalence,16031
2022,ID,Clark,16033,Mammography use among women aged 50-74 years,67.4,Age-adjusted prevalence,16033
2022,ID,Clark,16033,Mammography use among women aged 50-74 years,67.4,Crude prevalence,16033
2022,ID,Clearwater,16035,Mammography use among women aged 50-74 years,66.0,Age-adjusted prevalence,16035
2022,ID,Clearwater,16035,Mammography use among women aged 50-74 years,67.1,Crude prevalence,16035
2022,ID,Custer,16037,Mammography use among women aged 50-74 years,70.1,Age-adjusted prevalence,16037
2022,ID,Custer,16037,Mammography use among women aged 50-74 years,71.6,Crude prevalence,16037
2022,ID,Elmore,16039,Mammography use among women aged 50-74 years,67.8,Age-adjusted prevalence,16039
2022,ID,Elmore,16039,Mammography use among women aged 50-74 years,68.2,Crude prevalence,16039
2022,ID,Franklin,16041,Mammography use among women aged 50-74 years,65.0,Age-adjusted prevalence,16041
2022,ID,Franklin,16041,Mammography use among women aged 50-74 years,65.5,Crude prevalence,16041
2022,ID,Fremont,16043,Mammography use among women aged 50-74 years,62.2,Age-adjusted prevalence,16043
2022,ID,Fremont,16043,Mammography use among women aged 50-74 years,63.8,Crude prevalence,16043
2022,ID,Gem,16045,Mammography use among women aged 50-74 years,68.3,Age-adjusted prevalence,16045
2022,ID,Gem,16045,Mammography use among women aged 50-74 years,69.2,Crude prevalence,16045
2022,ID,Gooding,16047,Mammography use among women aged 50-74 years,66.1,Age-adjusted prevalence,16047
2022,ID,Gooding,16047,Mammography use among women aged 50-74 years,67.6,Crude prevalence,16047
2022,ID,Idaho,16049,Mammography use among women aged 50-74 years,63.6,Age-adjusted prevalence,16049
2022,ID,Idaho,16049,Mammography use among women aged 50-74 years,65.2,Crude prevalence,16049
2022,ID,Jefferson,16051,Mammography use among women aged 50-74 years,71.1,Age-adjusted prevalence,16051
2022,ID,Jefferson,16051,Mammography use among women aged 50-74 years,71.1,Crude prevalence,16051
2022,ID,Jerome,16053,Mammography use among women aged 50-74 years,67.4,Age-adjusted prevalence,16053
2022,ID,Jerome,16053,Mammography use among women aged 50-74 years,67.4,Crude prevalence,16053
2022,ID,Kootenai,16055,Mammography use among women aged 50-74 years,62.7,Age-adjusted prevalence,16055
2022,ID,Kootenai,16055,Mammography use among women aged 50-74 years,63.9,Crude prevalence,16055
2022,ID,Latah,16057,Mammography use among women aged 50-74 years,75.4,Age-adjusted prevalence,16057
2022,ID,Latah,16057,Mammography use among women aged 50-74 years,75.9,Crude prevalence,16057
2022,ID,Lemhi,16059,Mammography use among women aged 50-74 years,67.8,Age-adjusted prevalence,16059
2022,ID,Lemhi,16059,Mammography use among women aged 50-74 years,69.8,Crude prevalence,16059
2022,ID,Lewis,16061,Mammography use among women aged 50-74 years,67.8,Age-adjusted prevalence,16061
2022,ID,Lewis,16061,Mammography use among women aged 50-74 years,69.5,Crude prevalence,16061
2022,ID,Lincoln,16063,Mammography use among women aged 50-74 years,60.5,Age-adjusted prevalence,16063
2022,ID,Lincoln,16063,Mammography use among women aged 50-74 years,61.7,Crude prevalence,16063
2022,ID,Madison,16065,Mammography use among women aged 50-74 years,64.9,Age-adjusted prevalence,16065
2022,ID,Madison,16065,Mammography use among women aged 50-74 years,65.2,Crude prevalence,16065
2022,ID,Minidoka,16067,Mammography use among women aged 50-74 years,66.4,Age-adjusted prevalence,16067
2022,ID,Minidoka,16067,Mammography use among women aged 50-74 years,67.4,Crude prevalence,16067
2022,ID,Nez Perce,16069,Mammography use among women aged 50-74 years,71.3,Age-adjusted prevalence,16069
2022,ID,Nez Perce,16069,Mammography use among women aged 50-74 years,71.0,Crude prevalence,16069
2022,ID,Oneida,16071,Mammography use among women aged 50-74 years,64.7,Age-adjusted prevalence,16071
2022,ID,Oneida,16071,Mammography use among women aged 50-74 years,66.4,Crude prevalence,16071
2022,ID,Owyhee,16073,Mammography use among women aged 50-74 years,61.1,Age-adjusted prevalence,16073
2022,ID,Owyhee,16073,Mammography use among women aged 50-74 years,62.0,Crude prevalence,16073
2022,ID,Payette,16075,Mammography use among women aged 50-74 years,65.1,Age-adjusted prevalence,16075
2022,ID,Payette,16075,Mammography use among women aged 50-74 years,66.5,Crude prevalence,16075
2022,ID,Power,16077,Mammography use among women aged 50-74 years,64.3,Age-adjusted prevalence,16077
2022,ID,Power,16077,Mammography use among women aged 50-74 years,64.8,Crude prevalence,16077
2022,ID,Shoshone,16079,Mammography use among women aged 50-74 years,64.4,Age-adjusted prevalence,16079
2022,ID,Shoshone,16079,Mammography use among women aged 50-74 years,66.2,Crude prevalence,16079
2022,ID,Teton,16081,Mammography use among women aged 50-74 years,73.0,Age-adjusted prevalence,16081
2022,ID,Teton,16081,Mammography use among women aged 50-74 years,73.6,Crude prevalence,16081
2022,ID,Twin Falls,16083,Mammography use among women aged 50-74 years,67.4,Age-adjusted prevalence,16083
2022,ID,Twin Falls,16083,Mammography use among women aged 50-74 years,68.8,Crude prevalence,16083
2022,ID,Valley,16085,Mammography use among women aged 50-74 years,69.1,Age-adjusted prevalence,16085
2022,ID,Valley,16085,Mammography use among women aged 50-74 years,70.8,Crude prevalence,16085
2022,ID,Washington,16087,Mammography use among women aged 50-74 years,64.6,Age-adjusted prevalence,16087
2022,ID,Washington,16087,Mammography use among women aged 50-74 years,66.0,Crude prevalence,16087
2022,IL,Adams,17001,Mammography use among women aged 50-74 years,73.0,Age-adjusted prevalence,17001
2022,IL,Adams,17001,Mammography use among women aged 50-74 years,73.2,Crude prevalence,17001
2022,IL,Alexander,17003,Mammography use among women aged 50-74 years,69.9,Age-adjusted prevalence,17003
2022,IL,Alexander,17003,Mammography use among women aged 50-74 years,71.2,Crude prevalence,17003
2022,IL,Bond,17005,Mammography use among women aged 50-74 years,74.0,Age-adjusted prevalence,17005
2022,IL,Bond,17005,Mammography use among women aged 50-74 years,74.1,Crude prevalence,17005
2022,IL,Boone,17007,Mammography use among women aged 50-74 years,74.3,Age-adjusted prevalence,17007
2022,IL,Boone,17007,Mammography use among women aged 50-74 years,74.8,Crude prevalence,17007
2022,IL,Brown,17009,Mammography use among women aged 50-74 years,65.4,Age-adjusted prevalence,17009
2022,IL,Brown,17009,Mammography use among women aged 50-74 years,65.9,Crude prevalence,17009
2022,IL,Bureau,17011,Mammography use among women aged 50-74 years,72.1,Age-adjusted prevalence,17011
2022,IL,Bureau,17011,Mammography use among women aged 50-74 years,71.7,Crude prevalence,17011
2022,IL,Calhoun,17013,Mammography use among women aged 50-74 years,70.2,Age-adjusted prevalence,17013
2022,IL,Calhoun,17013,Mammography use among women aged 50-74 years,71.8,Crude prevalence,17013
2022,IL,Carroll,17015,Mammography use among women aged 50-74 years,70.9,Age-adjusted prevalence,17015
2022,IL,Carroll,17015,Mammography use among women aged 50-74 years,71.7,Crude prevalence,17015
2022,IL,Cass,17017,Mammography use among women aged 50-74 years,67.4,Age-adjusted prevalence,17017
2022,IL,Cass,17017,Mammography use among women aged 50-74 years,67.6,Crude prevalence,17017
2022,IL,Champaign,17019,Mammography use among women aged 50-74 years,74.3,Age-adjusted prevalence,17019
2022,IL,Champaign,17019,Mammography use among women aged 50-74 years,75.0,Crude prevalence,17019
2022,IL,Christian,17021,Mammography use among women aged 50-74 years,72.3,Age-adjusted prevalence,17021
2022,IL,Christian,17021,Mammography use among women aged 50-74 years,73.2,Crude prevalence,17021
2022,IL,Clark,17023,Mammography use among women aged 50-74 years,71.3,Age-adjusted prevalence,17023
2022,IL,Clark,17023,Mammography use among women aged 50-74 years,71.9,Crude prevalence,17023
2022,IL,Clay,17025,Mammography use among women aged 50-74 years,70.3,Age-adjusted prevalence,17025
2022,IL,Clay,17025,Mammography use among women aged 50-74 years,70.1,Crude prevalence,17025
2022,IL,Clinton,17027,Mammography use among women aged 50-74 years,76.3,Age-adjusted prevalence,17027
2022,IL,Clinton,17027,Mammography use among women aged 50-74 years,76.5,Crude prevalence,17027
2022,IL,Coles,17029,Mammography use among women aged 50-74 years,68.3,Age-adjusted prevalence,17029
2022,IL,Coles,17029,Mammography use among women aged 50-74 years,69.3,Crude prevalence,17029
2022,IL,Cook,17031,Mammography use among women aged 50-74 years,73.8,Age-adjusted prevalence,17031
2022,IL,Cook,17031,Mammography use among women aged 50-74 years,74.2,Crude prevalence,17031
2022,IL,Crawford,17033,Mammography use among women aged 50-74 years,70.2,Age-adjusted prevalence,17033
2022,IL,Crawford,17033,Mammography use among women aged 50-74 years,71.2,Crude prevalence,17033
2022,IL,Cumberland,17035,Mammography use among women aged 50-74 years,70.6,Age-adjusted prevalence,17035
2022,IL,Cumberland,17035,Mammography use among women aged 50-74 years,70.5,Crude prevalence,17035
2022,IL,DeKalb,17037,Mammography use among women aged 50-74 years,74.7,Age-adjusted prevalence,17037
2022,IL,DeKalb,17037,Mammography use among women aged 50-74 years,75.0,Crude prevalence,17037
2022,IL,De Witt,17039,Mammography use among women aged 50-74 years,70.9,Age-adjusted prevalence,17039
2022,IL,De Witt,17039,Mammography use among women aged 50-74 years,71.5,Crude prevalence,17039
2022,IL,Douglas,17041,Mammography use among women aged 50-74 years,73.1,Age-adjusted prevalence,17041
2022,IL,Douglas,17041,Mammography use among women aged 50-74 years,73.1,Crude prevalence,17041
2022,IL,DuPage,17043,Mammography use among women aged 50-74 years,75.4,Age-adjusted prevalence,17043
2022,IL,DuPage,17043,Mammography use among women aged 50-74 years,76.0,Crude prevalence,17043
2022,IL,Edgar,17045,Mammography use among women aged 50-74 years,69.8,Age-adjusted prevalence,17045
2022,IL,Edgar,17045,Mammography use among women aged 50-74 years,71.5,Crude prevalence,17045
2022,IL,Edwards,17047,Mammography use among women aged 50-74 years,68.8,Age-adjusted prevalence,17047
2022,IL,Edwards,17047,Mammography use among women aged 50-74 years,68.9,Crude prevalence,17047
2022,IL,Effingham,17049,Mammography use among women aged 50-74 years,71.9,Age-adjusted prevalence,17049
2022,IL,Effingham,17049,Mammography use among women aged 50-74 years,72.7,Crude prevalence,17049
2022,IL,Fayette,17051,Mammography use among women aged 50-74 years,69.2,Age-adjusted prevalence,17051
2022,IL,Fayette,17051,Mammography use among women aged 50-74 years,69.2,Crude prevalence,17051
2022,IL,Ford,17053,Mammography use among women aged 50-74 years,67.6,Age-adjusted prevalence,17053
2022,IL,Ford,17053,Mammography use among women aged 50-74 years,68.5,Crude prevalence,17053
2022,IL,Franklin,17055,Mammography use among women aged 50-74 years,63.3,Age-adjusted prevalence,17055
2022,IL,Franklin,17055,Mammography use among women aged 50-74 years,64.1,Crude prevalence,17055
2022,IL,Fulton,17057,Mammography use among women aged 50-74 years,66.8,Age-adjusted prevalence,17057
2022,IL,Fulton,17057,Mammography use among women aged 50-74 years,67.9,Crude prevalence,17057
2022,IL,Gallatin,17059,Mammography use among women aged 50-74 years,69.9,Age-adjusted prevalence,17059
2022,IL,Gallatin,17059,Mammography use among women aged 50-74 years,70.4,Crude prevalence,17059
2022,IL,Greene,17061,Mammography use among women aged 50-74 years,71.1,Age-adjusted prevalence,17061
2022,IL,Greene,17061,Mammography use among women aged 50-74 years,71.0,Crude prevalence,17061
2022,IL,Grundy,17063,Mammography use among women aged 50-74 years,74.7,Age-adjusted prevalence,17063
2022,IL,Grundy,17063,Mammography use among women aged 50-74 years,74.7,Crude prevalence,17063
2022,IL,Hamilton,17065,Mammography use among women aged 50-74 years,71.2,Age-adjusted prevalence,17065
2022,IL,Hamilton,17065,Mammography use among women aged 50-74 years,71.8,Crude prevalence,17065
2022,IL,Hancock,17067,Mammography use among women aged 50-74 years,69.4,Age-adjusted prevalence,17067
2022,IL,Hancock,17067,Mammography use among women aged 50-74 years,70.6,Crude prevalence,17067
2022,IL,Hardin,17069,Mammography use among women aged 50-74 years,68.3,Age-adjusted prevalence,17069
2022,IL,Hardin,17069,Mammography use among women aged 50-74 years,70.6,Crude prevalence,17069
2022,IL,Henderson,17071,Mammography use among women aged 50-74 years,69.8,Age-adjusted prevalence,17071
2022,IL,Henderson,17071,Mammography use among women aged 50-74 years,70.7,Crude prevalence,17071
2022,IL,Henry,17073,Mammography use among women aged 50-74 years,72.2,Age-adjusted prevalence,17073
2022,IL,Henry,17073,Mammography use among women aged 50-74 years,73.8,Crude prevalence,17073
2022,IL,Iroquois,17075,Mammography use among women aged 50-74 years,70.8,Age-adjusted prevalence,17075
2022,IL,Iroquois,17075,Mammography use among women aged 50-74 years,71.5,Crude prevalence,17075
2022,IL,Jackson,17077,Mammography use among women aged 50-74 years,69.6,Age-adjusted prevalence,17077
2022,IL,Jackson,17077,Mammography use among women aged 50-74 years,70.6,Crude prevalence,17077
2022,IL,Jasper,17079,Mammography use among women aged 50-74 years,70.5,Age-adjusted prevalence,17079
2022,IL,Jasper,17079,Mammography use among women aged 50-74 years,71.0,Crude prevalence,17079
2022,IL,Jefferson,17081,Mammography use among women aged 50-74 years,70.5,Age-adjusted prevalence,17081
2022,IL,Jefferson,17081,Mammography use among women aged 50-74 years,71.5,Crude prevalence,17081
2022,IL,Jersey,17083,Mammography use among women aged 50-74 years,73.1,Age-adjusted prevalence,17083
2022,IL,Jersey,17083,Mammography use among women aged 50-74 years,74.0,Crude prevalence,17083
2022,IL,Jo Daviess,17085,Mammography use among women aged 50-74 years,70.2,Age-adjusted prevalence,17085
2022,IL,Jo Daviess,17085,Mammography use among women aged 50-74 years,70.4,Crude prevalence,17085
2022,IL,Johnson,17087,Mammography use among women aged 50-74 years,64.4,Age-adjusted prevalence,17087
2022,IL,Johnson,17087,Mammography use among women aged 50-74 years,64.8,Crude prevalence,17087
2022,IL,Kane,17089,Mammography use among women aged 50-74 years,73.0,Age-adjusted prevalence,17089
2022,IL,Kane,17089,Mammography use among women aged 50-74 years,73.1,Crude prevalence,17089
2022,IL,Kankakee,17091,Mammography use among women aged 50-74 years,69.8,Age-adjusted prevalence,17091
2022,IL,Kankakee,17091,Mammography use among women aged 50-74 years,69.9,Crude prevalence,17091
2022,IL,Kendall,17093,Mammography use among women aged 50-74 years,75.7,Age-adjusted prevalence,17093
2022,IL,Kendall,17093,Mammography use among women aged 50-74 years,75.7,Crude prevalence,17093
2022,IL,Knox,17095,Mammography use among women aged 50-74 years,65.9,Age-adjusted prevalence,17095
2022,IL,Knox,17095,Mammography use among women aged 50-74 years,67.6,Crude prevalence,17095
2022,IL,Lake,17097,Mammography use among women aged 50-74 years,75.1,Age-adjusted prevalence,17097
2022,IL,Lake,17097,Mammography use among women aged 50-74 years,75.5,Crude prevalence,17097
2022,IL,LaSalle,17099,Mammography use among women aged 50-74 years,74.7,Age-adjusted prevalence,17099
2022,IL,LaSalle,17099,Mammography use among women aged 50-74 years,74.7,Crude prevalence,17099
2022,IL,Lawrence,17101,Mammography use among women aged 50-74 years,63.1,Age-adjusted prevalence,17101
2022,IL,Lawrence,17101,Mammography use among women aged 50-74 years,64.6,Crude prevalence,17101
2022,IL,Lee,17103,Mammography use among women aged 50-74 years,71.0,Age-adjusted prevalence,17103
2022,IL,Lee,17103,Mammography use among women aged 50-74 years,71.7,Crude prevalence,17103
2022,IL,Livingston,17105,Mammography use among women aged 50-74 years,67.8,Age-adjusted prevalence,17105
2022,IL,Livingston,17105,Mammography use among women aged 50-74 years,67.8,Crude prevalence,17105
2022,IL,Logan,17107,Mammography use among women aged 50-74 years,72.7,Age-adjusted prevalence,17107
2022,IL,Logan,17107,Mammography use among women aged 50-74 years,73.5,Crude prevalence,17107
2022,IL,McDonough,17109,Mammography use among women aged 50-74 years,71.2,Age-adjusted prevalence,17109
2022,IL,McDonough,17109,Mammography use among women aged 50-74 years,71.8,Crude prevalence,17109
2022,IL,McHenry,17111,Mammography use among women aged 50-74 years,75.5,Age-adjusted prevalence,17111
2022,IL,McHenry,17111,Mammography use among women aged 50-74 years,75.9,Crude prevalence,17111
2022,IL,McLean,17113,Mammography use among women aged 50-74 years,74.3,Age-adjusted prevalence,17113
2022,IL,McLean,17113,Mammography use among women aged 50-74 years,74.5,Crude prevalence,17113
2022,IL,Macon,17115,Mammography use among women aged 50-74 years,70.5,Age-adjusted prevalence,17115
2022,IL,Macon,17115,Mammography use among women aged 50-74 years,70.4,Crude prevalence,17115
2022,IL,Macoupin,17117,Mammography use among women aged 50-74 years,69.9,Age-adjusted prevalence,17117
2022,IL,Macoupin,17117,Mammography use among women aged 50-74 years,71.0,Crude prevalence,17117
2022,IL,Madison,17119,Mammography use among women aged 50-74 years,73.6,Age-adjusted prevalence,17119
2022,IL,Madison,17119,Mammography use among women aged 50-74 years,74.0,Crude prevalence,17119
2022,IL,Marion,17121,Mammography use among women aged 50-74 years,68.3,Age-adjusted prevalence,17121
2022,IL,Marion,17121,Mammography use among women aged 50-74 years,69.3,Crude prevalence,17121
2022,IL,Marshall,17123,Mammography use among women aged 50-74 years,67.3,Age-adjusted prevalence,17123
2022,IL,Marshall,17123,Mammography use among women aged 50-74 years,68.3,Crude prevalence,17123
2022,IL,Mason,17125,Mammography use among women aged 50-74 years,69.8,Age-adjusted prevalence,17125
2022,IL,Mason,17125,Mammography use among women aged 50-74 years,71.1,Crude prevalence,17125
2022,IL,Massac,17127,Mammography use among women aged 50-74 years,70.0,Age-adjusted prevalence,17127
2022,IL,Massac,17127,Mammography use among women aged 50-74 years,70.6,Crude prevalence,17127
2022,IL,Menard,17129,Mammography use among women aged 50-74 years,71.9,Age-adjusted prevalence,17129
2022,IL,Menard,17129,Mammography use among women aged 50-74 years,72.6,Crude prevalence,17129
2022,IL,Mercer,17131,Mammography use among women aged 50-74 years,70.2,Age-adjusted prevalence,17131
2022,IL,Mercer,17131,Mammography use among women aged 50-74 years,71.2,Crude prevalence,17131
2022,IL,Monroe,17133,Mammography use among women aged 50-74 years,68.7,Age-adjusted prevalence,17133
2022,IL,Monroe,17133,Mammography use among women aged 50-74 years,68.9,Crude prevalence,17133
2022,IL,Montgomery,17135,Mammography use among women aged 50-74 years,65.9,Age-adjusted prevalence,17135
2022,IL,Montgomery,17135,Mammography use among women aged 50-74 years,66.6,Crude prevalence,17135
2022,IL,Morgan,17137,Mammography use among women aged 50-74 years,68.0,Age-adjusted prevalence,17137
2022,IL,Morgan,17137,Mammography use among women aged 50-74 years,68.7,Crude prevalence,17137
2022,IL,Moultrie,17139,Mammography use among women aged 50-74 years,67.6,Age-adjusted prevalence,17139
2022,IL,Moultrie,17139,Mammography use among women aged 50-74 years,67.9,Crude prevalence,17139
2022,IL,Ogle,17141,Mammography use among women aged 50-74 years,70.9,Age-adjusted prevalence,17141
2022,IL,Ogle,17141,Mammography use among women aged 50-74 years,71.4,Crude prevalence,17141
2022,IL,Peoria,17143,Mammography use among women aged 50-74 years,70.6,Age-adjusted prevalence,17143
2022,IL,Peoria,17143,Mammography use among women aged 50-74 years,70.2,Crude prevalence,17143
2022,IL,Perry,17145,Mammography use among women aged 50-74 years,70.0,Age-adjusted prevalence,17145
2022,IL,Perry,17145,Mammography use among women aged 50-74 years,70.8,Crude prevalence,17145
2022,IL,Piatt,17147,Mammography use among women aged 50-74 years,72.6,Age-adjusted prevalence,17147
2022,IL,Piatt,17147,Mammography use among women aged 50-74 years,73.1,Crude prevalence,17147
2022,IL,Pike,17149,Mammography use among women aged 50-74 years,69.5,Age-adjusted prevalence,17149
2022,IL,Pike,17149,Mammography use among women aged 50-74 years,70.2,Crude prevalence,17149
2022,IL,Pope,17151,Mammography use among women aged 50-74 years,67.2,Age-adjusted prevalence,17151
2022,IL,Pope,17151,Mammography use among women aged 50-74 years,67.6,Crude prevalence,17151
2022,IL,Pulaski,17153,Mammography use among women aged 50-74 years,66.5,Age-adjusted prevalence,17153
2022,IL,Pulaski,17153,Mammography use among women aged 50-74 years,67.0,Crude prevalence,17153
2022,IL,Putnam,17155,Mammography use among women aged 50-74 years,72.3,Age-adjusted prevalence,17155
2022,IL,Putnam,17155,Mammography use among women aged 50-74 years,73.0,Crude prevalence,17155
2022,IL,Randolph,17157,Mammography use among women aged 50-74 years,70.9,Age-adjusted prevalence,17157
2022,IL,Randolph,17157,Mammography use among women aged 50-74 years,72.4,Crude prevalence,17157
2022,IL,Richland,17159,Mammography use among women aged 50-74 years,72.0,Age-adjusted prevalence,17159
2022,IL,Richland,17159,Mammography use among women aged 50-74 years,72.0,Crude prevalence,17159
2022,IL,Rock Island,17161,Mammography use among women aged 50-74 years,71.2,Age-adjusted prevalence,17161
2022,IL,Rock Island,17161,Mammography use among women aged 50-74 years,71.4,Crude prevalence,17161
2022,IL,St. Clair,17163,Mammography use among women aged 50-74 years,75.7,Age-adjusted prevalence,17163
2022,IL,St. Clair,17163,Mammography use among women aged 50-74 years,76.5,Crude prevalence,17163
2022,IL,Saline,17165,Mammography use among women aged 50-74 years,65.4,Age-adjusted prevalence,17165
2022,IL,Saline,17165,Mammography use among women aged 50-74 years,67.0,Crude prevalence,17165
2022,IL,Sangamon,17167,Mammography use among women aged 50-74 years,72.4,Age-adjusted prevalence,17167
2022,IL,Sangamon,17167,Mammography use among women aged 50-74 years,72.8,Crude prevalence,17167
2022,IL,Schuyler,17169,Mammography use among women aged 50-74 years,63.9,Age-adjusted prevalence,17169
2022,IL,Schuyler,17169,Mammography use among women aged 50-74 years,66.2,Crude prevalence,17169
2022,IL,Scott,17171,Mammography use among women aged 50-74 years,68.6,Age-adjusted prevalence,17171
2022,IL,Scott,17171,Mammography use among women aged 50-74 years,70.5,Crude prevalence,17171
2022,IL,Shelby,17173,Mammography use among women aged 50-74 years,72.9,Age-adjusted prevalence,17173
2022,IL,Shelby,17173,Mammography use among women aged 50-74 years,74.2,Crude prevalence,17173
2022,IL,Stark,17175,Mammography use among women aged 50-74 years,70.2,Age-adjusted prevalence,17175
2022,IL,Stark,17175,Mammography use among women aged 50-74 years,71.3,Crude prevalence,17175
2022,IL,Stephenson,17177,Mammography use among women aged 50-74 years,73.9,Age-adjusted prevalence,17177
2022,IL,Stephenson,17177,Mammography use among women aged 50-74 years,73.7,Crude prevalence,17177
2022,IL,Tazewell,17179,Mammography use among women aged 50-74 years,71.9,Age-adjusted prevalence,17179
2022,IL,Tazewell,17179,Mammography use among women aged 50-74 years,71.4,Crude prevalence,17179
2022,IL,Union,17181,Mammography use among women aged 50-74 years,71.5,Age-adjusted prevalence,17181
2022,IL,Union,17181,Mammography use among women aged 50-74 years,71.7,Crude prevalence,17181
2022,IL,Vermilion,17183,Mammography use among women aged 50-74 years,69.9,Age-adjusted prevalence,17183
2022,IL,Vermilion,17183,Mammography use among women aged 50-74 years,71.1,Crude prevalence,17183
2022,IL,Wabash,17185,Mammography use among women aged 50-74 years,70.8,Age-adjusted prevalence,17185
2022,IL,Wabash,17185,Mammography use among women aged 50-74 years,71.8,Crude prevalence,17185
2022,IL,Warren,17187,Mammography use among women aged 50-74 years,73.9,Age-adjusted prevalence,17187
2022,IL,Warren,17187,Mammography use among women aged 50-74 years,73.9,Crude prevalence,17187
2022,IL,Washington,17189,Mammography use among women aged 50-74 years,73.4,Age-adjusted prevalence,17189
2022,IL,Washington,17189,Mammography use among women aged 50-74 years,74.3,Crude prevalence,17189
2022,IL,Wayne,17191,Mammography use among women aged 50-74 years,68.3,Age-adjusted prevalence,17191
2022,IL,Wayne,17191,Mammography use among women aged 50-74 years,68.8,Crude prevalence,17191
2022,IL,White,17193,Mammography use among women aged 50-74 years,70.1,Age-adjusted prevalence,17193
2022,IL,White,17193,Mammography use among women aged 50-74 years,71.1,Crude prevalence,17193
2022,IL,Whiteside,17195,Mammography use among women aged 50-74 years,70.4,Age-adjusted prevalence,17195
2022,IL,Whiteside,17195,Mammography use among women aged 50-74 years,71.6,Crude prevalence,17195
2022,IL,Will,17197,Mammography use among women aged 50-74 years,68.3,Age-adjusted prevalence,17197
2022,IL,Will,17197,Mammography use among women aged 50-74 years,68.8,Crude prevalence,17197
2022,IL,Williamson,17199,Mammography use among women aged 50-74 years,70.2,Age-adjusted prevalence,17199
2022,IL,Williamson,17199,Mammography use among women aged 50-74 years,70.8,Crude prevalence,17199
2022,IL,Winnebago,17201,Mammography use among women aged 50-74 years,70.4,Age-adjusted prevalence,17201
2022,IL,Winnebago,17201,Mammography use among women aged 50-74 years,71.4,Crude prevalence,17201
2022,IL,Woodford,17203,Mammography use among women aged 50-74 years,74.5,Age-adjusted prevalence,17203
2022,IL,Woodford,17203,Mammography use among women aged 50-74 years,75.9,Crude prevalence,17203
2022,IN,Adams,18001,Mammography use among women aged 50-74 years,72.1,Age-adjusted prevalence,18001
2022,IN,Adams,18001,Mammography use among women aged 50-74 years,72.3,Crude prevalence,18001
2022,IN,Allen,18003,Mammography use among women aged 50-74 years,73.8,Age-adjusted prevalence,18003
2022,IN,Allen,18003,Mammography use among women aged 50-74 years,74.2,Crude prevalence,18003
2022,IN,Bartholomew,18005,Mammography use among women aged 50-74 years,75.3,Age-adjusted prevalence,18005
2022,IN,Bartholomew,18005,Mammography use among women aged 50-74 years,76.1,Crude prevalence,18005
2022,IN,Benton,18007,Mammography use among women aged 50-74 years,73.4,Age-adjusted prevalence,18007
2022,IN,Benton,18007,Mammography use among women aged 50-74 years,74.1,Crude prevalence,18007
2022,IN,Blackford,18009,Mammography use among women aged 50-74 years,72.3,Age-adjusted prevalence,18009
2022,IN,Blackford,18009,Mammography use among women aged 50-74 years,72.9,Crude prevalence,18009
2022,IN,Boone,18011,Mammography use among women aged 50-74 years,80.4,Age-adjusted prevalence,18011
2022,IN,Boone,18011,Mammography use among women aged 50-74 years,80.6,Crude prevalence,18011
2022,IN,Brown,18013,Mammography use among women aged 50-74 years,78.0,Age-adjusted prevalence,18013
2022,IN,Brown,18013,Mammography use among women aged 50-74 years,78.9,Crude prevalence,18013
2022,IN,Carroll,18015,Mammography use among women aged 50-74 years,75.9,Age-adjusted prevalence,18015
2022,IN,Carroll,18015,Mammography use among women aged 50-74 years,75.7,Crude prevalence,18015
2022,IN,Cass,18017,Mammography use among women aged 50-74 years,72.2,Age-adjusted prevalence,18017
2022,IN,Cass,18017,Mammography use among women aged 50-74 years,73.2,Crude prevalence,18017
2022,IN,Clark,18019,Mammography use among women aged 50-74 years,77.8,Age-adjusted prevalence,18019
2022,IN,Clark,18019,Mammography use among women aged 50-74 years,78.5,Crude prevalence,18019
2022,IN,Clay,18021,Mammography use among women aged 50-74 years,75.3,Age-adjusted prevalence,18021
2022,IN,Clay,18021,Mammography use among women aged 50-74 years,76.3,Crude prevalence,18021
2022,IN,Clinton,18023,Mammography use among women aged 50-74 years,73.1,Age-adjusted prevalence,18023
2022,IN,Clinton,18023,Mammography use among women aged 50-74 years,73.0,Crude prevalence,18023
2022,IN,Crawford,18025,Mammography use among women aged 50-74 years,70.4,Age-adjusted prevalence,18025
2022,IN,Crawford,18025,Mammography use among women aged 50-74 years,71.1,Crude prevalence,18025
2022,IN,Daviess,18027,Mammography use among women aged 50-74 years,71.4,Age-adjusted prevalence,18027
2022,IN,Daviess,18027,Mammography use among women aged 50-74 years,71.5,Crude prevalence,18027
2022,IN,Dearborn,18029,Mammography use among women aged 50-74 years,72.4,Age-adjusted prevalence,18029
2022,IN,Dearborn,18029,Mammography use among women aged 50-74 years,73.1,Crude prevalence,18029
2022,IN,Decatur,18031,Mammography use among women aged 50-74 years,74.3,Age-adjusted prevalence,18031
2022,IN,Decatur,18031,Mammography use among women aged 50-74 years,75.3,Crude prevalence,18031
2022,IN,DeKalb,18033,Mammography use among women aged 50-74 years,70.9,Age-adjusted prevalence,18033
2022,IN,DeKalb,18033,Mammography use among women aged 50-74 years,72.2,Crude prevalence,18033
2022,IN,Delaware,18035,Mammography use among women aged 50-74 years,71.4,Age-adjusted prevalence,18035
2022,IN,Delaware,18035,Mammography use among women aged 50-74 years,72.0,Crude prevalence,18035
2022,IN,Dubois,18037,Mammography use among women aged 50-74 years,75.7,Age-adjusted prevalence,18037
2022,IN,Dubois,18037,Mammography use among women aged 50-74 years,76.5,Crude prevalence,18037
2022,IN,Elkhart,18039,Mammography use among women aged 50-74 years,74.7,Age-adjusted prevalence,18039
2022,IN,Elkhart,18039,Mammography use among women aged 50-74 years,75.2,Crude prevalence,18039
2022,IN,Fayette,18041,Mammography use among women aged 50-74 years,72.0,Age-adjusted prevalence,18041
2022,IN,Fayette,18041,Mammography use among women aged 50-74 years,72.9,Crude prevalence,18041
2022,IN,Floyd,18043,Mammography use among women aged 50-74 years,76.5,Age-adjusted prevalence,18043
2022,IN,Floyd,18043,Mammography use among women aged 50-74 years,76.8,Crude prevalence,18043
2022,IN,Fountain,18045,Mammography use among women aged 50-74 years,67.6,Age-adjusted prevalence,18045
2022,IN,Fountain,18045,Mammography use among women aged 50-74 years,68.6,Crude prevalence,18045
2022,IN,Franklin,18047,Mammography use among women aged 50-74 years,77.4,Age-adjusted prevalence,18047
2022,IN,Franklin,18047,Mammography use among women aged 50-74 years,78.2,Crude prevalence,18047
2022,IN,Fulton,18049,Mammography use among women aged 50-74 years,75.9,Age-adjusted prevalence,18049
2022,IN,Fulton,18049,Mammography use among women aged 50-74 years,77.1,Crude prevalence,18049
2022,IN,Gibson,18051,Mammography use among women aged 50-74 years,75.8,Age-adjusted prevalence,18051
2022,IN,Gibson,18051,Mammography use among women aged 50-74 years,75.9,Crude prevalence,18051
2022,IN,Grant,18053,Mammography use among women aged 50-74 years,73.6,Age-adjusted prevalence,18053
2022,IN,Grant,18053,Mammography use among women aged 50-74 years,74.5,Crude prevalence,18053
2022,IN,Greene,18055,Mammography use among women aged 50-74 years,73.9,Age-adjusted prevalence,18055
2022,IN,Greene,18055,Mammography use among women aged 50-74 years,74.5,Crude prevalence,18055
2022,IN,Hamilton,18057,Mammography use among women aged 50-74 years,77.4,Age-adjusted prevalence,18057
2022,IN,Hamilton,18057,Mammography use among women aged 50-74 years,77.7,Crude prevalence,18057
2022,IN,Hancock,18059,Mammography use among women aged 50-74 years,76.5,Age-adjusted prevalence,18059
2022,IN,Hancock,18059,Mammography use among women aged 50-74 years,76.9,Crude prevalence,18059
2022,IN,Harrison,18061,Mammography use among women aged 50-74 years,76.1,Age-adjusted prevalence,18061
2022,IN,Harrison,18061,Mammography use among women aged 50-74 years,76.8,Crude prevalence,18061
2022,IN,Hendricks,18063,Mammography use among women aged 50-74 years,77.8,Age-adjusted prevalence,18063
2022,IN,Hendricks,18063,Mammography use among women aged 50-74 years,78.3,Crude prevalence,18063
2022,IN,Henry,18065,Mammography use among women aged 50-74 years,73.0,Age-adjusted prevalence,18065
2022,IN,Henry,18065,Mammography use among women aged 50-74 years,74.6,Crude prevalence,18065
2022,IN,Howard,18067,Mammography use among women aged 50-74 years,74.1,Age-adjusted prevalence,18067
2022,IN,Howard,18067,Mammography use among women aged 50-74 years,74.9,Crude prevalence,18067
2022,IN,Huntington,18069,Mammography use among women aged 50-74 years,72.8,Age-adjusted prevalence,18069
2022,IN,Huntington,18069,Mammography use among women aged 50-74 years,73.6,Crude prevalence,18069
2022,IN,Jackson,18071,Mammography use among women aged 50-74 years,74.4,Age-adjusted prevalence,18071
2022,IN,Jackson,18071,Mammography use among women aged 50-74 years,75.5,Crude prevalence,18071
2022,IN,Jasper,18073,Mammography use among women aged 50-74 years,74.5,Age-adjusted prevalence,18073
2022,IN,Jasper,18073,Mammography use among women aged 50-74 years,75.0,Crude prevalence,18073
2022,IN,Jay,18075,Mammography use among women aged 50-74 years,72.3,Age-adjusted prevalence,18075
2022,IN,Jay,18075,Mammography use among women aged 50-74 years,71.9,Crude prevalence,18075
2022,IN,Jefferson,18077,Mammography use among women aged 50-74 years,75.6,Age-adjusted prevalence,18077
2022,IN,Jefferson,18077,Mammography use among women aged 50-74 years,75.8,Crude prevalence,18077
2022,IN,Jennings,18079,Mammography use among women aged 50-74 years,71.8,Age-adjusted prevalence,18079
2022,IN,Jennings,18079,Mammography use among women aged 50-74 years,72.2,Crude prevalence,18079
2022,IN,Johnson,18081,Mammography use among women aged 50-74 years,77.3,Age-adjusted prevalence,18081
2022,IN,Johnson,18081,Mammography use among women aged 50-74 years,77.9,Crude prevalence,18081
2022,IN,Knox,18083,Mammography use among women aged 50-74 years,77.9,Age-adjusted prevalence,18083
2022,IN,Knox,18083,Mammography use among women aged 50-74 years,78.1,Crude prevalence,18083
2022,IN,Kosciusko,18085,Mammography use among women aged 50-74 years,77.2,Age-adjusted prevalence,18085
2022,IN,Kosciusko,18085,Mammography use among women aged 50-74 years,77.2,Crude prevalence,18085
2022,IN,LaGrange,18087,Mammography use among women aged 50-74 years,73.7,Age-adjusted prevalence,18087
2022,IN,LaGrange,18087,Mammography use among women aged 50-74 years,74.6,Crude prevalence,18087
2022,IN,Lake,18089,Mammography use among women aged 50-74 years,76.7,Age-adjusted prevalence,18089
2022,IN,Lake,18089,Mammography use among women aged 50-74 years,77.6,Crude prevalence,18089
2022,IN,LaPorte,18091,Mammography use among women aged 50-74 years,74.3,Age-adjusted prevalence,18091
2022,IN,LaPorte,18091,Mammography use among women aged 50-74 years,74.9,Crude prevalence,18091
2022,IN,Lawrence,18093,Mammography use among women aged 50-74 years,72.5,Age-adjusted prevalence,18093
2022,IN,Lawrence,18093,Mammography use among women aged 50-74 years,73.0,Crude prevalence,18093
2022,IN,Madison,18095,Mammography use among women aged 50-74 years,75.1,Age-adjusted prevalence,18095
2022,IN,Madison,18095,Mammography use among women aged 50-74 years,75.1,Crude prevalence,18095
2022,IN,Marion,18097,Mammography use among women aged 50-74 years,80.5,Age-adjusted prevalence,18097
2022,IN,Marion,18097,Mammography use among women aged 50-74 years,81.1,Crude prevalence,18097
2022,IN,Marshall,18099,Mammography use among women aged 50-74 years,70.5,Age-adjusted prevalence,18099
2022,IN,Marshall,18099,Mammography use among women aged 50-74 years,70.6,Crude prevalence,18099
2022,IN,Martin,18101,Mammography use among women aged 50-74 years,73.3,Age-adjusted prevalence,18101
2022,IN,Martin,18101,Mammography use among women aged 50-74 years,75.3,Crude prevalence,18101
2022,IN,Miami,18103,Mammography use among women aged 50-74 years,75.9,Age-adjusted prevalence,18103
2022,IN,Miami,18103,Mammography use among women aged 50-74 years,77.0,Crude prevalence,18103
2022,IN,Monroe,18105,Mammography use among women aged 50-74 years,76.3,Age-adjusted prevalence,18105
2022,IN,Monroe,18105,Mammography use among women aged 50-74 years,77.6,Crude prevalence,18105
2022,IN,Montgomery,18107,Mammography use among women aged 50-74 years,73.5,Age-adjusted prevalence,18107
2022,IN,Montgomery,18107,Mammography use among women aged 50-74 years,74.3,Crude prevalence,18107
2022,IN,Morgan,18109,Mammography use among women aged 50-74 years,75.8,Age-adjusted prevalence,18109
2022,IN,Morgan,18109,Mammography use among women aged 50-74 years,76.1,Crude prevalence,18109
2022,IN,Newton,18111,Mammography use among women aged 50-74 years,70.4,Age-adjusted prevalence,18111
2022,IN,Newton,18111,Mammography use among women aged 50-74 years,71.4,Crude prevalence,18111
2022,IN,Noble,18113,Mammography use among women aged 50-74 years,71.1,Age-adjusted prevalence,18113
2022,IN,Noble,18113,Mammography use among women aged 50-74 years,71.3,Crude prevalence,18113
2022,IN,Ohio,18115,Mammography use among women aged 50-74 years,74.8,Age-adjusted prevalence,18115
2022,IN,Ohio,18115,Mammography use among women aged 50-74 years,75.2,Crude prevalence,18115
2022,IN,Orange,18117,Mammography use among women aged 50-74 years,74.3,Age-adjusted prevalence,18117
2022,IN,Orange,18117,Mammography use among women aged 50-74 years,75.0,Crude prevalence,18117
2022,IN,Owen,18119,Mammography use among women aged 50-74 years,73.0,Age-adjusted prevalence,18119
2022,IN,Owen,18119,Mammography use among women aged 50-74 years,73.7,Crude prevalence,18119
2022,IN,Parke,18121,Mammography use among women aged 50-74 years,72.0,Age-adjusted prevalence,18121
2022,IN,Parke,18121,Mammography use among women aged 50-74 years,72.5,Crude prevalence,18121
2022,IN,Perry,18123,Mammography use among women aged 50-74 years,75.0,Age-adjusted prevalence,18123
2022,IN,Perry,18123,Mammography use among women aged 50-74 years,75.7,Crude prevalence,18123
2022,IN,Pike,18125,Mammography use among women aged 50-74 years,75.2,Age-adjusted prevalence,18125
2022,IN,Pike,18125,Mammography use among women aged 50-74 years,75.4,Crude prevalence,18125
2022,IN,Porter,18127,Mammography use among women aged 50-74 years,78.3,Age-adjusted prevalence,18127
2022,IN,Porter,18127,Mammography use among women aged 50-74 years,78.8,Crude prevalence,18127
2022,IN,Posey,18129,Mammography use among women aged 50-74 years,76.0,Age-adjusted prevalence,18129
2022,IN,Posey,18129,Mammography use among women aged 50-74 years,76.8,Crude prevalence,18129
2022,IN,Pulaski,18131,Mammography use among women aged 50-74 years,73.4,Age-adjusted prevalence,18131
2022,IN,Pulaski,18131,Mammography use among women aged 50-74 years,74.3,Crude prevalence,18131
2022,IN,Putnam,18133,Mammography use among women aged 50-74 years,74.9,Age-adjusted prevalence,18133
2022,IN,Putnam,18133,Mammography use among women aged 50-74 years,75.1,Crude prevalence,18133
2022,IN,Randolph,18135,Mammography use among women aged 50-74 years,73.3,Age-adjusted prevalence,18135
2022,IN,Randolph,18135,Mammography use among women aged 50-74 years,74.2,Crude prevalence,18135
2022,IN,Ripley,18137,Mammography use among women aged 50-74 years,74.9,Age-adjusted prevalence,18137
2022,IN,Ripley,18137,Mammography use among women aged 50-74 years,75.5,Crude prevalence,18137
2022,IN,Rush,18139,Mammography use among women aged 50-74 years,69.8,Age-adjusted prevalence,18139
2022,IN,Rush,18139,Mammography use among women aged 50-74 years,70.8,Crude prevalence,18139
2022,IN,St. Joseph,18141,Mammography use among women aged 50-74 years,72.0,Age-adjusted prevalence,18141
2022,IN,St. Joseph,18141,Mammography use among women aged 50-74 years,72.7,Crude prevalence,18141
2022,IN,Scott,18143,Mammography use among women aged 50-74 years,68.8,Age-adjusted prevalence,18143
2022,IN,Scott,18143,Mammography use among women aged 50-74 years,69.8,Crude prevalence,18143
2022,IN,Shelby,18145,Mammography use among women aged 50-74 years,74.1,Age-adjusted prevalence,18145
2022,IN,Shelby,18145,Mammography use among women aged 50-74 years,75.0,Crude prevalence,18145
2022,IN,Spencer,18147,Mammography use among women aged 50-74 years,77.4,Age-adjusted prevalence,18147
2022,IN,Spencer,18147,Mammography use among women aged 50-74 years,77.2,Crude prevalence,18147
2022,IN,Starke,18149,Mammography use among women aged 50-74 years,71.8,Age-adjusted prevalence,18149
2022,IN,Starke,18149,Mammography use among women aged 50-74 years,72.3,Crude prevalence,18149
2022,IN,Steuben,18151,Mammography use among women aged 50-74 years,73.8,Age-adjusted prevalence,18151
2022,IN,Steuben,18151,Mammography use among women aged 50-74 years,74.9,Crude prevalence,18151
2022,IN,Sullivan,18153,Mammography use among women aged 50-74 years,71.7,Age-adjusted prevalence,18153
2022,IN,Sullivan,18153,Mammography use among women aged 50-74 years,72.7,Crude prevalence,18153
2022,IN,Switzerland,18155,Mammography use among women aged 50-74 years,73.6,Age-adjusted prevalence,18155
2022,IN,Switzerland,18155,Mammography use among women aged 50-74 years,74.3,Crude prevalence,18155
2022,IN,Tippecanoe,18157,Mammography use among women aged 50-74 years,76.2,Age-adjusted prevalence,18157
2022,IN,Tippecanoe,18157,Mammography use among women aged 50-74 years,76.5,Crude prevalence,18157
2022,IN,Tipton,18159,Mammography use among women aged 50-74 years,74.7,Age-adjusted prevalence,18159
2022,IN,Tipton,18159,Mammography use among women aged 50-74 years,75.2,Crude prevalence,18159
2022,IN,Union,18161,Mammography use among women aged 50-74 years,73.3,Age-adjusted prevalence,18161
2022,IN,Union,18161,Mammography use among women aged 50-74 years,73.8,Crude prevalence,18161
2022,IN,Vanderburgh,18163,Mammography use among women aged 50-74 years,74.5,Age-adjusted prevalence,18163
2022,IN,Vanderburgh,18163,Mammography use among women aged 50-74 years,75.3,Crude prevalence,18163
2022,IN,Vermillion,18165,Mammography use among women aged 50-74 years,72.5,Age-adjusted prevalence,18165
2022,IN,Vermillion,18165,Mammography use among women aged 50-74 years,73.3,Crude prevalence,18165
2022,IN,Vigo,18167,Mammography use among women aged 50-74 years,74.8,Age-adjusted prevalence,18167
2022,IN,Vigo,18167,Mammography use among women aged 50-74 years,74.8,Crude prevalence,18167
2022,IN,Wabash,18169,Mammography use among women aged 50-74 years,70.4,Age-adjusted prevalence,18169
2022,IN,Wabash,18169,Mammography use among women aged 50-74 years,70.9,Crude prevalence,18169
2022,IN,Warren,18171,Mammography use among women aged 50-74 years,75.3,Age-adjusted prevalence,18171
2022,IN,Warren,18171,Mammography use among women aged 50-74 years,76.3,Crude prevalence,18171
2022,IN,Warrick,18173,Mammography use among women aged 50-74 years,77.9,Age-adjusted prevalence,18173
2022,IN,Warrick,18173,Mammography use among women aged 50-74 years,78.2,Crude prevalence,18173
2022,IN,Washington,18175,Mammography use among women aged 50-74 years,71.3,Age-adjusted prevalence,18175
2022,IN,Washington,18175,Mammography use among women aged 50-74 years,71.6,Crude prevalence,18175
2022,IN,Wayne,18177,Mammography use among women aged 50-74 years,72.6,Age-adjusted prevalence,18177
2022,IN,Wayne,18177,Mammography use among women aged 50-74 years,73.6,Crude prevalence,18177
2022,IN,Wells,18179,Mammography use among women aged 50-74 years,73.4,Age-adjusted prevalence,18179
2022,IN,Wells,18179,Mammography use among women aged 50-74 years,73.5,Crude prevalence,18179
2022,IN,White,18181,Mammography use among women aged 50-74 years,77.1,Age-adjusted prevalence,18181
2022,IN,White,18181,Mammography use among women aged 50-74 years,77.3,Crude prevalence,18181
2022,IN,Whitley,18183,Mammography use among women aged 50-74 years,73.2,Age-adjusted prevalence,18183
2022,IN,Whitley,18183,Mammography use among women aged 50-74 years,74.6,Crude prevalence,18183
2022,IA,Adair,19001,Mammography use among women aged 50-74 years,74.1,Age-adjusted prevalence,19001
2022,IA,Adair,19001,Mammography use among women aged 50-74 years,74.8,Crude prevalence,19001
2022,IA,Adams,19003,Mammography use among women aged 50-74 years,77.0,Age-adjusted prevalence,19003
2022,IA,Adams,19003,Mammography use among women aged 50-74 years,78.0,Crude prevalence,19003
2022,IA,Allamakee,19005,Mammography use among women aged 50-74 years,77.6,Age-adjusted prevalence,19005
2022,IA,Allamakee,19005,Mammography use among women aged 50-74 years,78.5,Crude prevalence,19005
2022,IA,Appanoose,19007,Mammography use among women aged 50-74 years,73.5,Age-adjusted prevalence,19007
2022,IA,Appanoose,19007,Mammography use among women aged 50-74 years,73.4,Crude prevalence,19007
2022,IA,Audubon,19009,Mammography use among women aged 50-74 years,74.4,Age-adjusted prevalence,19009
2022,IA,Audubon,19009,Mammography use among women aged 50-74 years,73.8,Crude prevalence,19009
2022,IA,Benton,19011,Mammography use among women aged 50-74 years,82.0,Age-adjusted prevalence,19011
2022,IA,Benton,19011,Mammography use among women aged 50-74 years,81.9,Crude prevalence,19011
2022,IA,Black Hawk,19013,Mammography use among women aged 50-74 years,78.2,Age-adjusted prevalence,19013
2022,IA,Black Hawk,19013,Mammography use among women aged 50-74 years,78.8,Crude prevalence,19013
2022,IA,Boone,19015,Mammography use among women aged 50-74 years,80.2,Age-adjusted prevalence,19015
2022,IA,Boone,19015,Mammography use among women aged 50-74 years,80.6,Crude prevalence,19015
2022,IA,Bremer,19017,Mammography use among women aged 50-74 years,80.1,Age-adjusted prevalence,19017
2022,IA,Bremer,19017,Mammography use among women aged 50-74 years,81.2,Crude prevalence,19017
2022,IA,Buchanan,19019,Mammography use among women aged 50-74 years,78.6,Age-adjusted prevalence,19019
2022,IA,Buchanan,19019,Mammography use among women aged 50-74 years,78.8,Crude prevalence,19019
2022,IA,Buena Vista,19021,Mammography use among women aged 50-74 years,77.9,Age-adjusted prevalence,19021
2022,IA,Buena Vista,19021,Mammography use among women aged 50-74 years,78.6,Crude prevalence,19021
2022,IA,Butler,19023,Mammography use among women aged 50-74 years,78.4,Age-adjusted prevalence,19023
2022,IA,Butler,19023,Mammography use among women aged 50-74 years,79.7,Crude prevalence,19023
2022,IA,Calhoun,19025,Mammography use among women aged 50-74 years,75.2,Age-adjusted prevalence,19025
2022,IA,Calhoun,19025,Mammography use among women aged 50-74 years,76.6,Crude prevalence,19025
2022,IA,Carroll,19027,Mammography use among women aged 50-74 years,79.6,Age-adjusted prevalence,19027
2022,IA,Carroll,19027,Mammography use among women aged 50-74 years,79.5,Crude prevalence,19027
2022,IA,Cass,19029,Mammography use among women aged 50-74 years,78.9,Age-adjusted prevalence,19029
2022,IA,Cass,19029,Mammography use among women aged 50-74 years,79.4,Crude prevalence,19029
2022,IA,Cedar,19031,Mammography use among women aged 50-74 years,80.5,Age-adjusted prevalence,19031
2022,IA,Cedar,19031,Mammography use among women aged 50-74 years,81.0,Crude prevalence,19031
2022,IA,Cerro Gordo,19033,Mammography use among women aged 50-74 years,77.7,Age-adjusted prevalence,19033
2022,IA,Cerro Gordo,19033,Mammography use among women aged 50-74 years,78.7,Crude prevalence,19033
2022,IA,Cherokee,19035,Mammography use among women aged 50-74 years,75.8,Age-adjusted prevalence,19035
2022,IA,Cherokee,19035,Mammography use among women aged 50-74 years,78.5,Crude prevalence,19035
2022,IA,Chickasaw,19037,Mammography use among women aged 50-74 years,79.7,Age-adjusted prevalence,19037
2022,IA,Chickasaw,19037,Mammography use among women aged 50-74 years,79.8,Crude prevalence,19037
2022,IA,Clarke,19039,Mammography use among women aged 50-74 years,74.4,Age-adjusted prevalence,19039
2022,IA,Clarke,19039,Mammography use among women aged 50-74 years,75.2,Crude prevalence,19039
2022,IA,Clay,19041,Mammography use among women aged 50-74 years,77.0,Age-adjusted prevalence,19041
2022,IA,Clay,19041,Mammography use among women aged 50-74 years,77.0,Crude prevalence,19041
2022,IA,Clayton,19043,Mammography use among women aged 50-74 years,74.5,Age-adjusted prevalence,19043
2022,IA,Clayton,19043,Mammography use among women aged 50-74 years,74.5,Crude prevalence,19043
2022,IA,Clinton,19045,Mammography use among women aged 50-74 years,77.9,Age-adjusted prevalence,19045
2022,IA,Clinton,19045,Mammography use among women aged 50-74 years,77.9,Crude prevalence,19045
2022,IA,Crawford,19047,Mammography use among women aged 50-74 years,78.9,Age-adjusted prevalence,19047
2022,IA,Crawford,19047,Mammography use among women aged 50-74 years,79.3,Crude prevalence,19047
2022,IA,Dallas,19049,Mammography use among women aged 50-74 years,79.1,Age-adjusted prevalence,19049
2022,IA,Dallas,19049,Mammography use among women aged 50-74 years,79.4,Crude prevalence,19049
2022,IA,Davis,19051,Mammography use among women aged 50-74 years,77.1,Age-adjusted prevalence,19051
2022,IA,Davis,19051,Mammography use among women aged 50-74 years,78.0,Crude prevalence,19051
2022,IA,Decatur,19053,Mammography use among women aged 50-74 years,73.4,Age-adjusted prevalence,19053
2022,IA,Decatur,19053,Mammography use among women aged 50-74 years,73.9,Crude prevalence,19053
2022,IA,Delaware,19055,Mammography use among women aged 50-74 years,80.3,Age-adjusted prevalence,19055
2022,IA,Delaware,19055,Mammography use among women aged 50-74 years,80.6,Crude prevalence,19055
2022,IA,Des Moines,19057,Mammography use among women aged 50-74 years,74.3,Age-adjusted prevalence,19057
2022,IA,Des Moines,19057,Mammography use among women aged 50-74 years,75.5,Crude prevalence,19057
2022,IA,Dickinson,19059,Mammography use among women aged 50-74 years,77.2,Age-adjusted prevalence,19059
2022,IA,Dickinson,19059,Mammography use among women aged 50-74 years,78.2,Crude prevalence,19059
2022,IA,Dubuque,19061,Mammography use among women aged 50-74 years,78.3,Age-adjusted prevalence,19061
2022,IA,Dubuque,19061,Mammography use among women aged 50-74 years,79.4,Crude prevalence,19061
2022,IA,Emmet,19063,Mammography use among women aged 50-74 years,79.7,Age-adjusted prevalence,19063
2022,IA,Emmet,19063,Mammography use among women aged 50-74 years,80.0,Crude prevalence,19063
2022,IA,Fayette,19065,Mammography use among women aged 50-74 years,74.0,Age-adjusted prevalence,19065
2022,IA,Fayette,19065,Mammography use among women aged 50-74 years,75.7,Crude prevalence,19065
2022,IA,Floyd,19067,Mammography use among women aged 50-74 years,76.6,Age-adjusted prevalence,19067
2022,IA,Floyd,19067,Mammography use among women aged 50-74 years,77.4,Crude prevalence,19067
2022,IA,Franklin,19069,Mammography use among women aged 50-74 years,76.9,Age-adjusted prevalence,19069
2022,IA,Franklin,19069,Mammography use among women aged 50-74 years,78.6,Crude prevalence,19069
2022,IA,Fremont,19071,Mammography use among women aged 50-74 years,77.3,Age-adjusted prevalence,19071
2022,IA,Fremont,19071,Mammography use among women aged 50-74 years,78.2,Crude prevalence,19071
2022,IA,Greene,19073,Mammography use among women aged 50-74 years,72.3,Age-adjusted prevalence,19073
2022,IA,Greene,19073,Mammography use among women aged 50-74 years,73.3,Crude prevalence,19073
2022,IA,Grundy,19075,Mammography use among women aged 50-74 years,82.0,Age-adjusted prevalence,19075
2022,IA,Grundy,19075,Mammography use among women aged 50-74 years,82.1,Crude prevalence,19075
2022,IA,Guthrie,19077,Mammography use among women aged 50-74 years,77.1,Age-adjusted prevalence,19077
2022,IA,Guthrie,19077,Mammography use among women aged 50-74 years,77.5,Crude prevalence,19077
2022,IA,Hamilton,19079,Mammography use among women aged 50-74 years,76.4,Age-adjusted prevalence,19079
2022,IA,Hamilton,19079,Mammography use among women aged 50-74 years,77.9,Crude prevalence,19079
2022,IA,Hancock,19081,Mammography use among women aged 50-74 years,77.1,Age-adjusted prevalence,19081
2022,IA,Hancock,19081,Mammography use among women aged 50-74 years,77.8,Crude prevalence,19081
2022,IA,Hardin,19083,Mammography use among women aged 50-74 years,77.2,Age-adjusted prevalence,19083
2022,IA,Hardin,19083,Mammography use among women aged 50-74 years,78.4,Crude prevalence,19083
2022,IA,Harrison,19085,Mammography use among women aged 50-74 years,79.5,Age-adjusted prevalence,19085
2022,IA,Harrison,19085,Mammography use among women aged 50-74 years,79.3,Crude prevalence,19085
2022,IA,Henry,19087,Mammography use among women aged 50-74 years,76.6,Age-adjusted prevalence,19087
2022,IA,Henry,19087,Mammography use among women aged 50-74 years,77.4,Crude prevalence,19087
2022,IA,Howard,19089,Mammography use among women aged 50-74 years,75.6,Age-adjusted prevalence,19089
2022,IA,Howard,19089,Mammography use among women aged 50-74 years,76.5,Crude prevalence,19089
2022,IA,Humboldt,19091,Mammography use among women aged 50-74 years,78.1,Age-adjusted prevalence,19091
2022,IA,Humboldt,19091,Mammography use among women aged 50-74 years,78.1,Crude prevalence,19091
2022,IA,Ida,19093,Mammography use among women aged 50-74 years,75.3,Age-adjusted prevalence,19093
2022,IA,Ida,19093,Mammography use among women aged 50-74 years,75.9,Crude prevalence,19093
2022,IA,Iowa,19095,Mammography use among women aged 50-74 years,76.7,Age-adjusted prevalence,19095
2022,IA,Iowa,19095,Mammography use among women aged 50-74 years,77.2,Crude prevalence,19095
2022,IA,Jackson,19097,Mammography use among women aged 50-74 years,74.4,Age-adjusted prevalence,19097
2022,IA,Jackson,19097,Mammography use among women aged 50-74 years,74.9,Crude prevalence,19097
2022,IA,Jasper,19099,Mammography use among women aged 50-74 years,76.1,Age-adjusted prevalence,19099
2022,IA,Jasper,19099,Mammography use among women aged 50-74 years,76.9,Crude prevalence,19099
2022,IA,Jefferson,19101,Mammography use among women aged 50-74 years,78.4,Age-adjusted prevalence,19101
2022,IA,Jefferson,19101,Mammography use among women aged 50-74 years,79.3,Crude prevalence,19101
2022,IA,Johnson,19103,Mammography use among women aged 50-74 years,81.6,Age-adjusted prevalence,19103
2022,IA,Johnson,19103,Mammography use among women aged 50-74 years,81.7,Crude prevalence,19103
2022,IA,Jones,19105,Mammography use among women aged 50-74 years,77.0,Age-adjusted prevalence,19105
2022,IA,Jones,19105,Mammography use among women aged 50-74 years,77.6,Crude prevalence,19105
2022,IA,Keokuk,19107,Mammography use among women aged 50-74 years,75.0,Age-adjusted prevalence,19107
2022,IA,Keokuk,19107,Mammography use among women aged 50-74 years,75.4,Crude prevalence,19107
2022,IA,Kossuth,19109,Mammography use among women aged 50-74 years,77.5,Age-adjusted prevalence,19109
2022,IA,Kossuth,19109,Mammography use among women aged 50-74 years,78.5,Crude prevalence,19109
2022,IA,Lee,19111,Mammography use among women aged 50-74 years,77.9,Age-adjusted prevalence,19111
2022,IA,Lee,19111,Mammography use among women aged 50-74 years,78.7,Crude prevalence,19111
2022,IA,Linn,19113,Mammography use among women aged 50-74 years,78.5,Age-adjusted prevalence,19113
2022,IA,Linn,19113,Mammography use among women aged 50-74 years,79.1,Crude prevalence,19113
2022,IA,Louisa,19115,Mammography use among women aged 50-74 years,80.9,Age-adjusted prevalence,19115
2022,IA,Louisa,19115,Mammography use among women aged 50-74 years,82.3,Crude prevalence,19115
2022,IA,Lucas,19117,Mammography use among women aged 50-74 years,80.8,Age-adjusted prevalence,19117
2022,IA,Lucas,19117,Mammography use among women aged 50-74 years,81.1,Crude prevalence,19117
2022,IA,Lyon,19119,Mammography use among women aged 50-74 years,78.8,Age-adjusted prevalence,19119
2022,IA,Lyon,19119,Mammography use among women aged 50-74 years,79.6,Crude prevalence,19119
2022,IA,Madison,19121,Mammography use among women aged 50-74 years,81.8,Age-adjusted prevalence,19121
2022,IA,Madison,19121,Mammography use among women aged 50-74 years,82.0,Crude prevalence,19121
2022,IA,Mahaska,19123,Mammography use among women aged 50-74 years,75.3,Age-adjusted prevalence,19123
2022,IA,Mahaska,19123,Mammography use among women aged 50-74 years,75.7,Crude prevalence,19123
2022,IA,Marion,19125,Mammography use among women aged 50-74 years,76.7,Age-adjusted prevalence,19125
2022,IA,Marion,19125,Mammography use among women aged 50-74 years,77.1,Crude prevalence,19125
2022,IA,Marshall,19127,Mammography use among women aged 50-74 years,74.5,Age-adjusted prevalence,19127
2022,IA,Marshall,19127,Mammography use among women aged 50-74 years,75.4,Crude prevalence,19127
2022,IA,Mills,19129,Mammography use among women aged 50-74 years,79.6,Age-adjusted prevalence,19129
2022,IA,Mills,19129,Mammography use among women aged 50-74 years,80.3,Crude prevalence,19129
2022,IA,Mitchell,19131,Mammography use among women aged 50-74 years,78.2,Age-adjusted prevalence,19131
2022,IA,Mitchell,19131,Mammography use among women aged 50-74 years,79.1,Crude prevalence,19131
2022,IA,Monona,19133,Mammography use among women aged 50-74 years,75.3,Age-adjusted prevalence,19133
2022,IA,Monona,19133,Mammography use among women aged 50-74 years,76.3,Crude prevalence,19133
2022,IA,Monroe,19135,Mammography use among women aged 50-74 years,79.4,Age-adjusted prevalence,19135
2022,IA,Monroe,19135,Mammography use among women aged 50-74 years,79.6,Crude prevalence,19135
2022,IA,Montgomery,19137,Mammography use among women aged 50-74 years,75.5,Age-adjusted prevalence,19137
2022,IA,Montgomery,19137,Mammography use among women aged 50-74 years,76.1,Crude prevalence,19137
2022,IA,Muscatine,19139,Mammography use among women aged 50-74 years,78.3,Age-adjusted prevalence,19139
2022,IA,Muscatine,19139,Mammography use among women aged 50-74 years,79.7,Crude prevalence,19139
2022,IA,O'Brien,19141,Mammography use among women aged 50-74 years,78.9,Age-adjusted prevalence,19141
2022,IA,O'Brien,19141,Mammography use among women aged 50-74 years,79.3,Crude prevalence,19141
2022,IA,Osceola,19143,Mammography use among women aged 50-74 years,80.2,Age-adjusted prevalence,19143
2022,IA,Osceola,19143,Mammography use among women aged 50-74 years,80.3,Crude prevalence,19143
2022,IA,Page,19145,Mammography use among women aged 50-74 years,76.4,Age-adjusted prevalence,19145
2022,IA,Page,19145,Mammography use among women aged 50-74 years,77.1,Crude prevalence,19145
2022,IA,Palo Alto,19147,Mammography use among women aged 50-74 years,78.3,Age-adjusted prevalence,19147
2022,IA,Palo Alto,19147,Mammography use among women aged 50-74 years,79.2,Crude prevalence,19147
2022,IA,Plymouth,19149,Mammography use among women aged 50-74 years,79.8,Age-adjusted prevalence,19149
2022,IA,Plymouth,19149,Mammography use among women aged 50-74 years,80.4,Crude prevalence,19149
2022,IA,Pocahontas,19151,Mammography use among women aged 50-74 years,80.7,Age-adjusted prevalence,19151
2022,IA,Pocahontas,19151,Mammography use among women aged 50-74 years,81.0,Crude prevalence,19151
2022,IA,Polk,19153,Mammography use among women aged 50-74 years,77.5,Age-adjusted prevalence,19153
2022,IA,Polk,19153,Mammography use among women aged 50-74 years,78.2,Crude prevalence,19153
2022,IA,Pottawattamie,19155,Mammography use among women aged 50-74 years,74.0,Age-adjusted prevalence,19155
2022,IA,Pottawattamie,19155,Mammography use among women aged 50-74 years,75.5,Crude prevalence,19155
2022,IA,Poweshiek,19157,Mammography use among women aged 50-74 years,75.9,Age-adjusted prevalence,19157
2022,IA,Poweshiek,19157,Mammography use among women aged 50-74 years,75.9,Crude prevalence,19157
2022,IA,Ringgold,19159,Mammography use among women aged 50-74 years,77.0,Age-adjusted prevalence,19159
2022,IA,Ringgold,19159,Mammography use among women aged 50-74 years,77.8,Crude prevalence,19159
2022,IA,Sac,19161,Mammography use among women aged 50-74 years,74.5,Age-adjusted prevalence,19161
2022,IA,Sac,19161,Mammography use among women aged 50-74 years,76.2,Crude prevalence,19161
2022,IA,Scott,19163,Mammography use among women aged 50-74 years,83.3,Age-adjusted prevalence,19163
2022,IA,Scott,19163,Mammography use among women aged 50-74 years,83.8,Crude prevalence,19163
2022,IA,Shelby,19165,Mammography use among women aged 50-74 years,74.7,Age-adjusted prevalence,19165
2022,IA,Shelby,19165,Mammography use among women aged 50-74 years,75.6,Crude prevalence,19165
2022,IA,Sioux,19167,Mammography use among women aged 50-74 years,80.1,Age-adjusted prevalence,19167
2022,IA,Sioux,19167,Mammography use among women aged 50-74 years,80.6,Crude prevalence,19167
2022,IA,Story,19169,Mammography use among women aged 50-74 years,79.3,Age-adjusted prevalence,19169
2022,IA,Story,19169,Mammography use among women aged 50-74 years,80.5,Crude prevalence,19169
2022,IA,Tama,19171,Mammography use among women aged 50-74 years,76.2,Age-adjusted prevalence,19171
2022,IA,Tama,19171,Mammography use among women aged 50-74 years,77.2,Crude prevalence,19171
2022,IA,Taylor,19173,Mammography use among women aged 50-74 years,78.1,Age-adjusted prevalence,19173
2022,IA,Taylor,19173,Mammography use among women aged 50-74 years,79.0,Crude prevalence,19173
2022,IA,Union,19175,Mammography use among women aged 50-74 years,76.8,Age-adjusted prevalence,19175
2022,IA,Union,19175,Mammography use among women aged 50-74 years,77.4,Crude prevalence,19175
2022,IA,Van Buren,19177,Mammography use among women aged 50-74 years,72.0,Age-adjusted prevalence,19177
2022,IA,Van Buren,19177,Mammography use among women aged 50-74 years,72.9,Crude prevalence,19177
2022,IA,Wapello,19179,Mammography use among women aged 50-74 years,71.9,Age-adjusted prevalence,19179
2022,IA,Wapello,19179,Mammography use among women aged 50-74 years,72.9,Crude prevalence,19179
2022,IA,Warren,19181,Mammography use among women aged 50-74 years,79.7,Age-adjusted prevalence,19181
2022,IA,Warren,19181,Mammography use among women aged 50-74 years,80.0,Crude prevalence,19181
2022,IA,Washington,19183,Mammography use among women aged 50-74 years,78.7,Age-adjusted prevalence,19183
2022,IA,Washington,19183,Mammography use among women aged 50-74 years,78.6,Crude prevalence,19183
2022,IA,Wayne,19185,Mammography use among women aged 50-74 years,74.5,Age-adjusted prevalence,19185
2022,IA,Wayne,19185,Mammography use among women aged 50-74 years,75.3,Crude prevalence,19185
2022,IA,Webster,19187,Mammography use among women aged 50-74 years,76.7,Age-adjusted prevalence,19187
2022,IA,Webster,19187,Mammography use among women aged 50-74 years,77.3,Crude prevalence,19187
2022,IA,Winnebago,19189,Mammography use among women aged 50-74 years,78.4,Age-adjusted prevalence,19189
2022,IA,Winnebago,19189,Mammography use among women aged 50-74 years,79.1,Crude prevalence,19189
2022,IA,Winneshiek,19191,Mammography use among women aged 50-74 years,77.6,Age-adjusted prevalence,19191
2022,IA,Winneshiek,19191,Mammography use among women aged 50-74 years,78.4,Crude prevalence,19191
2022,IA,Woodbury,19193,Mammography use among women aged 50-74 years,76.2,Age-adjusted prevalence,19193
2022,IA,Woodbury,19193,Mammography use among women aged 50-74 years,76.9,Crude prevalence,19193
2022,IA,Worth,19195,Mammography use among women aged 50-74 years,78.4,Age-adjusted prevalence,19195
2022,IA,Worth,19195,Mammography use among women aged 50-74 years,79.2,Crude prevalence,19195
2022,IA,Wright,19197,Mammography use among women aged 50-74 years,77.3,Age-adjusted prevalence,19197
2022,IA,Wright,19197,Mammography use among women aged 50-74 years,77.8,Crude prevalence,19197
2022,KS,Allen,20001,Mammography use among women aged 50-74 years,68.5,Age-adjusted prevalence,20001
2022,KS,Allen,20001,Mammography use among women aged 50-74 years,69.4,Crude prevalence,20001
2022,KS,Anderson,20003,Mammography use among women aged 50-74 years,71.0,Age-adjusted prevalence,20003
2022,KS,Anderson,20003,Mammography use among women aged 50-74 years,70.9,Crude prevalence,20003
2022,KS,Atchison,20005,Mammography use among women aged 50-74 years,68.9,Age-adjusted prevalence,20005
2022,KS,Atchison,20005,Mammography use among women aged 50-74 years,69.3,Crude prevalence,20005
2022,KS,Barber,20007,Mammography use among women aged 50-74 years,71.9,Age-adjusted prevalence,20007
2022,KS,Barber,20007,Mammography use among women aged 50-74 years,72.7,Crude prevalence,20007
2022,KS,Barton,20009,Mammography use among women aged 50-74 years,68.0,Age-adjusted prevalence,20009
2022,KS,Barton,20009,Mammography use among women aged 50-74 years,68.0,Crude prevalence,20009
2022,KS,Bourbon,20011,Mammography use among women aged 50-74 years,69.1,Age-adjusted prevalence,20011
2022,KS,Bourbon,20011,Mammography use among women aged 50-74 years,70.1,Crude prevalence,20011
2022,KS,Brown,20013,Mammography use among women aged 50-74 years,71.1,Age-adjusted prevalence,20013
2022,KS,Brown,20013,Mammography use among women aged 50-74 years,72.0,Crude prevalence,20013
2022,KS,Butler,20015,Mammography use among women aged 50-74 years,71.1,Age-adjusted prevalence,20015
2022,KS,Butler,20015,Mammography use among women aged 50-74 years,72.3,Crude prevalence,20015
2022,KS,Chase,20017,Mammography use among women aged 50-74 years,74.1,Age-adjusted prevalence,20017
2022,KS,Chase,20017,Mammography use among women aged 50-74 years,74.1,Crude prevalence,20017
2022,KS,Chautauqua,20019,Mammography use among women aged 50-74 years,69.1,Age-adjusted prevalence,20019
2022,KS,Chautauqua,20019,Mammography use among women aged 50-74 years,70.1,Crude prevalence,20019
2022,KS,Cherokee,20021,Mammography use among women aged 50-74 years,70.8,Age-adjusted prevalence,20021
2022,KS,Cherokee,20021,Mammography use among women aged 50-74 years,71.3,Crude prevalence,20021
2022,KS,Cheyenne,20023,Mammography use among women aged 50-74 years,70.8,Age-adjusted prevalence,20023
2022,KS,Cheyenne,20023,Mammography use among women aged 50-74 years,71.5,Crude prevalence,20023
2022,KS,Clark,20025,Mammography use among women aged 50-74 years,71.4,Age-adjusted prevalence,20025
2022,KS,Clark,20025,Mammography use among women aged 50-74 years,72.4,Crude prevalence,20025
2022,KS,Clay,20027,Mammography use among women aged 50-74 years,72.5,Age-adjusted prevalence,20027
2022,KS,Clay,20027,Mammography use among women aged 50-74 years,73.4,Crude prevalence,20027
2022,KS,Cloud,20029,Mammography use among women aged 50-74 years,72.6,Age-adjusted prevalence,20029
2022,KS,Cloud,20029,Mammography use among women aged 50-74 years,73.2,Crude prevalence,20029
2022,KS,Coffey,20031,Mammography use among women aged 50-74 years,67.4,Age-adjusted prevalence,20031
2022,KS,Coffey,20031,Mammography use among women aged 50-74 years,68.4,Crude prevalence,20031
2022,KS,Comanche,20033,Mammography use among women aged 50-74 years,76.4,Age-adjusted prevalence,20033
2022,KS,Comanche,20033,Mammography use among women aged 50-74 years,77.0,Crude prevalence,20033
2022,KS,Cowley,20035,Mammography use among women aged 50-74 years,65.5,Age-adjusted prevalence,20035
2022,KS,Cowley,20035,Mammography use among women aged 50-74 years,67.1,Crude prevalence,20035
2022,KS,Crawford,20037,Mammography use among women aged 50-74 years,69.9,Age-adjusted prevalence,20037
2022,KS,Crawford,20037,Mammography use among women aged 50-74 years,70.5,Crude prevalence,20037
2022,KS,Decatur,20039,Mammography use among women aged 50-74 years,70.1,Age-adjusted prevalence,20039
2022,KS,Decatur,20039,Mammography use among women aged 50-74 years,72.2,Crude prevalence,20039
2022,KS,Dickinson,20041,Mammography use among women aged 50-74 years,75.4,Age-adjusted prevalence,20041
2022,KS,Dickinson,20041,Mammography use among women aged 50-74 years,75.9,Crude prevalence,20041
2022,KS,Doniphan,20043,Mammography use among women aged 50-74 years,68.5,Age-adjusted prevalence,20043
2022,KS,Doniphan,20043,Mammography use among women aged 50-74 years,69.2,Crude prevalence,20043
2022,KS,Douglas,20045,Mammography use among women aged 50-74 years,75.3,Age-adjusted prevalence,20045
2022,KS,Douglas,20045,Mammography use among women aged 50-74 years,75.8,Crude prevalence,20045
2022,KS,Edwards,20047,Mammography use among women aged 50-74 years,68.7,Age-adjusted prevalence,20047
2022,KS,Edwards,20047,Mammography use among women aged 50-74 years,69.1,Crude prevalence,20047
2022,KS,Elk,20049,Mammography use among women aged 50-74 years,69.3,Age-adjusted prevalence,20049
2022,KS,Elk,20049,Mammography use among women aged 50-74 years,70.1,Crude prevalence,20049
2022,KS,Ellis,20051,Mammography use among women aged 50-74 years,75.9,Age-adjusted prevalence,20051
2022,KS,Ellis,20051,Mammography use among women aged 50-74 years,76.0,Crude prevalence,20051
2022,KS,Ellsworth,20053,Mammography use among women aged 50-74 years,70.8,Age-adjusted prevalence,20053
2022,KS,Ellsworth,20053,Mammography use among women aged 50-74 years,71.7,Crude prevalence,20053
2022,KS,Finney,20055,Mammography use among women aged 50-74 years,69.5,Age-adjusted prevalence,20055
2022,KS,Finney,20055,Mammography use among women aged 50-74 years,69.6,Crude prevalence,20055
2022,KS,Ford,20057,Mammography use among women aged 50-74 years,69.9,Age-adjusted prevalence,20057
2022,KS,Ford,20057,Mammography use among women aged 50-74 years,70.0,Crude prevalence,20057
2022,KS,Franklin,20059,Mammography use among women aged 50-74 years,74.5,Age-adjusted prevalence,20059
2022,KS,Franklin,20059,Mammography use among women aged 50-74 years,74.4,Crude prevalence,20059
2022,KS,Geary,20061,Mammography use among women aged 50-74 years,70.2,Age-adjusted prevalence,20061
2022,KS,Geary,20061,Mammography use among women aged 50-74 years,71.5,Crude prevalence,20061
2022,KS,Gove,20063,Mammography use among women aged 50-74 years,72.7,Age-adjusted prevalence,20063
2022,KS,Gove,20063,Mammography use among women aged 50-74 years,74.4,Crude prevalence,20063
2022,KS,Graham,20065,Mammography use among women aged 50-74 years,66.5,Age-adjusted prevalence,20065
2022,KS,Graham,20065,Mammography use among women aged 50-74 years,68.2,Crude prevalence,20065
2022,KS,Grant,20067,Mammography use among women aged 50-74 years,71.4,Age-adjusted prevalence,20067
2022,KS,Grant,20067,Mammography use among women aged 50-74 years,72.2,Crude prevalence,20067
2022,KS,Gray,20069,Mammography use among women aged 50-74 years,74.6,Age-adjusted prevalence,20069
2022,KS,Gray,20069,Mammography use among women aged 50-74 years,75.0,Crude prevalence,20069
2022,KS,Greeley,20071,Mammography use among women aged 50-74 years,72.4,Age-adjusted prevalence,20071
2022,KS,Greeley,20071,Mammography use among women aged 50-74 years,73.5,Crude prevalence,20071
2022,KS,Greenwood,20073,Mammography use among women aged 50-74 years,71.0,Age-adjusted prevalence,20073
2022,KS,Greenwood,20073,Mammography use among women aged 50-74 years,71.7,Crude prevalence,20073
2022,KS,Hamilton,20075,Mammography use among women aged 50-74 years,69.9,Age-adjusted prevalence,20075
2022,KS,Hamilton,20075,Mammography use among women aged 50-74 years,70.0,Crude prevalence,20075
2022,KS,Harper,20077,Mammography use among women aged 50-74 years,71.8,Age-adjusted prevalence,20077
2022,KS,Harper,20077,Mammography use among women aged 50-74 years,71.8,Crude prevalence,20077
2022,KS,Harvey,20079,Mammography use among women aged 50-74 years,69.1,Age-adjusted prevalence,20079
2022,KS,Harvey,20079,Mammography use among women aged 50-74 years,69.9,Crude prevalence,20079
2022,KS,Haskell,20081,Mammography use among women aged 50-74 years,69.6,Age-adjusted prevalence,20081
2022,KS,Haskell,20081,Mammography use among women aged 50-74 years,70.6,Crude prevalence,20081
2022,KS,Hodgeman,20083,Mammography use among women aged 50-74 years,72.0,Age-adjusted prevalence,20083
2022,KS,Hodgeman,20083,Mammography use among women aged 50-74 years,71.8,Crude prevalence,20083
2022,KS,Jackson,20085,Mammography use among women aged 50-74 years,74.1,Age-adjusted prevalence,20085
2022,KS,Jackson,20085,Mammography use among women aged 50-74 years,74.7,Crude prevalence,20085
2022,KS,Jefferson,20087,Mammography use among women aged 50-74 years,71.2,Age-adjusted prevalence,20087
2022,KS,Jefferson,20087,Mammography use among women aged 50-74 years,71.9,Crude prevalence,20087
2022,KS,Jewell,20089,Mammography use among women aged 50-74 years,70.3,Age-adjusted prevalence,20089
2022,KS,Jewell,20089,Mammography use among women aged 50-74 years,72.4,Crude prevalence,20089
2022,KS,Johnson,20091,Mammography use among women aged 50-74 years,76.8,Age-adjusted prevalence,20091
2022,KS,Johnson,20091,Mammography use among women aged 50-74 years,77.5,Crude prevalence,20091
2022,KS,Kearny,20093,Mammography use among women aged 50-74 years,74.0,Age-adjusted prevalence,20093
2022,KS,Kearny,20093,Mammography use among women aged 50-74 years,74.1,Crude prevalence,20093
2022,KS,Kingman,20095,Mammography use among women aged 50-74 years,74.9,Age-adjusted prevalence,20095
2022,KS,Kingman,20095,Mammography use among women aged 50-74 years,75.1,Crude prevalence,20095
2022,KS,Kiowa,20097,Mammography use among women aged 50-74 years,74.5,Age-adjusted prevalence,20097
2022,KS,Kiowa,20097,Mammography use among women aged 50-74 years,75.9,Crude prevalence,20097
2022,KS,Labette,20099,Mammography use among women aged 50-74 years,73.0,Age-adjusted prevalence,20099
2022,KS,Labette,20099,Mammography use among women aged 50-74 years,73.4,Crude prevalence,20099
2022,KS,Lane,20101,Mammography use among women aged 50-74 years,67.5,Age-adjusted prevalence,20101
2022,KS,Lane,20101,Mammography use among women aged 50-74 years,68.6,Crude prevalence,20101
2022,KS,Leavenworth,20103,Mammography use among women aged 50-74 years,74.6,Age-adjusted prevalence,20103
2022,KS,Leavenworth,20103,Mammography use among women aged 50-74 years,75.5,Crude prevalence,20103
2022,KS,Lincoln,20105,Mammography use among women aged 50-74 years,71.3,Age-adjusted prevalence,20105
2022,KS,Lincoln,20105,Mammography use among women aged 50-74 years,72.8,Crude prevalence,20105
2022,KS,Linn,20107,Mammography use among women aged 50-74 years,73.8,Age-adjusted prevalence,20107
2022,KS,Linn,20107,Mammography use among women aged 50-74 years,74.3,Crude prevalence,20107
2022,KS,Logan,20109,Mammography use among women aged 50-74 years,72.9,Age-adjusted prevalence,20109
2022,KS,Logan,20109,Mammography use among women aged 50-74 years,74.3,Crude prevalence,20109
2022,KS,Lyon,20111,Mammography use among women aged 50-74 years,71.1,Age-adjusted prevalence,20111
2022,KS,Lyon,20111,Mammography use among women aged 50-74 years,71.8,Crude prevalence,20111
2022,KS,McPherson,20113,Mammography use among women aged 50-74 years,72.3,Age-adjusted prevalence,20113
2022,KS,McPherson,20113,Mammography use among women aged 50-74 years,73.4,Crude prevalence,20113
2022,KS,Marion,20115,Mammography use among women aged 50-74 years,73.2,Age-adjusted prevalence,20115
2022,KS,Marion,20115,Mammography use among women aged 50-74 years,74.1,Crude prevalence,20115
2022,KS,Marshall,20117,Mammography use among women aged 50-74 years,73.9,Age-adjusted prevalence,20117
2022,KS,Marshall,20117,Mammography use among women aged 50-74 years,75.4,Crude prevalence,20117
2022,KS,Meade,20119,Mammography use among women aged 50-74 years,69.5,Age-adjusted prevalence,20119
2022,KS,Meade,20119,Mammography use among women aged 50-74 years,70.0,Crude prevalence,20119
2022,KS,Miami,20121,Mammography use among women aged 50-74 years,73.9,Age-adjusted prevalence,20121
2022,KS,Miami,20121,Mammography use among women aged 50-74 years,74.6,Crude prevalence,20121
2022,KS,Mitchell,20123,Mammography use among women aged 50-74 years,71.7,Age-adjusted prevalence,20123
2022,KS,Mitchell,20123,Mammography use among women aged 50-74 years,73.1,Crude prevalence,20123
2022,KS,Montgomery,20125,Mammography use among women aged 50-74 years,70.9,Age-adjusted prevalence,20125
2022,KS,Montgomery,20125,Mammography use among women aged 50-74 years,71.0,Crude prevalence,20125
2022,KS,Morris,20127,Mammography use among women aged 50-74 years,74.7,Age-adjusted prevalence,20127
2022,KS,Morris,20127,Mammography use among women aged 50-74 years,76.1,Crude prevalence,20127
2022,KS,Morton,20129,Mammography use among women aged 50-74 years,72.8,Age-adjusted prevalence,20129
2022,KS,Morton,20129,Mammography use among women aged 50-74 years,72.6,Crude prevalence,20129
2022,KS,Nemaha,20131,Mammography use among women aged 50-74 years,67.7,Age-adjusted prevalence,20131
2022,KS,Nemaha,20131,Mammography use among women aged 50-74 years,68.7,Crude prevalence,20131
2022,KS,Neosho,20133,Mammography use among women aged 50-74 years,73.7,Age-adjusted prevalence,20133
2022,KS,Neosho,20133,Mammography use among women aged 50-74 years,74.6,Crude prevalence,20133
2022,KS,Ness,20135,Mammography use among women aged 50-74 years,69.6,Age-adjusted prevalence,20135
2022,KS,Ness,20135,Mammography use among women aged 50-74 years,70.8,Crude prevalence,20135
2022,KS,Norton,20137,Mammography use among women aged 50-74 years,73.1,Age-adjusted prevalence,20137
2022,KS,Norton,20137,Mammography use among women aged 50-74 years,72.9,Crude prevalence,20137
2022,KS,Osage,20139,Mammography use among women aged 50-74 years,73.4,Age-adjusted prevalence,20139
2022,KS,Osage,20139,Mammography use among women aged 50-74 years,74.6,Crude prevalence,20139
2022,KS,Osborne,20141,Mammography use among women aged 50-74 years,73.4,Age-adjusted prevalence,20141
2022,KS,Osborne,20141,Mammography use among women aged 50-74 years,75.0,Crude prevalence,20141
2022,KS,Ottawa,20143,Mammography use among women aged 50-74 years,74.4,Age-adjusted prevalence,20143
2022,KS,Ottawa,20143,Mammography use among women aged 50-74 years,75.9,Crude prevalence,20143
2022,KS,Pawnee,20145,Mammography use among women aged 50-74 years,73.1,Age-adjusted prevalence,20145
2022,KS,Pawnee,20145,Mammography use among women aged 50-74 years,74.2,Crude prevalence,20145
2022,KS,Phillips,20147,Mammography use among women aged 50-74 years,70.3,Age-adjusted prevalence,20147
2022,KS,Phillips,20147,Mammography use among women aged 50-74 years,71.5,Crude prevalence,20147
2022,KS,Pottawatomie,20149,Mammography use among women aged 50-74 years,72.4,Age-adjusted prevalence,20149
2022,KS,Pottawatomie,20149,Mammography use among women aged 50-74 years,73.9,Crude prevalence,20149
2022,KS,Pratt,20151,Mammography use among women aged 50-74 years,73.3,Age-adjusted prevalence,20151
2022,KS,Pratt,20151,Mammography use among women aged 50-74 years,73.5,Crude prevalence,20151
2022,KS,Rawlins,20153,Mammography use among women aged 50-74 years,68.6,Age-adjusted prevalence,20153
2022,KS,Rawlins,20153,Mammography use among women aged 50-74 years,69.7,Crude prevalence,20153
2022,KS,Reno,20155,Mammography use among women aged 50-74 years,75.1,Age-adjusted prevalence,20155
2022,KS,Reno,20155,Mammography use among women aged 50-74 years,76.2,Crude prevalence,20155
2022,KS,Republic,20157,Mammography use among women aged 50-74 years,70.5,Age-adjusted prevalence,20157
2022,KS,Republic,20157,Mammography use among women aged 50-74 years,71.2,Crude prevalence,20157
2022,KS,Rice,20159,Mammography use among women aged 50-74 years,69.0,Age-adjusted prevalence,20159
2022,KS,Rice,20159,Mammography use among women aged 50-74 years,70.2,Crude prevalence,20159
2022,KS,Riley,20161,Mammography use among women aged 50-74 years,74.6,Age-adjusted prevalence,20161
2022,KS,Riley,20161,Mammography use among women aged 50-74 years,75.6,Crude prevalence,20161
2022,KS,Rooks,20163,Mammography use among women aged 50-74 years,75.9,Age-adjusted prevalence,20163
2022,KS,Rooks,20163,Mammography use among women aged 50-74 years,76.3,Crude prevalence,20163
2022,KS,Rush,20165,Mammography use among women aged 50-74 years,64.9,Age-adjusted prevalence,20165
2022,KS,Rush,20165,Mammography use among women aged 50-74 years,66.7,Crude prevalence,20165
2022,KS,Russell,20167,Mammography use among women aged 50-74 years,70.6,Age-adjusted prevalence,20167
2022,KS,Russell,20167,Mammography use among women aged 50-74 years,71.2,Crude prevalence,20167
2022,KS,Saline,20169,Mammography use among women aged 50-74 years,76.5,Age-adjusted prevalence,20169
2022,KS,Saline,20169,Mammography use among women aged 50-74 years,76.6,Crude prevalence,20169
2022,KS,Scott,20171,Mammography use among women aged 50-74 years,72.6,Age-adjusted prevalence,20171
2022,KS,Scott,20171,Mammography use among women aged 50-74 years,72.2,Crude prevalence,20171
2022,KS,Sedgwick,20173,Mammography use among women aged 50-74 years,72.9,Age-adjusted prevalence,20173
2022,KS,Sedgwick,20173,Mammography use among women aged 50-74 years,74.1,Crude prevalence,20173
2022,KS,Seward,20175,Mammography use among women aged 50-74 years,70.1,Age-adjusted prevalence,20175
2022,KS,Seward,20175,Mammography use among women aged 50-74 years,70.3,Crude prevalence,20175
2022,KS,Shawnee,20177,Mammography use among women aged 50-74 years,78.3,Age-adjusted prevalence,20177
2022,KS,Shawnee,20177,Mammography use among women aged 50-74 years,79.4,Crude prevalence,20177
2022,KS,Sheridan,20179,Mammography use among women aged 50-74 years,72.9,Age-adjusted prevalence,20179
2022,KS,Sheridan,20179,Mammography use among women aged 50-74 years,73.3,Crude prevalence,20179
2022,KS,Sherman,20181,Mammography use among women aged 50-74 years,66.8,Age-adjusted prevalence,20181
2022,KS,Sherman,20181,Mammography use among women aged 50-74 years,68.1,Crude prevalence,20181
2022,KS,Smith,20183,Mammography use among women aged 50-74 years,74.2,Age-adjusted prevalence,20183
2022,KS,Smith,20183,Mammography use among women aged 50-74 years,75.6,Crude prevalence,20183
2022,KS,Stafford,20185,Mammography use among women aged 50-74 years,72.5,Age-adjusted prevalence,20185
2022,KS,Stafford,20185,Mammography use among women aged 50-74 years,73.3,Crude prevalence,20185
2022,KS,Stanton,20187,Mammography use among women aged 50-74 years,71.7,Age-adjusted prevalence,20187
2022,KS,Stanton,20187,Mammography use among women aged 50-74 years,71.7,Crude prevalence,20187
2022,KS,Stevens,20189,Mammography use among women aged 50-74 years,69.8,Age-adjusted prevalence,20189
2022,KS,Stevens,20189,Mammography use among women aged 50-74 years,69.7,Crude prevalence,20189
2022,KS,Sumner,20191,Mammography use among women aged 50-74 years,70.1,Age-adjusted prevalence,20191
2022,KS,Sumner,20191,Mammography use among women aged 50-74 years,70.7,Crude prevalence,20191
2022,KS,Thomas,20193,Mammography use among women aged 50-74 years,72.8,Age-adjusted prevalence,20193
2022,KS,Thomas,20193,Mammography use among women aged 50-74 years,74.3,Crude prevalence,20193
2022,KS,Trego,20195,Mammography use among women aged 50-74 years,74.8,Age-adjusted prevalence,20195
2022,KS,Trego,20195,Mammography use among women aged 50-74 years,75.3,Crude prevalence,20195
2022,KS,Wabaunsee,20197,Mammography use among women aged 50-74 years,71.9,Age-adjusted prevalence,20197
2022,KS,Wabaunsee,20197,Mammography use among women aged 50-74 years,73.0,Crude prevalence,20197
2022,KS,Wallace,20199,Mammography use among women aged 50-74 years,70.1,Age-adjusted prevalence,20199
2022,KS,Wallace,20199,Mammography use among women aged 50-74 years,71.8,Crude prevalence,20199
2022,KS,Washington,20201,Mammography use among women aged 50-74 years,75.5,Age-adjusted prevalence,20201
2022,KS,Washington,20201,Mammography use among women aged 50-74 years,75.6,Crude prevalence,20201
2022,KS,Wichita,20203,Mammography use among women aged 50-74 years,70.5,Age-adjusted prevalence,20203
2022,KS,Wichita,20203,Mammography use among women aged 50-74 years,71.0,Crude prevalence,20203
2022,KS,Wilson,20205,Mammography use among women aged 50-74 years,68.9,Age-adjusted prevalence,20205
2022,KS,Wilson,20205,Mammography use among women aged 50-74 years,69.3,Crude prevalence,20205
2022,KS,Woodson,20207,Mammography use among women aged 50-74 years,69.9,Age-adjusted prevalence,20207
2022,KS,Woodson,20207,Mammography use among women aged 50-74 years,70.9,Crude prevalence,20207
2022,KS,Wyandotte,20209,Mammography use among women aged 50-74 years,73.3,Age-adjusted prevalence,20209
2022,KS,Wyandotte,20209,Mammography use among women aged 50-74 years,74.0,Crude prevalence,20209
2022,KY,Adair,21001,Mammography use among women aged 50-74 years,68.8,Age-adjusted prevalence,21001
2022,KY,Adair,21001,Mammography use among women aged 50-74 years,69.8,Crude prevalence,21001
2022,KY,Allen,21003,Mammography use among women aged 50-74 years,73.2,Age-adjusted prevalence,21003
2022,KY,Allen,21003,Mammography use among women aged 50-74 years,73.5,Crude prevalence,21003
2022,KY,Anderson,21005,Mammography use among women aged 50-74 years,74.3,Age-adjusted prevalence,21005
2022,KY,Anderson,21005,Mammography use among women aged 50-74 years,74.7,Crude prevalence,21005
2022,KY,Ballard,21007,Mammography use among women aged 50-74 years,72.5,Age-adjusted prevalence,21007
2022,KY,Ballard,21007,Mammography use among women aged 50-74 years,73.1,Crude prevalence,21007
2022,KY,Barren,21009,Mammography use among women aged 50-74 years,73.7,Age-adjusted prevalence,21009
2022,KY,Barren,21009,Mammography use among women aged 50-74 years,73.7,Crude prevalence,21009
2022,KY,Bath,21011,Mammography use among women aged 50-74 years,68.2,Age-adjusted prevalence,21011
2022,KY,Bath,21011,Mammography use among women aged 50-74 years,69.2,Crude prevalence,21011
2022,KY,Bell,21013,Mammography use among women aged 50-74 years,67.6,Age-adjusted prevalence,21013
2022,KY,Bell,21013,Mammography use among women aged 50-74 years,67.6,Crude prevalence,21013
2022,KY,Boone,21015,Mammography use among women aged 50-74 years,73.3,Age-adjusted prevalence,21015
2022,KY,Boone,21015,Mammography use among women aged 50-74 years,73.8,Crude prevalence,21015
2022,KY,Bourbon,21017,Mammography use among women aged 50-74 years,75.0,Age-adjusted prevalence,21017
2022,KY,Bourbon,21017,Mammography use among women aged 50-74 years,74.9,Crude prevalence,21017
2022,KY,Boyd,21019,Mammography use among women aged 50-74 years,73.0,Age-adjusted prevalence,21019
2022,KY,Boyd,21019,Mammography use among women aged 50-74 years,73.5,Crude prevalence,21019
2022,KY,Boyle,21021,Mammography use among women aged 50-74 years,70.7,Age-adjusted prevalence,21021
2022,KY,Boyle,21021,Mammography use among women aged 50-74 years,71.7,Crude prevalence,21021
2022,KY,Bracken,21023,Mammography use among women aged 50-74 years,72.9,Age-adjusted prevalence,21023
2022,KY,Bracken,21023,Mammography use among women aged 50-74 years,73.8,Crude prevalence,21023
2022,KY,Breathitt,21025,Mammography use among women aged 50-74 years,68.4,Age-adjusted prevalence,21025
2022,KY,Breathitt,21025,Mammography use among women aged 50-74 years,69.3,Crude prevalence,21025
2022,KY,Breckinridge,21027,Mammography use among women aged 50-74 years,70.5,Age-adjusted prevalence,21027
2022,KY,Breckinridge,21027,Mammography use among women aged 50-74 years,72.5,Crude prevalence,21027
2022,KY,Bullitt,21029,Mammography use among women aged 50-74 years,74.9,Age-adjusted prevalence,21029
2022,KY,Bullitt,21029,Mammography use among women aged 50-74 years,74.8,Crude prevalence,21029
2022,KY,Butler,21031,Mammography use among women aged 50-74 years,68.2,Age-adjusted prevalence,21031
2022,KY,Butler,21031,Mammography use among women aged 50-74 years,68.2,Crude prevalence,21031
2022,KY,Caldwell,21033,Mammography use among women aged 50-74 years,73.6,Age-adjusted prevalence,21033
2022,KY,Caldwell,21033,Mammography use among women aged 50-74 years,73.4,Crude prevalence,21033
2022,KY,Calloway,21035,Mammography use among women aged 50-74 years,74.0,Age-adjusted prevalence,21035
2022,KY,Calloway,21035,Mammography use among women aged 50-74 years,74.6,Crude prevalence,21035
2022,KY,Campbell,21037,Mammography use among women aged 50-74 years,77.4,Age-adjusted prevalence,21037
2022,KY,Campbell,21037,Mammography use among women aged 50-74 years,77.4,Crude prevalence,21037
2022,KY,Carlisle,21039,Mammography use among women aged 50-74 years,69.6,Age-adjusted prevalence,21039
2022,KY,Carlisle,21039,Mammography use among women aged 50-74 years,70.1,Crude prevalence,21039
2022,KY,Carroll,21041,Mammography use among women aged 50-74 years,69.2,Age-adjusted prevalence,21041
2022,KY,Carroll,21041,Mammography use among women aged 50-74 years,69.6,Crude prevalence,21041
2022,KY,Carter,21043,Mammography use among women aged 50-74 years,66.7,Age-adjusted prevalence,21043
2022,KY,Carter,21043,Mammography use among women aged 50-74 years,67.0,Crude prevalence,21043
2022,KY,Casey,21045,Mammography use among women aged 50-74 years,65.2,Age-adjusted prevalence,21045
2022,KY,Casey,21045,Mammography use among women aged 50-74 years,65.7,Crude prevalence,21045
2022,KY,Christian,21047,Mammography use among women aged 50-74 years,74.3,Age-adjusted prevalence,21047
2022,KY,Christian,21047,Mammography use among women aged 50-74 years,75.0,Crude prevalence,21047
2022,KY,Clark,21049,Mammography use among women aged 50-74 years,71.9,Age-adjusted prevalence,21049
2022,KY,Clark,21049,Mammography use among women aged 50-74 years,72.1,Crude prevalence,21049
2022,KY,Clay,21051,Mammography use among women aged 50-74 years,65.5,Age-adjusted prevalence,21051
2022,KY,Clay,21051,Mammography use among women aged 50-74 years,65.8,Crude prevalence,21051
2022,KY,Clinton,21053,Mammography use among women aged 50-74 years,69.0,Age-adjusted prevalence,21053
2022,KY,Clinton,21053,Mammography use among women aged 50-74 years,69.0,Crude prevalence,21053
2022,KY,Crittenden,21055,Mammography use among women aged 50-74 years,65.1,Age-adjusted prevalence,21055
2022,KY,Crittenden,21055,Mammography use among women aged 50-74 years,66.1,Crude prevalence,21055
2022,KY,Cumberland,21057,Mammography use among women aged 50-74 years,71.1,Age-adjusted prevalence,21057
2022,KY,Cumberland,21057,Mammography use among women aged 50-74 years,71.0,Crude prevalence,21057
2022,KY,Daviess,21059,Mammography use among women aged 50-74 years,76.2,Age-adjusted prevalence,21059
2022,KY,Daviess,21059,Mammography use among women aged 50-74 years,76.8,Crude prevalence,21059
2022,KY,Edmonson,21061,Mammography use among women aged 50-74 years,71.4,Age-adjusted prevalence,21061
2022,KY,Edmonson,21061,Mammography use among women aged 50-74 years,72.1,Crude prevalence,21061
2022,KY,Elliott,21063,Mammography use among women aged 50-74 years,71.0,Age-adjusted prevalence,21063
2022,KY,Elliott,21063,Mammography use among women aged 50-74 years,71.7,Crude prevalence,21063
2022,KY,Estill,21065,Mammography use among women aged 50-74 years,70.5,Age-adjusted prevalence,21065
2022,KY,Estill,21065,Mammography use among women aged 50-74 years,70.9,Crude prevalence,21065
2022,KY,Fayette,21067,Mammography use among women aged 50-74 years,71.2,Age-adjusted prevalence,21067
2022,KY,Fayette,21067,Mammography use among women aged 50-74 years,71.8,Crude prevalence,21067
2022,KY,Fleming,21069,Mammography use among women aged 50-74 years,74.8,Age-adjusted prevalence,21069
2022,KY,Fleming,21069,Mammography use among women aged 50-74 years,75.2,Crude prevalence,21069
2022,KY,Floyd,21071,Mammography use among women aged 50-74 years,69.7,Age-adjusted prevalence,21071
2022,KY,Floyd,21071,Mammography use among women aged 50-74 years,70.3,Crude prevalence,21071
2022,KY,Franklin,21073,Mammography use among women aged 50-74 years,73.0,Age-adjusted prevalence,21073
2022,KY,Franklin,21073,Mammography use among women aged 50-74 years,73.8,Crude prevalence,21073
2022,KY,Fulton,21075,Mammography use among women aged 50-74 years,72.1,Age-adjusted prevalence,21075
2022,KY,Fulton,21075,Mammography use among women aged 50-74 years,71.6,Crude prevalence,21075
2022,KY,Gallatin,21077,Mammography use among women aged 50-74 years,72.8,Age-adjusted prevalence,21077
2022,KY,Gallatin,21077,Mammography use among women aged 50-74 years,72.3,Crude prevalence,21077
2022,KY,Garrard,21079,Mammography use among women aged 50-74 years,70.2,Age-adjusted prevalence,21079
2022,KY,Garrard,21079,Mammography use among women aged 50-74 years,71.0,Crude prevalence,21079
2022,KY,Grant,21081,Mammography use among women aged 50-74 years,69.2,Age-adjusted prevalence,21081
2022,KY,Grant,21081,Mammography use among women aged 50-74 years,69.8,Crude prevalence,21081
2022,KY,Graves,21083,Mammography use among women aged 50-74 years,71.4,Age-adjusted prevalence,21083
2022,KY,Graves,21083,Mammography use among women aged 50-74 years,72.2,Crude prevalence,21083
2022,KY,Grayson,21085,Mammography use among women aged 50-74 years,76.9,Age-adjusted prevalence,21085
2022,KY,Grayson,21085,Mammography use among women aged 50-74 years,77.4,Crude prevalence,21085
2022,KY,Green,21087,Mammography use among women aged 50-74 years,64.0,Age-adjusted prevalence,21087
2022,KY,Green,21087,Mammography use among women aged 50-74 years,65.0,Crude prevalence,21087
2022,KY,Greenup,21089,Mammography use among women aged 50-74 years,70.8,Age-adjusted prevalence,21089
2022,KY,Greenup,21089,Mammography use among women aged 50-74 years,71.7,Crude prevalence,21089
2022,KY,Hancock,21091,Mammography use among women aged 50-74 years,72.0,Age-adjusted prevalence,21091
2022,KY,Hancock,21091,Mammography use among women aged 50-74 years,72.6,Crude prevalence,21091
2022,KY,Hardin,21093,Mammography use among women aged 50-74 years,70.6,Age-adjusted prevalence,21093
2022,KY,Hardin,21093,Mammography use among women aged 50-74 years,70.9,Crude prevalence,21093
2022,KY,Harlan,21095,Mammography use among women aged 50-74 years,69.7,Age-adjusted prevalence,21095
2022,KY,Harlan,21095,Mammography use among women aged 50-74 years,70.6,Crude prevalence,21095
2022,KY,Harrison,21097,Mammography use among women aged 50-74 years,74.6,Age-adjusted prevalence,21097
2022,KY,Harrison,21097,Mammography use among women aged 50-74 years,74.5,Crude prevalence,21097
2022,KY,Hart,21099,Mammography use among women aged 50-74 years,71.9,Age-adjusted prevalence,21099
2022,KY,Hart,21099,Mammography use among women aged 50-74 years,73.4,Crude prevalence,21099
2022,KY,Henderson,21101,Mammography use among women aged 50-74 years,75.4,Age-adjusted prevalence,21101
2022,KY,Henderson,21101,Mammography use among women aged 50-74 years,76.1,Crude prevalence,21101
2022,KY,Henry,21103,Mammography use among women aged 50-74 years,73.3,Age-adjusted prevalence,21103
2022,KY,Henry,21103,Mammography use among women aged 50-74 years,74.2,Crude prevalence,21103
2022,KY,Hickman,21105,Mammography use among women aged 50-74 years,71.0,Age-adjusted prevalence,21105
2022,KY,Hickman,21105,Mammography use among women aged 50-74 years,71.9,Crude prevalence,21105
2022,KY,Hopkins,21107,Mammography use among women aged 50-74 years,72.3,Age-adjusted prevalence,21107
2022,KY,Hopkins,21107,Mammography use among women aged 50-74 years,73.6,Crude prevalence,21107
2022,KY,Jackson,21109,Mammography use among women aged 50-74 years,69.1,Age-adjusted prevalence,21109
2022,KY,Jackson,21109,Mammography use among women aged 50-74 years,69.9,Crude prevalence,21109
2022,KY,Jefferson,21111,Mammography use among women aged 50-74 years,71.6,Age-adjusted prevalence,21111
2022,KY,Jefferson,21111,Mammography use among women aged 50-74 years,71.8,Crude prevalence,21111
2022,KY,Jessamine,21113,Mammography use among women aged 50-74 years,73.8,Age-adjusted prevalence,21113
2022,KY,Jessamine,21113,Mammography use among women aged 50-74 years,75.2,Crude prevalence,21113
2022,KY,Johnson,21115,Mammography use among women aged 50-74 years,69.4,Age-adjusted prevalence,21115
2022,KY,Johnson,21115,Mammography use among women aged 50-74 years,70.0,Crude prevalence,21115
2022,KY,Kenton,21117,Mammography use among women aged 50-74 years,76.3,Age-adjusted prevalence,21117
2022,KY,Kenton,21117,Mammography use among women aged 50-74 years,76.7,Crude prevalence,21117
2022,KY,Knott,21119,Mammography use among women aged 50-74 years,66.9,Age-adjusted prevalence,21119
2022,KY,Knott,21119,Mammography use among women aged 50-74 years,67.6,Crude prevalence,21119
2022,KY,Knox,21121,Mammography use among women aged 50-74 years,65.3,Age-adjusted prevalence,21121
2022,KY,Knox,21121,Mammography use among women aged 50-74 years,65.7,Crude prevalence,21121
2022,KY,Larue,21123,Mammography use among women aged 50-74 years,72.2,Age-adjusted prevalence,21123
2022,KY,Larue,21123,Mammography use among women aged 50-74 years,72.9,Crude prevalence,21123
2022,KY,Laurel,21125,Mammography use among women aged 50-74 years,70.9,Age-adjusted prevalence,21125
2022,KY,Laurel,21125,Mammography use among women aged 50-74 years,70.9,Crude prevalence,21125
2022,KY,Lawrence,21127,Mammography use among women aged 50-74 years,67.5,Age-adjusted prevalence,21127
2022,KY,Lawrence,21127,Mammography use among women aged 50-74 years,69.1,Crude prevalence,21127
2022,KY,Lee,21129,Mammography use among women aged 50-74 years,69.1,Age-adjusted prevalence,21129
2022,KY,Lee,21129,Mammography use among women aged 50-74 years,69.9,Crude prevalence,21129
2022,KY,Leslie,21131,Mammography use among women aged 50-74 years,68.8,Age-adjusted prevalence,21131
2022,KY,Leslie,21131,Mammography use among women aged 50-74 years,69.3,Crude prevalence,21131
2022,KY,Letcher,21133,Mammography use among women aged 50-74 years,64.6,Age-adjusted prevalence,21133
2022,KY,Letcher,21133,Mammography use among women aged 50-74 years,64.9,Crude prevalence,21133
2022,KY,Lewis,21135,Mammography use among women aged 50-74 years,70.7,Age-adjusted prevalence,21135
2022,KY,Lewis,21135,Mammography use among women aged 50-74 years,71.7,Crude prevalence,21135
2022,KY,Lincoln,21137,Mammography use among women aged 50-74 years,76.7,Age-adjusted prevalence,21137
2022,KY,Lincoln,21137,Mammography use among women aged 50-74 years,76.9,Crude prevalence,21137
2022,KY,Livingston,21139,Mammography use among women aged 50-74 years,71.5,Age-adjusted prevalence,21139
2022,KY,Livingston,21139,Mammography use among women aged 50-74 years,72.2,Crude prevalence,21139
2022,KY,Logan,21141,Mammography use among women aged 50-74 years,75.6,Age-adjusted prevalence,21141
2022,KY,Logan,21141,Mammography use among women aged 50-74 years,75.6,Crude prevalence,21141
2022,KY,Lyon,21143,Mammography use among women aged 50-74 years,75.3,Age-adjusted prevalence,21143
2022,KY,Lyon,21143,Mammography use among women aged 50-74 years,76.5,Crude prevalence,21143
2022,KY,McCracken,21145,Mammography use among women aged 50-74 years,76.9,Age-adjusted prevalence,21145
2022,KY,McCracken,21145,Mammography use among women aged 50-74 years,77.4,Crude prevalence,21145
2022,KY,McCreary,21147,Mammography use among women aged 50-74 years,66.4,Age-adjusted prevalence,21147
2022,KY,McCreary,21147,Mammography use among women aged 50-74 years,66.8,Crude prevalence,21147
2022,KY,McLean,21149,Mammography use among women aged 50-74 years,73.3,Age-adjusted prevalence,21149
2022,KY,McLean,21149,Mammography use among women aged 50-74 years,74.1,Crude prevalence,21149
2022,KY,Madison,21151,Mammography use among women aged 50-74 years,71.3,Age-adjusted prevalence,21151
2022,KY,Madison,21151,Mammography use among women aged 50-74 years,72.0,Crude prevalence,21151
2022,KY,Magoffin,21153,Mammography use among women aged 50-74 years,63.2,Age-adjusted prevalence,21153
2022,KY,Magoffin,21153,Mammography use among women aged 50-74 years,64.4,Crude prevalence,21153
2022,KY,Marion,21155,Mammography use among women aged 50-74 years,70.8,Age-adjusted prevalence,21155
2022,KY,Marion,21155,Mammography use among women aged 50-74 years,71.3,Crude prevalence,21155
2022,KY,Marshall,21157,Mammography use among women aged 50-74 years,78.4,Age-adjusted prevalence,21157
2022,KY,Marshall,21157,Mammography use among women aged 50-74 years,79.0,Crude prevalence,21157
2022,KY,Martin,21159,Mammography use among women aged 50-74 years,67.5,Age-adjusted prevalence,21159
2022,KY,Martin,21159,Mammography use among women aged 50-74 years,68.1,Crude prevalence,21159
2022,KY,Mason,21161,Mammography use among women aged 50-74 years,68.3,Age-adjusted prevalence,21161
2022,KY,Mason,21161,Mammography use among women aged 50-74 years,69.0,Crude prevalence,21161
2022,KY,Meade,21163,Mammography use among women aged 50-74 years,74.5,Age-adjusted prevalence,21163
2022,KY,Meade,21163,Mammography use among women aged 50-74 years,75.0,Crude prevalence,21163
2022,KY,Menifee,21165,Mammography use among women aged 50-74 years,73.7,Age-adjusted prevalence,21165
2022,KY,Menifee,21165,Mammography use among women aged 50-74 years,73.7,Crude prevalence,21165
2022,KY,Mercer,21167,Mammography use among women aged 50-74 years,74.0,Age-adjusted prevalence,21167
2022,KY,Mercer,21167,Mammography use among women aged 50-74 years,74.6,Crude prevalence,21167
2022,KY,Metcalfe,21169,Mammography use among women aged 50-74 years,72.3,Age-adjusted prevalence,21169
2022,KY,Metcalfe,21169,Mammography use among women aged 50-74 years,73.3,Crude prevalence,21169
2022,KY,Monroe,21171,Mammography use among women aged 50-74 years,73.0,Age-adjusted prevalence,21171
2022,KY,Monroe,21171,Mammography use among women aged 50-74 years,73.2,Crude prevalence,21171
2022,KY,Montgomery,21173,Mammography use among women aged 50-74 years,70.5,Age-adjusted prevalence,21173
2022,KY,Montgomery,21173,Mammography use among women aged 50-74 years,70.8,Crude prevalence,21173
2022,KY,Morgan,21175,Mammography use among women aged 50-74 years,68.3,Age-adjusted prevalence,21175
2022,KY,Morgan,21175,Mammography use among women aged 50-74 years,70.2,Crude prevalence,21175
2022,KY,Muhlenberg,21177,Mammography use among women aged 50-74 years,69.9,Age-adjusted prevalence,21177
2022,KY,Muhlenberg,21177,Mammography use among women aged 50-74 years,70.0,Crude prevalence,21177
2022,KY,Nelson,21179,Mammography use among women aged 50-74 years,76.4,Age-adjusted prevalence,21179
2022,KY,Nelson,21179,Mammography use among women aged 50-74 years,76.3,Crude prevalence,21179
2022,KY,Nicholas,21181,Mammography use among women aged 50-74 years,73.1,Age-adjusted prevalence,21181
2022,KY,Nicholas,21181,Mammography use among women aged 50-74 years,73.8,Crude prevalence,21181
2022,KY,Ohio,21183,Mammography use among women aged 50-74 years,76.1,Age-adjusted prevalence,21183
2022,KY,Ohio,21183,Mammography use among women aged 50-74 years,77.2,Crude prevalence,21183
2022,KY,Oldham,21185,Mammography use among women aged 50-74 years,77.0,Age-adjusted prevalence,21185
2022,KY,Oldham,21185,Mammography use among women aged 50-74 years,77.4,Crude prevalence,21185
2022,KY,Owen,21187,Mammography use among women aged 50-74 years,74.5,Age-adjusted prevalence,21187
2022,KY,Owen,21187,Mammography use among women aged 50-74 years,74.4,Crude prevalence,21187
2022,KY,Owsley,21189,Mammography use among women aged 50-74 years,67.2,Age-adjusted prevalence,21189
2022,KY,Owsley,21189,Mammography use among women aged 50-74 years,68.2,Crude prevalence,21189
2022,KY,Pendleton,21191,Mammography use among women aged 50-74 years,73.0,Age-adjusted prevalence,21191
2022,KY,Pendleton,21191,Mammography use among women aged 50-74 years,73.4,Crude prevalence,21191
2022,KY,Perry,21193,Mammography use among women aged 50-74 years,68.1,Age-adjusted prevalence,21193
2022,KY,Perry,21193,Mammography use among women aged 50-74 years,68.9,Crude prevalence,21193
2022,KY,Pike,21195,Mammography use among women aged 50-74 years,65.9,Age-adjusted prevalence,21195
2022,KY,Pike,21195,Mammography use among women aged 50-74 years,66.2,Crude prevalence,21195
2022,KY,Powell,21197,Mammography use among women aged 50-74 years,71.2,Age-adjusted prevalence,21197
2022,KY,Powell,21197,Mammography use among women aged 50-74 years,72.1,Crude prevalence,21197
2022,KY,Pulaski,21199,Mammography use among women aged 50-74 years,64.2,Age-adjusted prevalence,21199
2022,KY,Pulaski,21199,Mammography use among women aged 50-74 years,65.2,Crude prevalence,21199
2022,KY,Robertson,21201,Mammography use among women aged 50-74 years,70.1,Age-adjusted prevalence,21201
2022,KY,Robertson,21201,Mammography use among women aged 50-74 years,70.1,Crude prevalence,21201
2022,KY,Rockcastle,21203,Mammography use among women aged 50-74 years,71.4,Age-adjusted prevalence,21203
2022,KY,Rockcastle,21203,Mammography use among women aged 50-74 years,71.8,Crude prevalence,21203
2022,KY,Rowan,21205,Mammography use among women aged 50-74 years,72.4,Age-adjusted prevalence,21205
2022,KY,Rowan,21205,Mammography use among women aged 50-74 years,72.7,Crude prevalence,21205
2022,KY,Russell,21207,Mammography use among women aged 50-74 years,66.9,Age-adjusted prevalence,21207
2022,KY,Russell,21207,Mammography use among women aged 50-74 years,67.6,Crude prevalence,21207
2022,KY,Scott,21209,Mammography use among women aged 50-74 years,77.6,Age-adjusted prevalence,21209
2022,KY,Scott,21209,Mammography use among women aged 50-74 years,77.7,Crude prevalence,21209
2022,KY,Shelby,21211,Mammography use among women aged 50-74 years,74.5,Age-adjusted prevalence,21211
2022,KY,Shelby,21211,Mammography use among women aged 50-74 years,75.2,Crude prevalence,21211
2022,KY,Simpson,21213,Mammography use among women aged 50-74 years,73.0,Age-adjusted prevalence,21213
2022,KY,Simpson,21213,Mammography use among women aged 50-74 years,73.1,Crude prevalence,21213
2022,KY,Spencer,21215,Mammography use among women aged 50-74 years,70.6,Age-adjusted prevalence,21215
2022,KY,Spencer,21215,Mammography use among women aged 50-74 years,70.6,Crude prevalence,21215
2022,KY,Taylor,21217,Mammography use among women aged 50-74 years,71.9,Age-adjusted prevalence,21217
2022,KY,Taylor,21217,Mammography use among women aged 50-74 years,73.1,Crude prevalence,21217
2022,KY,Todd,21219,Mammography use among women aged 50-74 years,68.7,Age-adjusted prevalence,21219
2022,KY,Todd,21219,Mammography use among women aged 50-74 years,69.8,Crude prevalence,21219
2022,KY,Trigg,21221,Mammography use among women aged 50-74 years,68.1,Age-adjusted prevalence,21221
2022,KY,Trigg,21221,Mammography use among women aged 50-74 years,69.5,Crude prevalence,21221
2022,KY,Trimble,21223,Mammography use among women aged 50-74 years,75.5,Age-adjusted prevalence,21223
2022,KY,Trimble,21223,Mammography use among women aged 50-74 years,75.5,Crude prevalence,21223
2022,KY,Union,21225,Mammography use among women aged 50-74 years,71.1,Age-adjusted prevalence,21225
2022,KY,Union,21225,Mammography use among women aged 50-74 years,72.0,Crude prevalence,21225
2022,KY,Warren,21227,Mammography use among women aged 50-74 years,75.0,Age-adjusted prevalence,21227
2022,KY,Warren,21227,Mammography use among women aged 50-74 years,75.7,Crude prevalence,21227
2022,KY,Washington,21229,Mammography use among women aged 50-74 years,75.9,Age-adjusted prevalence,21229
2022,KY,Washington,21229,Mammography use among women aged 50-74 years,76.0,Crude prevalence,21229
2022,KY,Wayne,21231,Mammography use among women aged 50-74 years,68.3,Age-adjusted prevalence,21231
2022,KY,Wayne,21231,Mammography use among women aged 50-74 years,68.2,Crude prevalence,21231
2022,KY,Webster,21233,Mammography use among women aged 50-74 years,72.1,Age-adjusted prevalence,21233
2022,KY,Webster,21233,Mammography use among women aged 50-74 years,72.8,Crude prevalence,21233
2022,KY,Whitley,21235,Mammography use among women aged 50-74 years,64.3,Age-adjusted prevalence,21235
2022,KY,Whitley,21235,Mammography use among women aged 50-74 years,65.3,Crude prevalence,21235
2022,KY,Wolfe,21237,Mammography use among women aged 50-74 years,68.2,Age-adjusted prevalence,21237
2022,KY,Wolfe,21237,Mammography use among women aged 50-74 years,69.6,Crude prevalence,21237
2022,KY,Woodford,21239,Mammography use among women aged 50-74 years,75.4,Age-adjusted prevalence,21239
2022,KY,Woodford,21239,Mammography use among women aged 50-74 years,77.4,Crude prevalence,21239
2022,LA,Acadia,22001,Mammography use among women aged 50-74 years,75.4,Age-adjusted prevalence,22001
2022,LA,Acadia,22001,Mammography use among women aged 50-74 years,76.7,Crude prevalence,22001
2022,LA,Allen,22003,Mammography use among women aged 50-74 years,75.7,Age-adjusted prevalence,22003
2022,LA,Allen,22003,Mammography use among women aged 50-74 years,76.1,Crude prevalence,22003
2022,LA,Ascension,22005,Mammography use among women aged 50-74 years,79.6,Age-adjusted prevalence,22005
2022,LA,Ascension,22005,Mammography use among women aged 50-74 years,79.5,Crude prevalence,22005
2022,LA,Assumption,22007,Mammography use among women aged 50-74 years,76.9,Age-adjusted prevalence,22007
2022,LA,Assumption,22007,Mammography use among women aged 50-74 years,77.6,Crude prevalence,22007
2022,LA,Avoyelles,22009,Mammography use among women aged 50-74 years,73.6,Age-adjusted prevalence,22009
2022,LA,Avoyelles,22009,Mammography use among women aged 50-74 years,74.4,Crude prevalence,22009
2022,LA,Beauregard,22011,Mammography use among women aged 50-74 years,77.4,Age-adjusted prevalence,22011
2022,LA,Beauregard,22011,Mammography use among women aged 50-74 years,77.8,Crude prevalence,22011
2022,LA,Bienville,22013,Mammography use among women aged 50-74 years,77.1,Age-adjusted prevalence,22013
2022,LA,Bienville,22013,Mammography use among women aged 50-74 years,77.2,Crude prevalence,22013
2022,LA,Bossier,22015,Mammography use among women aged 50-74 years,76.6,Age-adjusted prevalence,22015
2022,LA,Bossier,22015,Mammography use among women aged 50-74 years,77.0,Crude prevalence,22015
2022,LA,Caddo,22017,Mammography use among women aged 50-74 years,76.0,Age-adjusted prevalence,22017
2022,LA,Caddo,22017,Mammography use among women aged 50-74 years,77.2,Crude prevalence,22017
2022,LA,Calcasieu,22019,Mammography use among women aged 50-74 years,77.8,Age-adjusted prevalence,22019
2022,LA,Calcasieu,22019,Mammography use among women aged 50-74 years,78.2,Crude prevalence,22019
2022,LA,Caldwell,22021,Mammography use among women aged 50-74 years,72.0,Age-adjusted prevalence,22021
2022,LA,Caldwell,22021,Mammography use among women aged 50-74 years,73.0,Crude prevalence,22021
2022,LA,Cameron,22023,Mammography use among women aged 50-74 years,76.6,Age-adjusted prevalence,22023
2022,LA,Cameron,22023,Mammography use among women aged 50-74 years,76.2,Crude prevalence,22023
2022,LA,Catahoula,22025,Mammography use among women aged 50-74 years,76.0,Age-adjusted prevalence,22025
2022,LA,Catahoula,22025,Mammography use among women aged 50-74 years,76.2,Crude prevalence,22025
2022,LA,Claiborne,22027,Mammography use among women aged 50-74 years,73.6,Age-adjusted prevalence,22027
2022,LA,Claiborne,22027,Mammography use among women aged 50-74 years,74.0,Crude prevalence,22027
2022,LA,Concordia,22029,Mammography use among women aged 50-74 years,74.5,Age-adjusted prevalence,22029
2022,LA,Concordia,22029,Mammography use among women aged 50-74 years,74.9,Crude prevalence,22029
2022,LA,De Soto,22031,Mammography use among women aged 50-74 years,75.8,Age-adjusted prevalence,22031
2022,LA,De Soto,22031,Mammography use among women aged 50-74 years,76.2,Crude prevalence,22031
2022,LA,East Baton Rouge,22033,Mammography use among women aged 50-74 years,81.8,Age-adjusted prevalence,22033
2022,LA,East Baton Rouge,22033,Mammography use among women aged 50-74 years,82.5,Crude prevalence,22033
2022,LA,East Carroll,22035,Mammography use among women aged 50-74 years,75.4,Age-adjusted prevalence,22035
2022,LA,East Carroll,22035,Mammography use among women aged 50-74 years,75.2,Crude prevalence,22035
2022,LA,East Feliciana,22037,Mammography use among women aged 50-74 years,79.9,Age-adjusted prevalence,22037
2022,LA,East Feliciana,22037,Mammography use among women aged 50-74 years,80.4,Crude prevalence,22037
2022,LA,Evangeline,22039,Mammography use among women aged 50-74 years,74.9,Age-adjusted prevalence,22039
2022,LA,Evangeline,22039,Mammography use among women aged 50-74 years,75.2,Crude prevalence,22039
2022,LA,Franklin,22041,Mammography use among women aged 50-74 years,75.4,Age-adjusted prevalence,22041
2022,LA,Franklin,22041,Mammography use among women aged 50-74 years,75.7,Crude prevalence,22041
2022,LA,Grant,22043,Mammography use among women aged 50-74 years,71.1,Age-adjusted prevalence,22043
2022,LA,Grant,22043,Mammography use among women aged 50-74 years,72.5,Crude prevalence,22043
2022,LA,Iberia,22045,Mammography use among women aged 50-74 years,78.0,Age-adjusted prevalence,22045
2022,LA,Iberia,22045,Mammography use among women aged 50-74 years,78.5,Crude prevalence,22045
2022,LA,Iberville,22047,Mammography use among women aged 50-74 years,79.7,Age-adjusted prevalence,22047
2022,LA,Iberville,22047,Mammography use among women aged 50-74 years,80.0,Crude prevalence,22047
2022,LA,Jackson,22049,Mammography use among women aged 50-74 years,74.3,Age-adjusted prevalence,22049
2022,LA,Jackson,22049,Mammography use among women aged 50-74 years,75.1,Crude prevalence,22049
2022,LA,Jefferson,22051,Mammography use among women aged 50-74 years,80.0,Age-adjusted prevalence,22051
2022,LA,Jefferson,22051,Mammography use among women aged 50-74 years,80.8,Crude prevalence,22051
2022,LA,Jefferson Davis,22053,Mammography use among women aged 50-74 years,74.9,Age-adjusted prevalence,22053
2022,LA,Jefferson Davis,22053,Mammography use among women aged 50-74 years,75.5,Crude prevalence,22053
2022,LA,Lafayette,22055,Mammography use among women aged 50-74 years,81.6,Age-adjusted prevalence,22055
2022,LA,Lafayette,22055,Mammography use among women aged 50-74 years,82.1,Crude prevalence,22055
2022,LA,Lafourche,22057,Mammography use among women aged 50-74 years,78.2,Age-adjusted prevalence,22057
2022,LA,Lafourche,22057,Mammography use among women aged 50-74 years,78.6,Crude prevalence,22057
2022,LA,LaSalle,22059,Mammography use among women aged 50-74 years,79.1,Age-adjusted prevalence,22059
2022,LA,LaSalle,22059,Mammography use among women aged 50-74 years,79.9,Crude prevalence,22059
2022,LA,Lincoln,22061,Mammography use among women aged 50-74 years,77.1,Age-adjusted prevalence,22061
2022,LA,Lincoln,22061,Mammography use among women aged 50-74 years,77.3,Crude prevalence,22061
2022,LA,Livingston,22063,Mammography use among women aged 50-74 years,77.4,Age-adjusted prevalence,22063
2022,LA,Livingston,22063,Mammography use among women aged 50-74 years,77.7,Crude prevalence,22063
2022,LA,Madison,22065,Mammography use among women aged 50-74 years,72.9,Age-adjusted prevalence,22065
2022,LA,Madison,22065,Mammography use among women aged 50-74 years,74.0,Crude prevalence,22065
2022,LA,Morehouse,22067,Mammography use among women aged 50-74 years,77.5,Age-adjusted prevalence,22067
2022,LA,Morehouse,22067,Mammography use among women aged 50-74 years,78.4,Crude prevalence,22067
2022,LA,Natchitoches,22069,Mammography use among women aged 50-74 years,77.3,Age-adjusted prevalence,22069
2022,LA,Natchitoches,22069,Mammography use among women aged 50-74 years,77.7,Crude prevalence,22069
2022,LA,Orleans,22071,Mammography use among women aged 50-74 years,81.1,Age-adjusted prevalence,22071
2022,LA,Orleans,22071,Mammography use among women aged 50-74 years,82.6,Crude prevalence,22071
2022,LA,Ouachita,22073,Mammography use among women aged 50-74 years,78.0,Age-adjusted prevalence,22073
2022,LA,Ouachita,22073,Mammography use among women aged 50-74 years,78.4,Crude prevalence,22073
2022,LA,Plaquemines,22075,Mammography use among women aged 50-74 years,78.0,Age-adjusted prevalence,22075
2022,LA,Plaquemines,22075,Mammography use among women aged 50-74 years,78.4,Crude prevalence,22075
2022,LA,Pointe Coupee,22077,Mammography use among women aged 50-74 years,76.7,Age-adjusted prevalence,22077
2022,LA,Pointe Coupee,22077,Mammography use among women aged 50-74 years,77.8,Crude prevalence,22077
2022,LA,Rapides,22079,Mammography use among women aged 50-74 years,79.0,Age-adjusted prevalence,22079
2022,LA,Rapides,22079,Mammography use among women aged 50-74 years,79.7,Crude prevalence,22079
2022,LA,Red River,22081,Mammography use among women aged 50-74 years,74.7,Age-adjusted prevalence,22081
2022,LA,Red River,22081,Mammography use among women aged 50-74 years,75.1,Crude prevalence,22081
2022,LA,Richland,22083,Mammography use among women aged 50-74 years,75.8,Age-adjusted prevalence,22083
2022,LA,Richland,22083,Mammography use among women aged 50-74 years,76.4,Crude prevalence,22083
2022,LA,Sabine,22085,Mammography use among women aged 50-74 years,76.3,Age-adjusted prevalence,22085
2022,LA,Sabine,22085,Mammography use among women aged 50-74 years,77.0,Crude prevalence,22085
2022,LA,St. Bernard,22087,Mammography use among women aged 50-74 years,77.0,Age-adjusted prevalence,22087
2022,LA,St. Bernard,22087,Mammography use among women aged 50-74 years,77.1,Crude prevalence,22087
2022,LA,St. Charles,22089,Mammography use among women aged 50-74 years,80.4,Age-adjusted prevalence,22089
2022,LA,St. Charles,22089,Mammography use among women aged 50-74 years,80.7,Crude prevalence,22089
2022,LA,St. Helena,22091,Mammography use among women aged 50-74 years,75.4,Age-adjusted prevalence,22091
2022,LA,St. Helena,22091,Mammography use among women aged 50-74 years,75.7,Crude prevalence,22091
2022,LA,St. James,22093,Mammography use among women aged 50-74 years,82.8,Age-adjusted prevalence,22093
2022,LA,St. James,22093,Mammography use among women aged 50-74 years,82.8,Crude prevalence,22093
2022,LA,St. John the Baptist,22095,Mammography use among women aged 50-74 years,80.6,Age-adjusted prevalence,22095
2022,LA,St. John the Baptist,22095,Mammography use among women aged 50-74 years,80.8,Crude prevalence,22095
2022,LA,St. Landry,22097,Mammography use among women aged 50-74 years,75.5,Age-adjusted prevalence,22097
2022,LA,St. Landry,22097,Mammography use among women aged 50-74 years,75.9,Crude prevalence,22097
2022,LA,St. Martin,22099,Mammography use among women aged 50-74 years,76.6,Age-adjusted prevalence,22099
2022,LA,St. Martin,22099,Mammography use among women aged 50-74 years,76.9,Crude prevalence,22099
2022,LA,St. Mary,22101,Mammography use among women aged 50-74 years,77.8,Age-adjusted prevalence,22101
2022,LA,St. Mary,22101,Mammography use among women aged 50-74 years,77.8,Crude prevalence,22101
2022,LA,St. Tammany,22103,Mammography use among women aged 50-74 years,80.7,Age-adjusted prevalence,22103
2022,LA,St. Tammany,22103,Mammography use among women aged 50-74 years,80.9,Crude prevalence,22103
2022,LA,Tangipahoa,22105,Mammography use among women aged 50-74 years,76.1,Age-adjusted prevalence,22105
2022,LA,Tangipahoa,22105,Mammography use among women aged 50-74 years,77.2,Crude prevalence,22105
2022,LA,Tensas,22107,Mammography use among women aged 50-74 years,76.9,Age-adjusted prevalence,22107
2022,LA,Tensas,22107,Mammography use among women aged 50-74 years,77.5,Crude prevalence,22107
2022,LA,Terrebonne,22109,Mammography use among women aged 50-74 years,75.9,Age-adjusted prevalence,22109
2022,LA,Terrebonne,22109,Mammography use among women aged 50-74 years,76.2,Crude prevalence,22109
2022,LA,Union,22111,Mammography use among women aged 50-74 years,77.1,Age-adjusted prevalence,22111
2022,LA,Union,22111,Mammography use among women aged 50-74 years,78.0,Crude prevalence,22111
2022,LA,Vermilion,22113,Mammography use among women aged 50-74 years,75.8,Age-adjusted prevalence,22113
2022,LA,Vermilion,22113,Mammography use among women aged 50-74 years,76.1,Crude prevalence,22113
2022,LA,Vernon,22115,Mammography use among women aged 50-74 years,79.9,Age-adjusted prevalence,22115
2022,LA,Vernon,22115,Mammography use among women aged 50-74 years,79.9,Crude prevalence,22115
2022,LA,Washington,22117,Mammography use among women aged 50-74 years,76.9,Age-adjusted prevalence,22117
2022,LA,Washington,22117,Mammography use among women aged 50-74 years,77.5,Crude prevalence,22117
2022,LA,Webster,22119,Mammography use among women aged 50-74 years,76.2,Age-adjusted prevalence,22119
2022,LA,Webster,22119,Mammography use among women aged 50-74 years,76.9,Crude prevalence,22119
2022,LA,West Baton Rouge,22121,Mammography use among women aged 50-74 years,81.7,Age-adjusted prevalence,22121
2022,LA,West Baton Rouge,22121,Mammography use among women aged 50-74 years,81.7,Crude prevalence,22121
2022,LA,West Carroll,22123,Mammography use among women aged 50-74 years,73.9,Age-adjusted prevalence,22123
2022,LA,West Carroll,22123,Mammography use among women aged 50-74 years,74.3,Crude prevalence,22123
2022,LA,West Feliciana,22125,Mammography use among women aged 50-74 years,81.0,Age-adjusted prevalence,22125
2022,LA,West Feliciana,22125,Mammography use among women aged 50-74 years,81.5,Crude prevalence,22125
2022,LA,Winn,22127,Mammography use among women aged 50-74 years,78.0,Age-adjusted prevalence,22127
2022,LA,Winn,22127,Mammography use among women aged 50-74 years,78.2,Crude prevalence,22127
2022,ME,Androscoggin,23001,Mammography use among women aged 50-74 years,80.1,Age-adjusted prevalence,23001
2022,ME,Androscoggin,23001,Mammography use among women aged 50-74 years,80.4,Crude prevalence,23001
2022,ME,Aroostook,23003,Mammography use among women aged 50-74 years,78.0,Age-adjusted prevalence,23003
2022,ME,Aroostook,23003,Mammography use among women aged 50-74 years,78.6,Crude prevalence,23003
2022,ME,Cumberland,23005,Mammography use among women aged 50-74 years,81.3,Age-adjusted prevalence,23005
2022,ME,Cumberland,23005,Mammography use among women aged 50-74 years,81.6,Crude prevalence,23005
2022,ME,Franklin,23007,Mammography use among women aged 50-74 years,82.0,Age-adjusted prevalence,23007
2022,ME,Franklin,23007,Mammography use among women aged 50-74 years,82.9,Crude prevalence,23007
2022,ME,Hancock,23009,Mammography use among women aged 50-74 years,81.1,Age-adjusted prevalence,23009
2022,ME,Hancock,23009,Mammography use among women aged 50-74 years,81.6,Crude prevalence,23009
2022,ME,Kennebec,23011,Mammography use among women aged 50-74 years,77.5,Age-adjusted prevalence,23011
2022,ME,Kennebec,23011,Mammography use among women aged 50-74 years,78.2,Crude prevalence,23011
2022,ME,Knox,23013,Mammography use among women aged 50-74 years,78.1,Age-adjusted prevalence,23013
2022,ME,Knox,23013,Mammography use among women aged 50-74 years,79.1,Crude prevalence,23013
2022,ME,Lincoln,23015,Mammography use among women aged 50-74 years,78.3,Age-adjusted prevalence,23015
2022,ME,Lincoln,23015,Mammography use among women aged 50-74 years,77.7,Crude prevalence,23015
2022,ME,Oxford,23017,Mammography use among women aged 50-74 years,76.6,Age-adjusted prevalence,23017
2022,ME,Oxford,23017,Mammography use among women aged 50-74 years,77.3,Crude prevalence,23017
2022,ME,Penobscot,23019,Mammography use among women aged 50-74 years,81.2,Age-adjusted prevalence,23019
2022,ME,Penobscot,23019,Mammography use among women aged 50-74 years,81.3,Crude prevalence,23019
2022,ME,Piscataquis,23021,Mammography use among women aged 50-74 years,74.3,Age-adjusted prevalence,23021
2022,ME,Piscataquis,23021,Mammography use among women aged 50-74 years,74.3,Crude prevalence,23021
2022,ME,Sagadahoc,23023,Mammography use among women aged 50-74 years,78.9,Age-adjusted prevalence,23023
2022,ME,Sagadahoc,23023,Mammography use among women aged 50-74 years,79.7,Crude prevalence,23023
2022,ME,Somerset,23025,Mammography use among women aged 50-74 years,79.5,Age-adjusted prevalence,23025
2022,ME,Somerset,23025,Mammography use among women aged 50-74 years,80.2,Crude prevalence,23025
2022,ME,Waldo,23027,Mammography use among women aged 50-74 years,77.0,Age-adjusted prevalence,23027
2022,ME,Waldo,23027,Mammography use among women aged 50-74 years,78.1,Crude prevalence,23027
2022,ME,Washington,23029,Mammography use among women aged 50-74 years,74.7,Age-adjusted prevalence,23029
2022,ME,Washington,23029,Mammography use among women aged 50-74 years,76.5,Crude prevalence,23029
2022,ME,York,23031,Mammography use among women aged 50-74 years,81.6,Age-adjusted prevalence,23031
2022,ME,York,23031,Mammography use among women aged 50-74 years,81.8,Crude prevalence,23031
2022,MD,Allegany,24001,Mammography use among women aged 50-74 years,77.6,Age-adjusted prevalence,24001
2022,MD,Allegany,24001,Mammography use among women aged 50-74 years,78.0,Crude prevalence,24001
2022,MD,Anne Arundel,24003,Mammography use among women aged 50-74 years,86.0,Age-adjusted prevalence,24003
2022,MD,Anne Arundel,24003,Mammography use among women aged 50-74 years,86.2,Crude prevalence,24003
2022,MD,Baltimore,24005,Mammography use among women aged 50-74 years,79.2,Age-adjusted prevalence,24005
2022,MD,Baltimore,24005,Mammography use among women aged 50-74 years,79.8,Crude prevalence,24005
2022,MD,Calvert,24009,Mammography use among women aged 50-74 years,82.1,Age-adjusted prevalence,24009
2022,MD,Calvert,24009,Mammography use among women aged 50-74 years,82.1,Crude prevalence,24009
2022,MD,Caroline,24011,Mammography use among women aged 50-74 years,75.1,Age-adjusted prevalence,24011
2022,MD,Caroline,24011,Mammography use among women aged 50-74 years,75.8,Crude prevalence,24011
2022,MD,Carroll,24013,Mammography use among women aged 50-74 years,81.2,Age-adjusted prevalence,24013
2022,MD,Carroll,24013,Mammography use among women aged 50-74 years,81.2,Crude prevalence,24013
2022,MD,Cecil,24015,Mammography use among women aged 50-74 years,72.6,Age-adjusted prevalence,24015
2022,MD,Cecil,24015,Mammography use among women aged 50-74 years,73.2,Crude prevalence,24015
2022,MD,Charles,24017,Mammography use among women aged 50-74 years,80.2,Age-adjusted prevalence,24017
2022,MD,Charles,24017,Mammography use among women aged 50-74 years,80.1,Crude prevalence,24017
2022,MD,Dorchester,24019,Mammography use among women aged 50-74 years,81.2,Age-adjusted prevalence,24019
2022,MD,Dorchester,24019,Mammography use among women aged 50-74 years,81.7,Crude prevalence,24019
2022,MD,Frederick,24021,Mammography use among women aged 50-74 years,74.7,Age-adjusted prevalence,24021
2022,MD,Frederick,24021,Mammography use among women aged 50-74 years,75.2,Crude prevalence,24021
2022,MD,Garrett,24023,Mammography use among women aged 50-74 years,75.6,Age-adjusted prevalence,24023
2022,MD,Garrett,24023,Mammography use among women aged 50-74 years,75.7,Crude prevalence,24023
2022,MD,Harford,24025,Mammography use among women aged 50-74 years,80.6,Age-adjusted prevalence,24025
2022,MD,Harford,24025,Mammography use among women aged 50-74 years,81.1,Crude prevalence,24025
2022,MD,Howard,24027,Mammography use among women aged 50-74 years,82.9,Age-adjusted prevalence,24027
2022,MD,Howard,24027,Mammography use among women aged 50-74 years,83.0,Crude prevalence,24027
2022,MD,Kent,24029,Mammography use among women aged 50-74 years,81.5,Age-adjusted prevalence,24029
2022,MD,Kent,24029,Mammography use among women aged 50-74 years,81.6,Crude prevalence,24029
2022,MD,Montgomery,24031,Mammography use among women aged 50-74 years,80.2,Age-adjusted prevalence,24031
2022,MD,Montgomery,24031,Mammography use among women aged 50-74 years,80.2,Crude prevalence,24031
2022,MD,Prince George's,24033,Mammography use among women aged 50-74 years,80.7,Age-adjusted prevalence,24033
2022,MD,Prince George's,24033,Mammography use among women aged 50-74 years,81.5,Crude prevalence,24033
2022,MD,Queen Anne's,24035,Mammography use among women aged 50-74 years,81.5,Age-adjusted prevalence,24035
2022,MD,Queen Anne's,24035,Mammography use among women aged 50-74 years,81.8,Crude prevalence,24035
2022,MD,St. Mary's,24037,Mammography use among women aged 50-74 years,77.4,Age-adjusted prevalence,24037
2022,MD,St. Mary's,24037,Mammography use among women aged 50-74 years,77.5,Crude prevalence,24037
2022,MD,Somerset,24039,Mammography use among women aged 50-74 years,75.6,Age-adjusted prevalence,24039
2022,MD,Somerset,24039,Mammography use among women aged 50-74 years,77.1,Crude prevalence,24039
2022,MD,Talbot,24041,Mammography use among women aged 50-74 years,79.9,Age-adjusted prevalence,24041
2022,MD,Talbot,24041,Mammography use among women aged 50-74 years,81.2,Crude prevalence,24041
2022,MD,Washington,24043,Mammography use among women aged 50-74 years,74.7,Age-adjusted prevalence,24043
2022,MD,Washington,24043,Mammography use among women aged 50-74 years,75.1,Crude prevalence,24043
2022,MD,Wicomico,24045,Mammography use among women aged 50-74 years,76.6,Age-adjusted prevalence,24045
2022,MD,Wicomico,24045,Mammography use among women aged 50-74 years,77.5,Crude prevalence,24045
2022,MD,Worcester,24047,Mammography use among women aged 50-74 years,77.7,Age-adjusted prevalence,24047
2022,MD,Worcester,24047,Mammography use among women aged 50-74 years,79.0,Crude prevalence,24047
2022,MD,Baltimore,24510,Mammography use among women aged 50-74 years,81.4,Age-adjusted prevalence,24510
2022,MD,Baltimore,24510,Mammography use among women aged 50-74 years,82.2,Crude prevalence,24510
2022,MA,Barnstable,25001,Mammography use among women aged 50-74 years,82.4,Age-adjusted prevalence,25001
2022,MA,Barnstable,25001,Mammography use among women aged 50-74 years,82.8,Crude prevalence,25001
2022,MA,Berkshire,25003,Mammography use among women aged 50-74 years,78.4,Age-adjusted prevalence,25003
2022,MA,Berkshire,25003,Mammography use among women aged 50-74 years,78.5,Crude prevalence,25003
2022,MA,Bristol,25005,Mammography use among women aged 50-74 years,82.0,Age-adjusted prevalence,25005
2022,MA,Bristol,25005,Mammography use among women aged 50-74 years,82.5,Crude prevalence,25005
2022,MA,Dukes,25007,Mammography use among women aged 50-74 years,81.8,Age-adjusted prevalence,25007
2022,MA,Dukes,25007,Mammography use among women aged 50-74 years,82.9,Crude prevalence,25007
2022,MA,Essex,25009,Mammography use among women aged 50-74 years,83.6,Age-adjusted prevalence,25009
2022,MA,Essex,25009,Mammography use among women aged 50-74 years,83.5,Crude prevalence,25009
2022,MA,Franklin,25011,Mammography use among women aged 50-74 years,81.4,Age-adjusted prevalence,25011
2022,MA,Franklin,25011,Mammography use among women aged 50-74 years,81.6,Crude prevalence,25011
2022,MA,Hampden,25013,Mammography use among women aged 50-74 years,80.9,Age-adjusted prevalence,25013
2022,MA,Hampden,25013,Mammography use among women aged 50-74 years,81.4,Crude prevalence,25013
2022,MA,Hampshire,25015,Mammography use among women aged 50-74 years,83.8,Age-adjusted prevalence,25015
2022,MA,Hampshire,25015,Mammography use among women aged 50-74 years,84.0,Crude prevalence,25015
2022,MA,Middlesex,25017,Mammography use among women aged 50-74 years,81.6,Age-adjusted prevalence,25017
2022,MA,Middlesex,25017,Mammography use among women aged 50-74 years,82.0,Crude prevalence,25017
2022,MA,Nantucket,25019,Mammography use among women aged 50-74 years,82.1,Age-adjusted prevalence,25019
2022,MA,Nantucket,25019,Mammography use among women aged 50-74 years,82.5,Crude prevalence,25019
2022,MA,Norfolk,25021,Mammography use among women aged 50-74 years,86.4,Age-adjusted prevalence,25021
2022,MA,Norfolk,25021,Mammography use among women aged 50-74 years,86.6,Crude prevalence,25021
2022,MA,Plymouth,25023,Mammography use among women aged 50-74 years,86.6,Age-adjusted prevalence,25023
2022,MA,Plymouth,25023,Mammography use among women aged 50-74 years,87.1,Crude prevalence,25023
2022,MA,Suffolk,25025,Mammography use among women aged 50-74 years,85.0,Age-adjusted prevalence,25025
2022,MA,Suffolk,25025,Mammography use among women aged 50-74 years,85.4,Crude prevalence,25025
2022,MA,Worcester,25027,Mammography use among women aged 50-74 years,84.0,Age-adjusted prevalence,25027
2022,MA,Worcester,25027,Mammography use among women aged 50-74 years,84.5,Crude prevalence,25027
2022,MI,Alcona,26001,Mammography use among women aged 50-74 years,76.8,Age-adjusted prevalence,26001
2022,MI,Alcona,26001,Mammography use among women aged 50-74 years,78.3,Crude prevalence,26001
2022,MI,Alger,26003,Mammography use among women aged 50-74 years,75.6,Age-adjusted prevalence,26003
2022,MI,Alger,26003,Mammography use among women aged 50-74 years,76.8,Crude prevalence,26003
2022,MI,Allegan,26005,Mammography use among women aged 50-74 years,78.0,Age-adjusted prevalence,26005
2022,MI,Allegan,26005,Mammography use among women aged 50-74 years,78.6,Crude prevalence,26005
2022,MI,Alpena,26007,Mammography use among women aged 50-74 years,73.1,Age-adjusted prevalence,26007
2022,MI,Alpena,26007,Mammography use among women aged 50-74 years,74.1,Crude prevalence,26007
2022,MI,Antrim,26009,Mammography use among women aged 50-74 years,76.0,Age-adjusted prevalence,26009
2022,MI,Antrim,26009,Mammography use among women aged 50-74 years,77.6,Crude prevalence,26009
2022,MI,Arenac,26011,Mammography use among women aged 50-74 years,76.2,Age-adjusted prevalence,26011
2022,MI,Arenac,26011,Mammography use among women aged 50-74 years,77.5,Crude prevalence,26011
2022,MI,Baraga,26013,Mammography use among women aged 50-74 years,74.2,Age-adjusted prevalence,26013
2022,MI,Baraga,26013,Mammography use among women aged 50-74 years,74.7,Crude prevalence,26013
2022,MI,Barry,26015,Mammography use among women aged 50-74 years,77.1,Age-adjusted prevalence,26015
2022,MI,Barry,26015,Mammography use among women aged 50-74 years,77.6,Crude prevalence,26015
2022,MI,Bay,26017,Mammography use among women aged 50-74 years,77.6,Age-adjusted prevalence,26017
2022,MI,Bay,26017,Mammography use among women aged 50-74 years,77.6,Crude prevalence,26017
2022,MI,Benzie,26019,Mammography use among women aged 50-74 years,74.1,Age-adjusted prevalence,26019
2022,MI,Benzie,26019,Mammography use among women aged 50-74 years,74.5,Crude prevalence,26019
2022,MI,Berrien,26021,Mammography use among women aged 50-74 years,74.6,Age-adjusted prevalence,26021
2022,MI,Berrien,26021,Mammography use among women aged 50-74 years,76.3,Crude prevalence,26021
2022,MI,Branch,26023,Mammography use among women aged 50-74 years,72.8,Age-adjusted prevalence,26023
2022,MI,Branch,26023,Mammography use among women aged 50-74 years,73.0,Crude prevalence,26023
2022,MI,Calhoun,26025,Mammography use among women aged 50-74 years,74.2,Age-adjusted prevalence,26025
2022,MI,Calhoun,26025,Mammography use among women aged 50-74 years,74.6,Crude prevalence,26025
2022,MI,Cass,26027,Mammography use among women aged 50-74 years,76.7,Age-adjusted prevalence,26027
2022,MI,Cass,26027,Mammography use among women aged 50-74 years,77.4,Crude prevalence,26027
2022,MI,Charlevoix,26029,Mammography use among women aged 50-74 years,77.9,Age-adjusted prevalence,26029
2022,MI,Charlevoix,26029,Mammography use among women aged 50-74 years,78.2,Crude prevalence,26029
2022,MI,Cheboygan,26031,Mammography use among women aged 50-74 years,72.2,Age-adjusted prevalence,26031
2022,MI,Cheboygan,26031,Mammography use among women aged 50-74 years,73.4,Crude prevalence,26031
2022,MI,Chippewa,26033,Mammography use among women aged 50-74 years,75.6,Age-adjusted prevalence,26033
2022,MI,Chippewa,26033,Mammography use among women aged 50-74 years,76.7,Crude prevalence,26033
2022,MI,Clare,26035,Mammography use among women aged 50-74 years,71.5,Age-adjusted prevalence,26035
2022,MI,Clare,26035,Mammography use among women aged 50-74 years,72.8,Crude prevalence,26035
2022,MI,Clinton,26037,Mammography use among women aged 50-74 years,78.5,Age-adjusted prevalence,26037
2022,MI,Clinton,26037,Mammography use among women aged 50-74 years,78.8,Crude prevalence,26037
2022,MI,Crawford,26039,Mammography use among women aged 50-74 years,75.1,Age-adjusted prevalence,26039
2022,MI,Crawford,26039,Mammography use among women aged 50-74 years,76.7,Crude prevalence,26039
2022,MI,Delta,26041,Mammography use among women aged 50-74 years,74.3,Age-adjusted prevalence,26041
2022,MI,Delta,26041,Mammography use among women aged 50-74 years,75.5,Crude prevalence,26041
2022,MI,Dickinson,26043,Mammography use among women aged 50-74 years,79.5,Age-adjusted prevalence,26043
2022,MI,Dickinson,26043,Mammography use among women aged 50-74 years,81.1,Crude prevalence,26043
2022,MI,Eaton,26045,Mammography use among women aged 50-74 years,77.3,Age-adjusted prevalence,26045
2022,MI,Eaton,26045,Mammography use among women aged 50-74 years,77.6,Crude prevalence,26045
2022,MI,Emmet,26047,Mammography use among women aged 50-74 years,77.9,Age-adjusted prevalence,26047
2022,MI,Emmet,26047,Mammography use among women aged 50-74 years,79.3,Crude prevalence,26047
2022,MI,Genesee,26049,Mammography use among women aged 50-74 years,76.7,Age-adjusted prevalence,26049
2022,MI,Genesee,26049,Mammography use among women aged 50-74 years,78.0,Crude prevalence,26049
2022,MI,Gladwin,26051,Mammography use among women aged 50-74 years,75.6,Age-adjusted prevalence,26051
2022,MI,Gladwin,26051,Mammography use among women aged 50-74 years,76.4,Crude prevalence,26051
2022,MI,Gogebic,26053,Mammography use among women aged 50-74 years,74.4,Age-adjusted prevalence,26053
2022,MI,Gogebic,26053,Mammography use among women aged 50-74 years,75.6,Crude prevalence,26053
2022,MI,Grand Traverse,26055,Mammography use among women aged 50-74 years,75.7,Age-adjusted prevalence,26055
2022,MI,Grand Traverse,26055,Mammography use among women aged 50-74 years,76.4,Crude prevalence,26055
2022,MI,Gratiot,26057,Mammography use among women aged 50-74 years,75.5,Age-adjusted prevalence,26057
2022,MI,Gratiot,26057,Mammography use among women aged 50-74 years,76.0,Crude prevalence,26057
2022,MI,Hillsdale,26059,Mammography use among women aged 50-74 years,74.8,Age-adjusted prevalence,26059
2022,MI,Hillsdale,26059,Mammography use among women aged 50-74 years,76.2,Crude prevalence,26059
2022,MI,Houghton,26061,Mammography use among women aged 50-74 years,73.6,Age-adjusted prevalence,26061
2022,MI,Houghton,26061,Mammography use among women aged 50-74 years,74.5,Crude prevalence,26061
2022,MI,Huron,26063,Mammography use among women aged 50-74 years,74.2,Age-adjusted prevalence,26063
2022,MI,Huron,26063,Mammography use among women aged 50-74 years,75.1,Crude prevalence,26063
2022,MI,Ingham,26065,Mammography use among women aged 50-74 years,77.2,Age-adjusted prevalence,26065
2022,MI,Ingham,26065,Mammography use among women aged 50-74 years,78.1,Crude prevalence,26065
2022,MI,Ionia,26067,Mammography use among women aged 50-74 years,75.6,Age-adjusted prevalence,26067
2022,MI,Ionia,26067,Mammography use among women aged 50-74 years,75.9,Crude prevalence,26067
2022,MI,Iosco,26069,Mammography use among women aged 50-74 years,73.4,Age-adjusted prevalence,26069
2022,MI,Iosco,26069,Mammography use among women aged 50-74 years,73.4,Crude prevalence,26069
2022,MI,Iron,26071,Mammography use among women aged 50-74 years,76.5,Age-adjusted prevalence,26071
2022,MI,Iron,26071,Mammography use among women aged 50-74 years,78.0,Crude prevalence,26071
2022,MI,Isabella,26073,Mammography use among women aged 50-74 years,73.9,Age-adjusted prevalence,26073
2022,MI,Isabella,26073,Mammography use among women aged 50-74 years,74.8,Crude prevalence,26073
2022,MI,Jackson,26075,Mammography use among women aged 50-74 years,77.6,Age-adjusted prevalence,26075
2022,MI,Jackson,26075,Mammography use among women aged 50-74 years,77.9,Crude prevalence,26075
2022,MI,Kalamazoo,26077,Mammography use among women aged 50-74 years,77.8,Age-adjusted prevalence,26077
2022,MI,Kalamazoo,26077,Mammography use among women aged 50-74 years,78.5,Crude prevalence,26077
2022,MI,Kalkaska,26079,Mammography use among women aged 50-74 years,73.0,Age-adjusted prevalence,26079
2022,MI,Kalkaska,26079,Mammography use among women aged 50-74 years,73.2,Crude prevalence,26079
2022,MI,Kent,26081,Mammography use among women aged 50-74 years,77.9,Age-adjusted prevalence,26081
2022,MI,Kent,26081,Mammography use among women aged 50-74 years,78.2,Crude prevalence,26081
2022,MI,Keweenaw,26083,Mammography use among women aged 50-74 years,75.8,Age-adjusted prevalence,26083
2022,MI,Keweenaw,26083,Mammography use among women aged 50-74 years,77.9,Crude prevalence,26083
2022,MI,Lake,26085,Mammography use among women aged 50-74 years,70.3,Age-adjusted prevalence,26085
2022,MI,Lake,26085,Mammography use among women aged 50-74 years,70.9,Crude prevalence,26085
2022,MI,Lapeer,26087,Mammography use among women aged 50-74 years,75.3,Age-adjusted prevalence,26087
2022,MI,Lapeer,26087,Mammography use among women aged 50-74 years,75.4,Crude prevalence,26087
2022,MI,Leelanau,26089,Mammography use among women aged 50-74 years,77.5,Age-adjusted prevalence,26089
2022,MI,Leelanau,26089,Mammography use among women aged 50-74 years,78.3,Crude prevalence,26089
2022,MI,Lenawee,26091,Mammography use among women aged 50-74 years,76.7,Age-adjusted prevalence,26091
2022,MI,Lenawee,26091,Mammography use among women aged 50-74 years,78.1,Crude prevalence,26091
2022,MI,Livingston,26093,Mammography use among women aged 50-74 years,77.6,Age-adjusted prevalence,26093
2022,MI,Livingston,26093,Mammography use among women aged 50-74 years,79.0,Crude prevalence,26093
2022,MI,Luce,26095,Mammography use among women aged 50-74 years,73.1,Age-adjusted prevalence,26095
2022,MI,Luce,26095,Mammography use among women aged 50-74 years,74.1,Crude prevalence,26095
2022,MI,Mackinac,26097,Mammography use among women aged 50-74 years,72.7,Age-adjusted prevalence,26097
2022,MI,Mackinac,26097,Mammography use among women aged 50-74 years,73.7,Crude prevalence,26097
2022,MI,Macomb,26099,Mammography use among women aged 50-74 years,78.5,Age-adjusted prevalence,26099
2022,MI,Macomb,26099,Mammography use among women aged 50-74 years,78.9,Crude prevalence,26099
2022,MI,Manistee,26101,Mammography use among women aged 50-74 years,75.8,Age-adjusted prevalence,26101
2022,MI,Manistee,26101,Mammography use among women aged 50-74 years,77.4,Crude prevalence,26101
2022,MI,Marquette,26103,Mammography use among women aged 50-74 years,71.3,Age-adjusted prevalence,26103
2022,MI,Marquette,26103,Mammography use among women aged 50-74 years,71.8,Crude prevalence,26103
2022,MI,Mason,26105,Mammography use among women aged 50-74 years,75.7,Age-adjusted prevalence,26105
2022,MI,Mason,26105,Mammography use among women aged 50-74 years,76.7,Crude prevalence,26105
2022,MI,Mecosta,26107,Mammography use among women aged 50-74 years,73.1,Age-adjusted prevalence,26107
2022,MI,Mecosta,26107,Mammography use among women aged 50-74 years,73.8,Crude prevalence,26107
2022,MI,Menominee,26109,Mammography use among women aged 50-74 years,77.9,Age-adjusted prevalence,26109
2022,MI,Menominee,26109,Mammography use among women aged 50-74 years,78.3,Crude prevalence,26109
2022,MI,Midland,26111,Mammography use among women aged 50-74 years,78.0,Age-adjusted prevalence,26111
2022,MI,Midland,26111,Mammography use among women aged 50-74 years,77.7,Crude prevalence,26111
2022,MI,Missaukee,26113,Mammography use among women aged 50-74 years,73.8,Age-adjusted prevalence,26113
2022,MI,Missaukee,26113,Mammography use among women aged 50-74 years,74.3,Crude prevalence,26113
2022,MI,Monroe,26115,Mammography use among women aged 50-74 years,68.2,Age-adjusted prevalence,26115
2022,MI,Monroe,26115,Mammography use among women aged 50-74 years,69.7,Crude prevalence,26115
2022,MI,Montcalm,26117,Mammography use among women aged 50-74 years,75.2,Age-adjusted prevalence,26117
2022,MI,Montcalm,26117,Mammography use among women aged 50-74 years,75.8,Crude prevalence,26117
2022,MI,Montmorency,26119,Mammography use among women aged 50-74 years,73.7,Age-adjusted prevalence,26119
2022,MI,Montmorency,26119,Mammography use among women aged 50-74 years,74.6,Crude prevalence,26119
2022,MI,Muskegon,26121,Mammography use among women aged 50-74 years,78.3,Age-adjusted prevalence,26121
2022,MI,Muskegon,26121,Mammography use among women aged 50-74 years,78.5,Crude prevalence,26121
2022,MI,Newaygo,26123,Mammography use among women aged 50-74 years,70.9,Age-adjusted prevalence,26123
2022,MI,Newaygo,26123,Mammography use among women aged 50-74 years,71.2,Crude prevalence,26123
2022,MI,Oakland,26125,Mammography use among women aged 50-74 years,74.9,Age-adjusted prevalence,26125
2022,MI,Oakland,26125,Mammography use among women aged 50-74 years,76.0,Crude prevalence,26125
2022,MI,Oceana,26127,Mammography use among women aged 50-74 years,75.6,Age-adjusted prevalence,26127
2022,MI,Oceana,26127,Mammography use among women aged 50-74 years,77.5,Crude prevalence,26127
2022,MI,Ogemaw,26129,Mammography use among women aged 50-74 years,72.0,Age-adjusted prevalence,26129
2022,MI,Ogemaw,26129,Mammography use among women aged 50-74 years,72.5,Crude prevalence,26129
2022,MI,Ontonagon,26131,Mammography use among women aged 50-74 years,70.7,Age-adjusted prevalence,26131
2022,MI,Ontonagon,26131,Mammography use among women aged 50-74 years,71.4,Crude prevalence,26131
2022,MI,Osceola,26133,Mammography use among women aged 50-74 years,76.0,Age-adjusted prevalence,26133
2022,MI,Osceola,26133,Mammography use among women aged 50-74 years,76.8,Crude prevalence,26133
2022,MI,Oscoda,26135,Mammography use among women aged 50-74 years,72.1,Age-adjusted prevalence,26135
2022,MI,Oscoda,26135,Mammography use among women aged 50-74 years,72.3,Crude prevalence,26135
2022,MI,Otsego,26137,Mammography use among women aged 50-74 years,76.9,Age-adjusted prevalence,26137
2022,MI,Otsego,26137,Mammography use among women aged 50-74 years,78.0,Crude prevalence,26137
2022,MI,Ottawa,26139,Mammography use among women aged 50-74 years,78.8,Age-adjusted prevalence,26139
2022,MI,Ottawa,26139,Mammography use among women aged 50-74 years,78.8,Crude prevalence,26139
2022,MI,Presque Isle,26141,Mammography use among women aged 50-74 years,74.4,Age-adjusted prevalence,26141
2022,MI,Presque Isle,26141,Mammography use among women aged 50-74 years,74.9,Crude prevalence,26141
2022,MI,Roscommon,26143,Mammography use among women aged 50-74 years,71.4,Age-adjusted prevalence,26143
2022,MI,Roscommon,26143,Mammography use among women aged 50-74 years,72.0,Crude prevalence,26143
2022,MI,Saginaw,26145,Mammography use among women aged 50-74 years,77.1,Age-adjusted prevalence,26145
2022,MI,Saginaw,26145,Mammography use among women aged 50-74 years,77.6,Crude prevalence,26145
2022,MI,St. Clair,26147,Mammography use among women aged 50-74 years,71.8,Age-adjusted prevalence,26147
2022,MI,St. Clair,26147,Mammography use among women aged 50-74 years,73.2,Crude prevalence,26147
2022,MI,St. Joseph,26149,Mammography use among women aged 50-74 years,74.2,Age-adjusted prevalence,26149
2022,MI,St. Joseph,26149,Mammography use among women aged 50-74 years,75.1,Crude prevalence,26149
2022,MI,Sanilac,26151,Mammography use among women aged 50-74 years,72.8,Age-adjusted prevalence,26151
2022,MI,Sanilac,26151,Mammography use among women aged 50-74 years,74.6,Crude prevalence,26151
2022,MI,Schoolcraft,26153,Mammography use among women aged 50-74 years,72.1,Age-adjusted prevalence,26153
2022,MI,Schoolcraft,26153,Mammography use among women aged 50-74 years,73.8,Crude prevalence,26153
2022,MI,Shiawassee,26155,Mammography use among women aged 50-74 years,73.8,Age-adjusted prevalence,26155
2022,MI,Shiawassee,26155,Mammography use among women aged 50-74 years,74.5,Crude prevalence,26155
2022,MI,Tuscola,26157,Mammography use among women aged 50-74 years,74.3,Age-adjusted prevalence,26157
2022,MI,Tuscola,26157,Mammography use among women aged 50-74 years,75.1,Crude prevalence,26157
2022,MI,Van Buren,26159,Mammography use among women aged 50-74 years,74.2,Age-adjusted prevalence,26159
2022,MI,Van Buren,26159,Mammography use among women aged 50-74 years,75.2,Crude prevalence,26159
2022,MI,Washtenaw,26161,Mammography use among women aged 50-74 years,77.9,Age-adjusted prevalence,26161
2022,MI,Washtenaw,26161,Mammography use among women aged 50-74 years,78.2,Crude prevalence,26161
2022,MI,Wayne,26163,Mammography use among women aged 50-74 years,76.6,Age-adjusted prevalence,26163
2022,MI,Wayne,26163,Mammography use among women aged 50-74 years,77.0,Crude prevalence,26163
2022,MI,Wexford,26165,Mammography use among women aged 50-74 years,70.0,Age-adjusted prevalence,26165
2022,MI,Wexford,26165,Mammography use among women aged 50-74 years,71.1,Crude prevalence,26165
2022,MN,Aitkin,27001,Mammography use among women aged 50-74 years,75.7,Age-adjusted prevalence,27001
2022,MN,Aitkin,27001,Mammography use among women aged 50-74 years,76.7,Crude prevalence,27001
2022,MN,Anoka,27003,Mammography use among women aged 50-74 years,75.2,Age-adjusted prevalence,27003
2022,MN,Anoka,27003,Mammography use among women aged 50-74 years,75.3,Crude prevalence,27003
2022,MN,Becker,27005,Mammography use among women aged 50-74 years,73.7,Age-adjusted prevalence,27005
2022,MN,Becker,27005,Mammography use among women aged 50-74 years,75.2,Crude prevalence,27005
2022,MN,Beltrami,27007,Mammography use among women aged 50-74 years,77.3,Age-adjusted prevalence,27007
2022,MN,Beltrami,27007,Mammography use among women aged 50-74 years,77.7,Crude prevalence,27007
2022,MN,Benton,27009,Mammography use among women aged 50-74 years,79.2,Age-adjusted prevalence,27009
2022,MN,Benton,27009,Mammography use among women aged 50-74 years,79.9,Crude prevalence,27009
2022,MN,Big Stone,27011,Mammography use among women aged 50-74 years,76.8,Age-adjusted prevalence,27011
2022,MN,Big Stone,27011,Mammography use among women aged 50-74 years,77.7,Crude prevalence,27011
2022,MN,Blue Earth,27013,Mammography use among women aged 50-74 years,81.1,Age-adjusted prevalence,27013
2022,MN,Blue Earth,27013,Mammography use among women aged 50-74 years,81.7,Crude prevalence,27013
2022,MN,Brown,27015,Mammography use among women aged 50-74 years,78.3,Age-adjusted prevalence,27015
2022,MN,Brown,27015,Mammography use among women aged 50-74 years,79.3,Crude prevalence,27015
2022,MN,Carlton,27017,Mammography use among women aged 50-74 years,77.8,Age-adjusted prevalence,27017
2022,MN,Carlton,27017,Mammography use among women aged 50-74 years,78.6,Crude prevalence,27017
2022,MN,Carver,27019,Mammography use among women aged 50-74 years,81.7,Age-adjusted prevalence,27019
2022,MN,Carver,27019,Mammography use among women aged 50-74 years,81.9,Crude prevalence,27019
2022,MN,Cass,27021,Mammography use among women aged 50-74 years,76.1,Age-adjusted prevalence,27021
2022,MN,Cass,27021,Mammography use among women aged 50-74 years,76.4,Crude prevalence,27021
2022,MN,Chippewa,27023,Mammography use among women aged 50-74 years,74.5,Age-adjusted prevalence,27023
2022,MN,Chippewa,27023,Mammography use among women aged 50-74 years,75.0,Crude prevalence,27023
2022,MN,Chisago,27025,Mammography use among women aged 50-74 years,79.0,Age-adjusted prevalence,27025
2022,MN,Chisago,27025,Mammography use among women aged 50-74 years,78.6,Crude prevalence,27025
2022,MN,Clay,27027,Mammography use among women aged 50-74 years,78.7,Age-adjusted prevalence,27027
2022,MN,Clay,27027,Mammography use among women aged 50-74 years,79.6,Crude prevalence,27027
2022,MN,Clearwater,27029,Mammography use among women aged 50-74 years,70.8,Age-adjusted prevalence,27029
2022,MN,Clearwater,27029,Mammography use among women aged 50-74 years,72.6,Crude prevalence,27029
2022,MN,Cook,27031,Mammography use among women aged 50-74 years,78.2,Age-adjusted prevalence,27031
2022,MN,Cook,27031,Mammography use among women aged 50-74 years,79.2,Crude prevalence,27031
2022,MN,Cottonwood,27033,Mammography use among women aged 50-74 years,77.2,Age-adjusted prevalence,27033
2022,MN,Cottonwood,27033,Mammography use among women aged 50-74 years,78.1,Crude prevalence,27033
2022,MN,Crow Wing,27035,Mammography use among women aged 50-74 years,78.2,Age-adjusted prevalence,27035
2022,MN,Crow Wing,27035,Mammography use among women aged 50-74 years,80.3,Crude prevalence,27035
2022,MN,Dakota,27037,Mammography use among women aged 50-74 years,78.6,Age-adjusted prevalence,27037
2022,MN,Dakota,27037,Mammography use among women aged 50-74 years,78.8,Crude prevalence,27037
2022,MN,Dodge,27039,Mammography use among women aged 50-74 years,79.0,Age-adjusted prevalence,27039
2022,MN,Dodge,27039,Mammography use among women aged 50-74 years,79.7,Crude prevalence,27039
2022,MN,Douglas,27041,Mammography use among women aged 50-74 years,76.2,Age-adjusted prevalence,27041
2022,MN,Douglas,27041,Mammography use among women aged 50-74 years,77.1,Crude prevalence,27041
2022,MN,Faribault,27043,Mammography use among women aged 50-74 years,75.5,Age-adjusted prevalence,27043
2022,MN,Faribault,27043,Mammography use among women aged 50-74 years,76.6,Crude prevalence,27043
2022,MN,Fillmore,27045,Mammography use among women aged 50-74 years,77.5,Age-adjusted prevalence,27045
2022,MN,Fillmore,27045,Mammography use among women aged 50-74 years,78.5,Crude prevalence,27045
2022,MN,Freeborn,27047,Mammography use among women aged 50-74 years,74.8,Age-adjusted prevalence,27047
2022,MN,Freeborn,27047,Mammography use among women aged 50-74 years,74.4,Crude prevalence,27047
2022,MN,Goodhue,27049,Mammography use among women aged 50-74 years,76.5,Age-adjusted prevalence,27049
2022,MN,Goodhue,27049,Mammography use among women aged 50-74 years,76.9,Crude prevalence,27049
2022,MN,Grant,27051,Mammography use among women aged 50-74 years,78.1,Age-adjusted prevalence,27051
2022,MN,Grant,27051,Mammography use among women aged 50-74 years,79.5,Crude prevalence,27051
2022,MN,Hennepin,27053,Mammography use among women aged 50-74 years,77.9,Age-adjusted prevalence,27053
2022,MN,Hennepin,27053,Mammography use among women aged 50-74 years,78.0,Crude prevalence,27053
2022,MN,Houston,27055,Mammography use among women aged 50-74 years,75.2,Age-adjusted prevalence,27055
2022,MN,Houston,27055,Mammography use among women aged 50-74 years,76.6,Crude prevalence,27055
2022,MN,Hubbard,27057,Mammography use among women aged 50-74 years,78.5,Age-adjusted prevalence,27057
2022,MN,Hubbard,27057,Mammography use among women aged 50-74 years,79.8,Crude prevalence,27057
2022,MN,Isanti,27059,Mammography use among women aged 50-74 years,75.3,Age-adjusted prevalence,27059
2022,MN,Isanti,27059,Mammography use among women aged 50-74 years,75.5,Crude prevalence,27059
2022,MN,Itasca,27061,Mammography use among women aged 50-74 years,74.0,Age-adjusted prevalence,27061
2022,MN,Itasca,27061,Mammography use among women aged 50-74 years,75.1,Crude prevalence,27061
2022,MN,Jackson,27063,Mammography use among women aged 50-74 years,76.2,Age-adjusted prevalence,27063
2022,MN,Jackson,27063,Mammography use among women aged 50-74 years,76.9,Crude prevalence,27063
2022,MN,Kanabec,27065,Mammography use among women aged 50-74 years,77.2,Age-adjusted prevalence,27065
2022,MN,Kanabec,27065,Mammography use among women aged 50-74 years,76.9,Crude prevalence,27065
2022,MN,Kandiyohi,27067,Mammography use among women aged 50-74 years,79.6,Age-adjusted prevalence,27067
2022,MN,Kandiyohi,27067,Mammography use among women aged 50-74 years,79.5,Crude prevalence,27067
2022,MN,Kittson,27069,Mammography use among women aged 50-74 years,76.4,Age-adjusted prevalence,27069
2022,MN,Kittson,27069,Mammography use among women aged 50-74 years,77.4,Crude prevalence,27069
2022,MN,Koochiching,27071,Mammography use among women aged 50-74 years,76.9,Age-adjusted prevalence,27071
2022,MN,Koochiching,27071,Mammography use among women aged 50-74 years,78.3,Crude prevalence,27071
2022,MN,Lac qui Parle,27073,Mammography use among women aged 50-74 years,79.7,Age-adjusted prevalence,27073
2022,MN,Lac qui Parle,27073,Mammography use among women aged 50-74 years,79.8,Crude prevalence,27073
2022,MN,Lake,27075,Mammography use among women aged 50-74 years,78.4,Age-adjusted prevalence,27075
2022,MN,Lake,27075,Mammography use among women aged 50-74 years,79.7,Crude prevalence,27075
2022,MN,Lake of the Woods,27077,Mammography use among women aged 50-74 years,74.6,Age-adjusted prevalence,27077
2022,MN,Lake of the Woods,27077,Mammography use among women aged 50-74 years,76.3,Crude prevalence,27077
2022,MN,Le Sueur,27079,Mammography use among women aged 50-74 years,73.7,Age-adjusted prevalence,27079
2022,MN,Le Sueur,27079,Mammography use among women aged 50-74 years,74.8,Crude prevalence,27079
2022,MN,Lincoln,27081,Mammography use among women aged 50-74 years,78.1,Age-adjusted prevalence,27081
2022,MN,Lincoln,27081,Mammography use among women aged 50-74 years,78.0,Crude prevalence,27081
2022,MN,Lyon,27083,Mammography use among women aged 50-74 years,76.1,Age-adjusted prevalence,27083
2022,MN,Lyon,27083,Mammography use among women aged 50-74 years,76.3,Crude prevalence,27083
2022,MN,McLeod,27085,Mammography use among women aged 50-74 years,77.3,Age-adjusted prevalence,27085
2022,MN,McLeod,27085,Mammography use among women aged 50-74 years,78.2,Crude prevalence,27085
2022,MN,Mahnomen,27087,Mammography use among women aged 50-74 years,69.8,Age-adjusted prevalence,27087
2022,MN,Mahnomen,27087,Mammography use among women aged 50-74 years,70.7,Crude prevalence,27087
2022,MN,Marshall,27089,Mammography use among women aged 50-74 years,76.2,Age-adjusted prevalence,27089
2022,MN,Marshall,27089,Mammography use among women aged 50-74 years,76.2,Crude prevalence,27089
2022,MN,Martin,27091,Mammography use among women aged 50-74 years,77.7,Age-adjusted prevalence,27091
2022,MN,Martin,27091,Mammography use among women aged 50-74 years,78.7,Crude prevalence,27091
2022,MN,Meeker,27093,Mammography use among women aged 50-74 years,74.7,Age-adjusted prevalence,27093
2022,MN,Meeker,27093,Mammography use among women aged 50-74 years,75.0,Crude prevalence,27093
2022,MN,Mille Lacs,27095,Mammography use among women aged 50-74 years,75.4,Age-adjusted prevalence,27095
2022,MN,Mille Lacs,27095,Mammography use among women aged 50-74 years,76.7,Crude prevalence,27095
2022,MN,Morrison,27097,Mammography use among women aged 50-74 years,79.6,Age-adjusted prevalence,27097
2022,MN,Morrison,27097,Mammography use among women aged 50-74 years,79.7,Crude prevalence,27097
2022,MN,Mower,27099,Mammography use among women aged 50-74 years,79.2,Age-adjusted prevalence,27099
2022,MN,Mower,27099,Mammography use among women aged 50-74 years,79.4,Crude prevalence,27099
2022,MN,Murray,27101,Mammography use among women aged 50-74 years,76.4,Age-adjusted prevalence,27101
2022,MN,Murray,27101,Mammography use among women aged 50-74 years,77.6,Crude prevalence,27101
2022,MN,Nicollet,27103,Mammography use among women aged 50-74 years,78.7,Age-adjusted prevalence,27103
2022,MN,Nicollet,27103,Mammography use among women aged 50-74 years,78.7,Crude prevalence,27103
2022,MN,Nobles,27105,Mammography use among women aged 50-74 years,70.4,Age-adjusted prevalence,27105
2022,MN,Nobles,27105,Mammography use among women aged 50-74 years,71.2,Crude prevalence,27105
2022,MN,Norman,27107,Mammography use among women aged 50-74 years,76.2,Age-adjusted prevalence,27107
2022,MN,Norman,27107,Mammography use among women aged 50-74 years,75.7,Crude prevalence,27107
2022,MN,Olmsted,27109,Mammography use among women aged 50-74 years,81.8,Age-adjusted prevalence,27109
2022,MN,Olmsted,27109,Mammography use among women aged 50-74 years,82.6,Crude prevalence,27109
2022,MN,Otter Tail,27111,Mammography use among women aged 50-74 years,81.0,Age-adjusted prevalence,27111
2022,MN,Otter Tail,27111,Mammography use among women aged 50-74 years,81.9,Crude prevalence,27111
2022,MN,Pennington,27113,Mammography use among women aged 50-74 years,77.2,Age-adjusted prevalence,27113
2022,MN,Pennington,27113,Mammography use among women aged 50-74 years,77.9,Crude prevalence,27113
2022,MN,Pine,27115,Mammography use among women aged 50-74 years,74.1,Age-adjusted prevalence,27115
2022,MN,Pine,27115,Mammography use among women aged 50-74 years,75.0,Crude prevalence,27115
2022,MN,Pipestone,27117,Mammography use among women aged 50-74 years,77.1,Age-adjusted prevalence,27117
2022,MN,Pipestone,27117,Mammography use among women aged 50-74 years,77.7,Crude prevalence,27117
2022,MN,Polk,27119,Mammography use among women aged 50-74 years,79.1,Age-adjusted prevalence,27119
2022,MN,Polk,27119,Mammography use among women aged 50-74 years,79.4,Crude prevalence,27119
2022,MN,Pope,27121,Mammography use among women aged 50-74 years,79.1,Age-adjusted prevalence,27121
2022,MN,Pope,27121,Mammography use among women aged 50-74 years,78.4,Crude prevalence,27121
2022,MN,Ramsey,27123,Mammography use among women aged 50-74 years,78.8,Age-adjusted prevalence,27123
2022,MN,Ramsey,27123,Mammography use among women aged 50-74 years,79.3,Crude prevalence,27123
2022,MN,Red Lake,27125,Mammography use among women aged 50-74 years,78.5,Age-adjusted prevalence,27125
2022,MN,Red Lake,27125,Mammography use among women aged 50-74 years,78.8,Crude prevalence,27125
2022,MN,Redwood,27127,Mammography use among women aged 50-74 years,75.4,Age-adjusted prevalence,27127
2022,MN,Redwood,27127,Mammography use among women aged 50-74 years,75.8,Crude prevalence,27127
2022,MN,Renville,27129,Mammography use among women aged 50-74 years,73.9,Age-adjusted prevalence,27129
2022,MN,Renville,27129,Mammography use among women aged 50-74 years,75.5,Crude prevalence,27129
2022,MN,Rice,27131,Mammography use among women aged 50-74 years,76.6,Age-adjusted prevalence,27131
2022,MN,Rice,27131,Mammography use among women aged 50-74 years,77.0,Crude prevalence,27131
2022,MN,Rock,27133,Mammography use among women aged 50-74 years,74.6,Age-adjusted prevalence,27133
2022,MN,Rock,27133,Mammography use among women aged 50-74 years,74.5,Crude prevalence,27133
2022,MN,Roseau,27135,Mammography use among women aged 50-74 years,77.5,Age-adjusted prevalence,27135
2022,MN,Roseau,27135,Mammography use among women aged 50-74 years,77.5,Crude prevalence,27135
2022,MN,St. Louis,27137,Mammography use among women aged 50-74 years,77.4,Age-adjusted prevalence,27137
2022,MN,St. Louis,27137,Mammography use among women aged 50-74 years,78.8,Crude prevalence,27137
2022,MN,Scott,27139,Mammography use among women aged 50-74 years,79.7,Age-adjusted prevalence,27139
2022,MN,Scott,27139,Mammography use among women aged 50-74 years,79.9,Crude prevalence,27139
2022,MN,Sherburne,27141,Mammography use among women aged 50-74 years,77.9,Age-adjusted prevalence,27141
2022,MN,Sherburne,27141,Mammography use among women aged 50-74 years,78.4,Crude prevalence,27141
2022,MN,Sibley,27143,Mammography use among women aged 50-74 years,74.8,Age-adjusted prevalence,27143
2022,MN,Sibley,27143,Mammography use among women aged 50-74 years,76.0,Crude prevalence,27143
2022,MN,Stearns,27145,Mammography use among women aged 50-74 years,78.0,Age-adjusted prevalence,27145
2022,MN,Stearns,27145,Mammography use among women aged 50-74 years,78.3,Crude prevalence,27145
2022,MN,Steele,27147,Mammography use among women aged 50-74 years,80.2,Age-adjusted prevalence,27147
2022,MN,Steele,27147,Mammography use among women aged 50-74 years,80.2,Crude prevalence,27147
2022,MN,Stevens,27149,Mammography use among women aged 50-74 years,77.2,Age-adjusted prevalence,27149
2022,MN,Stevens,27149,Mammography use among women aged 50-74 years,78.3,Crude prevalence,27149
2022,MN,Swift,27151,Mammography use among women aged 50-74 years,75.5,Age-adjusted prevalence,27151
2022,MN,Swift,27151,Mammography use among women aged 50-74 years,76.0,Crude prevalence,27151
2022,MN,Todd,27153,Mammography use among women aged 50-74 years,75.8,Age-adjusted prevalence,27153
2022,MN,Todd,27153,Mammography use among women aged 50-74 years,76.5,Crude prevalence,27153
2022,MN,Traverse,27155,Mammography use among women aged 50-74 years,76.3,Age-adjusted prevalence,27155
2022,MN,Traverse,27155,Mammography use among women aged 50-74 years,77.0,Crude prevalence,27155
2022,MN,Wabasha,27157,Mammography use among women aged 50-74 years,77.3,Age-adjusted prevalence,27157
2022,MN,Wabasha,27157,Mammography use among women aged 50-74 years,78.3,Crude prevalence,27157
2022,MN,Wadena,27159,Mammography use among women aged 50-74 years,77.0,Age-adjusted prevalence,27159
2022,MN,Wadena,27159,Mammography use among women aged 50-74 years,77.3,Crude prevalence,27159
2022,MN,Waseca,27161,Mammography use among women aged 50-74 years,76.2,Age-adjusted prevalence,27161
2022,MN,Waseca,27161,Mammography use among women aged 50-74 years,76.8,Crude prevalence,27161
2022,MN,Washington,27163,Mammography use among women aged 50-74 years,83.0,Age-adjusted prevalence,27163
2022,MN,Washington,27163,Mammography use among women aged 50-74 years,83.1,Crude prevalence,27163
2022,MN,Watonwan,27165,Mammography use among women aged 50-74 years,79.3,Age-adjusted prevalence,27165
2022,MN,Watonwan,27165,Mammography use among women aged 50-74 years,79.5,Crude prevalence,27165
2022,MN,Wilkin,27167,Mammography use among women aged 50-74 years,79.8,Age-adjusted prevalence,27167
2022,MN,Wilkin,27167,Mammography use among women aged 50-74 years,80.9,Crude prevalence,27167
2022,MN,Winona,27169,Mammography use among women aged 50-74 years,75.6,Age-adjusted prevalence,27169
2022,MN,Winona,27169,Mammography use among women aged 50-74 years,75.3,Crude prevalence,27169
2022,MN,Wright,27171,Mammography use among women aged 50-74 years,77.6,Age-adjusted prevalence,27171
2022,MN,Wright,27171,Mammography use among women aged 50-74 years,77.2,Crude prevalence,27171
2022,MN,Yellow Medicine,27173,Mammography use among women aged 50-74 years,75.6,Age-adjusted prevalence,27173
2022,MN,Yellow Medicine,27173,Mammography use among women aged 50-74 years,76.6,Crude prevalence,27173
2022,MS,Adams,28001,Mammography use among women aged 50-74 years,72.0,Age-adjusted prevalence,28001
2022,MS,Adams,28001,Mammography use among women aged 50-74 years,73.2,Crude prevalence,28001
2022,MS,Alcorn,28003,Mammography use among women aged 50-74 years,70.2,Age-adjusted prevalence,28003
2022,MS,Alcorn,28003,Mammography use among women aged 50-74 years,70.2,Crude prevalence,28003
2022,MS,Amite,28005,Mammography use among women aged 50-74 years,73.1,Age-adjusted prevalence,28005
2022,MS,Amite,28005,Mammography use among women aged 50-74 years,73.9,Crude prevalence,28005
2022,MS,Attala,28007,Mammography use among women aged 50-74 years,72.3,Age-adjusted prevalence,28007
2022,MS,Attala,28007,Mammography use among women aged 50-74 years,72.8,Crude prevalence,28007
2022,MS,Benton,28009,Mammography use among women aged 50-74 years,71.7,Age-adjusted prevalence,28009
2022,MS,Benton,28009,Mammography use among women aged 50-74 years,72.2,Crude prevalence,28009
2022,MS,Bolivar,28011,Mammography use among women aged 50-74 years,74.3,Age-adjusted prevalence,28011
2022,MS,Bolivar,28011,Mammography use among women aged 50-74 years,75.0,Crude prevalence,28011
2022,MS,Calhoun,28013,Mammography use among women aged 50-74 years,69.8,Age-adjusted prevalence,28013
2022,MS,Calhoun,28013,Mammography use among women aged 50-74 years,69.9,Crude prevalence,28013
2022,MS,Carroll,28015,Mammography use among women aged 50-74 years,69.8,Age-adjusted prevalence,28015
2022,MS,Carroll,28015,Mammography use among women aged 50-74 years,70.5,Crude prevalence,28015
2022,MS,Chickasaw,28017,Mammography use among women aged 50-74 years,70.8,Age-adjusted prevalence,28017
2022,MS,Chickasaw,28017,Mammography use among women aged 50-74 years,72.1,Crude prevalence,28017
2022,MS,Choctaw,28019,Mammography use among women aged 50-74 years,73.8,Age-adjusted prevalence,28019
2022,MS,Choctaw,28019,Mammography use among women aged 50-74 years,74.5,Crude prevalence,28019
2022,MS,Claiborne,28021,Mammography use among women aged 50-74 years,73.0,Age-adjusted prevalence,28021
2022,MS,Claiborne,28021,Mammography use among women aged 50-74 years,74.2,Crude prevalence,28021
2022,MS,Clarke,28023,Mammography use among women aged 50-74 years,74.2,Age-adjusted prevalence,28023
2022,MS,Clarke,28023,Mammography use among women aged 50-74 years,74.4,Crude prevalence,28023
2022,MS,Clay,28025,Mammography use among women aged 50-74 years,75.6,Age-adjusted prevalence,28025
2022,MS,Clay,28025,Mammography use among women aged 50-74 years,75.7,Crude prevalence,28025
2022,MS,Coahoma,28027,Mammography use among women aged 50-74 years,74.0,Age-adjusted prevalence,28027
2022,MS,Coahoma,28027,Mammography use among women aged 50-74 years,73.9,Crude prevalence,28027
2022,MS,Copiah,28029,Mammography use among women aged 50-74 years,73.8,Age-adjusted prevalence,28029
2022,MS,Copiah,28029,Mammography use among women aged 50-74 years,74.5,Crude prevalence,28029
2022,MS,Covington,28031,Mammography use among women aged 50-74 years,72.5,Age-adjusted prevalence,28031
2022,MS,Covington,28031,Mammography use among women aged 50-74 years,72.4,Crude prevalence,28031
2022,MS,DeSoto,28033,Mammography use among women aged 50-74 years,74.1,Age-adjusted prevalence,28033
2022,MS,DeSoto,28033,Mammography use among women aged 50-74 years,74.4,Crude prevalence,28033
2022,MS,Forrest,28035,Mammography use among women aged 50-74 years,76.0,Age-adjusted prevalence,28035
2022,MS,Forrest,28035,Mammography use among women aged 50-74 years,76.4,Crude prevalence,28035
2022,MS,Franklin,28037,Mammography use among women aged 50-74 years,69.3,Age-adjusted prevalence,28037
2022,MS,Franklin,28037,Mammography use among women aged 50-74 years,70.3,Crude prevalence,28037
2022,MS,George,28039,Mammography use among women aged 50-74 years,71.6,Age-adjusted prevalence,28039
2022,MS,George,28039,Mammography use among women aged 50-74 years,72.0,Crude prevalence,28039
2022,MS,Greene,28041,Mammography use among women aged 50-74 years,70.6,Age-adjusted prevalence,28041
2022,MS,Greene,28041,Mammography use among women aged 50-74 years,71.6,Crude prevalence,28041
2022,MS,Grenada,28043,Mammography use among women aged 50-74 years,71.3,Age-adjusted prevalence,28043
2022,MS,Grenada,28043,Mammography use among women aged 50-74 years,71.5,Crude prevalence,28043
2022,MS,Hancock,28045,Mammography use among women aged 50-74 years,72.5,Age-adjusted prevalence,28045
2022,MS,Hancock,28045,Mammography use among women aged 50-74 years,73.5,Crude prevalence,28045
2022,MS,Harrison,28047,Mammography use among women aged 50-74 years,71.3,Age-adjusted prevalence,28047
2022,MS,Harrison,28047,Mammography use among women aged 50-74 years,71.9,Crude prevalence,28047
2022,MS,Hinds,28049,Mammography use among women aged 50-74 years,77.4,Age-adjusted prevalence,28049
2022,MS,Hinds,28049,Mammography use among women aged 50-74 years,78.4,Crude prevalence,28049
2022,MS,Holmes,28051,Mammography use among women aged 50-74 years,74.9,Age-adjusted prevalence,28051
2022,MS,Holmes,28051,Mammography use among women aged 50-74 years,75.1,Crude prevalence,28051
2022,MS,Humphreys,28053,Mammography use among women aged 50-74 years,72.6,Age-adjusted prevalence,28053
2022,MS,Humphreys,28053,Mammography use among women aged 50-74 years,72.7,Crude prevalence,28053
2022,MS,Issaquena,28055,Mammography use among women aged 50-74 years,72.4,Age-adjusted prevalence,28055
2022,MS,Issaquena,28055,Mammography use among women aged 50-74 years,72.7,Crude prevalence,28055
2022,MS,Itawamba,28057,Mammography use among women aged 50-74 years,69.3,Age-adjusted prevalence,28057
2022,MS,Itawamba,28057,Mammography use among women aged 50-74 years,70.0,Crude prevalence,28057
2022,MS,Jackson,28059,Mammography use among women aged 50-74 years,73.5,Age-adjusted prevalence,28059
2022,MS,Jackson,28059,Mammography use among women aged 50-74 years,73.8,Crude prevalence,28059
2022,MS,Jasper,28061,Mammography use among women aged 50-74 years,75.7,Age-adjusted prevalence,28061
2022,MS,Jasper,28061,Mammography use among women aged 50-74 years,75.9,Crude prevalence,28061
2022,MS,Jefferson,28063,Mammography use among women aged 50-74 years,71.7,Age-adjusted prevalence,28063
2022,MS,Jefferson,28063,Mammography use among women aged 50-74 years,73.2,Crude prevalence,28063
2022,MS,Jefferson Davis,28065,Mammography use among women aged 50-74 years,73.7,Age-adjusted prevalence,28065
2022,MS,Jefferson Davis,28065,Mammography use among women aged 50-74 years,74.3,Crude prevalence,28065
2022,MS,Jones,28067,Mammography use among women aged 50-74 years,75.2,Age-adjusted prevalence,28067
2022,MS,Jones,28067,Mammography use among women aged 50-74 years,75.0,Crude prevalence,28067
2022,MS,Kemper,28069,Mammography use among women aged 50-74 years,74.8,Age-adjusted prevalence,28069
2022,MS,Kemper,28069,Mammography use among women aged 50-74 years,75.1,Crude prevalence,28069
2022,MS,Lafayette,28071,Mammography use among women aged 50-74 years,74.9,Age-adjusted prevalence,28071
2022,MS,Lafayette,28071,Mammography use among women aged 50-74 years,75.4,Crude prevalence,28071
2022,MS,Lamar,28073,Mammography use among women aged 50-74 years,70.5,Age-adjusted prevalence,28073
2022,MS,Lamar,28073,Mammography use among women aged 50-74 years,71.0,Crude prevalence,28073
2022,MS,Lauderdale,28075,Mammography use among women aged 50-74 years,74.8,Age-adjusted prevalence,28075
2022,MS,Lauderdale,28075,Mammography use among women aged 50-74 years,75.7,Crude prevalence,28075
2022,MS,Lawrence,28077,Mammography use among women aged 50-74 years,70.0,Age-adjusted prevalence,28077
2022,MS,Lawrence,28077,Mammography use among women aged 50-74 years,70.5,Crude prevalence,28077
2022,MS,Leake,28079,Mammography use among women aged 50-74 years,74.2,Age-adjusted prevalence,28079
2022,MS,Leake,28079,Mammography use among women aged 50-74 years,74.8,Crude prevalence,28079
2022,MS,Lee,28081,Mammography use among women aged 50-74 years,70.0,Age-adjusted prevalence,28081
2022,MS,Lee,28081,Mammography use among women aged 50-74 years,70.8,Crude prevalence,28081
2022,MS,Leflore,28083,Mammography use among women aged 50-74 years,74.0,Age-adjusted prevalence,28083
2022,MS,Leflore,28083,Mammography use among women aged 50-74 years,74.4,Crude prevalence,28083
2022,MS,Lincoln,28085,Mammography use among women aged 50-74 years,68.0,Age-adjusted prevalence,28085
2022,MS,Lincoln,28085,Mammography use among women aged 50-74 years,68.8,Crude prevalence,28085
2022,MS,Lowndes,28087,Mammography use among women aged 50-74 years,77.2,Age-adjusted prevalence,28087
2022,MS,Lowndes,28087,Mammography use among women aged 50-74 years,77.6,Crude prevalence,28087
2022,MS,Madison,28089,Mammography use among women aged 50-74 years,77.0,Age-adjusted prevalence,28089
2022,MS,Madison,28089,Mammography use among women aged 50-74 years,77.4,Crude prevalence,28089
2022,MS,Marion,28091,Mammography use among women aged 50-74 years,70.2,Age-adjusted prevalence,28091
2022,MS,Marion,28091,Mammography use among women aged 50-74 years,70.5,Crude prevalence,28091
2022,MS,Marshall,28093,Mammography use among women aged 50-74 years,71.4,Age-adjusted prevalence,28093
2022,MS,Marshall,28093,Mammography use among women aged 50-74 years,72.0,Crude prevalence,28093
2022,MS,Monroe,28095,Mammography use among women aged 50-74 years,74.8,Age-adjusted prevalence,28095
2022,MS,Monroe,28095,Mammography use among women aged 50-74 years,75.9,Crude prevalence,28095
2022,MS,Montgomery,28097,Mammography use among women aged 50-74 years,68.6,Age-adjusted prevalence,28097
2022,MS,Montgomery,28097,Mammography use among women aged 50-74 years,69.8,Crude prevalence,28097
2022,MS,Neshoba,28099,Mammography use among women aged 50-74 years,72.1,Age-adjusted prevalence,28099
2022,MS,Neshoba,28099,Mammography use among women aged 50-74 years,72.8,Crude prevalence,28099
2022,MS,Newton,28101,Mammography use among women aged 50-74 years,70.2,Age-adjusted prevalence,28101
2022,MS,Newton,28101,Mammography use among women aged 50-74 years,70.8,Crude prevalence,28101
2022,MS,Noxubee,28103,Mammography use among women aged 50-74 years,75.9,Age-adjusted prevalence,28103
2022,MS,Noxubee,28103,Mammography use among women aged 50-74 years,75.9,Crude prevalence,28103
2022,MS,Oktibbeha,28105,Mammography use among women aged 50-74 years,75.5,Age-adjusted prevalence,28105
2022,MS,Oktibbeha,28105,Mammography use among women aged 50-74 years,75.9,Crude prevalence,28105
2022,MS,Panola,28107,Mammography use among women aged 50-74 years,72.2,Age-adjusted prevalence,28107
2022,MS,Panola,28107,Mammography use among women aged 50-74 years,72.8,Crude prevalence,28107
2022,MS,Pearl River,28109,Mammography use among women aged 50-74 years,70.9,Age-adjusted prevalence,28109
2022,MS,Pearl River,28109,Mammography use among women aged 50-74 years,71.7,Crude prevalence,28109
2022,MS,Perry,28111,Mammography use among women aged 50-74 years,70.1,Age-adjusted prevalence,28111
2022,MS,Perry,28111,Mammography use among women aged 50-74 years,70.4,Crude prevalence,28111
2022,MS,Pike,28113,Mammography use among women aged 50-74 years,70.4,Age-adjusted prevalence,28113
2022,MS,Pike,28113,Mammography use among women aged 50-74 years,71.2,Crude prevalence,28113
2022,MS,Pontotoc,28115,Mammography use among women aged 50-74 years,73.2,Age-adjusted prevalence,28115
2022,MS,Pontotoc,28115,Mammography use among women aged 50-74 years,72.9,Crude prevalence,28115
2022,MS,Prentiss,28117,Mammography use among women aged 50-74 years,74.0,Age-adjusted prevalence,28117
2022,MS,Prentiss,28117,Mammography use among women aged 50-74 years,74.1,Crude prevalence,28117
2022,MS,Quitman,28119,Mammography use among women aged 50-74 years,71.1,Age-adjusted prevalence,28119
2022,MS,Quitman,28119,Mammography use among women aged 50-74 years,72.1,Crude prevalence,28119
2022,MS,Rankin,28121,Mammography use among women aged 50-74 years,77.2,Age-adjusted prevalence,28121
2022,MS,Rankin,28121,Mammography use among women aged 50-74 years,77.7,Crude prevalence,28121
2022,MS,Scott,28123,Mammography use among women aged 50-74 years,74.6,Age-adjusted prevalence,28123
2022,MS,Scott,28123,Mammography use among women aged 50-74 years,74.7,Crude prevalence,28123
2022,MS,Sharkey,28125,Mammography use among women aged 50-74 years,72.7,Age-adjusted prevalence,28125
2022,MS,Sharkey,28125,Mammography use among women aged 50-74 years,74.0,Crude prevalence,28125
2022,MS,Simpson,28127,Mammography use among women aged 50-74 years,76.6,Age-adjusted prevalence,28127
2022,MS,Simpson,28127,Mammography use among women aged 50-74 years,76.9,Crude prevalence,28127
2022,MS,Smith,28129,Mammography use among women aged 50-74 years,72.3,Age-adjusted prevalence,28129
2022,MS,Smith,28129,Mammography use among women aged 50-74 years,72.3,Crude prevalence,28129
2022,MS,Stone,28131,Mammography use among women aged 50-74 years,72.4,Age-adjusted prevalence,28131
2022,MS,Stone,28131,Mammography use among women aged 50-74 years,73.0,Crude prevalence,28131
2022,MS,Sunflower,28133,Mammography use among women aged 50-74 years,73.3,Age-adjusted prevalence,28133
2022,MS,Sunflower,28133,Mammography use among women aged 50-74 years,74.7,Crude prevalence,28133
2022,MS,Tallahatchie,28135,Mammography use among women aged 50-74 years,73.3,Age-adjusted prevalence,28135
2022,MS,Tallahatchie,28135,Mammography use among women aged 50-74 years,72.7,Crude prevalence,28135
2022,MS,Tate,28137,Mammography use among women aged 50-74 years,68.9,Age-adjusted prevalence,28137
2022,MS,Tate,28137,Mammography use among women aged 50-74 years,70.0,Crude prevalence,28137
2022,MS,Tippah,28139,Mammography use among women aged 50-74 years,69.0,Age-adjusted prevalence,28139
2022,MS,Tippah,28139,Mammography use among women aged 50-74 years,69.8,Crude prevalence,28139
2022,MS,Tishomingo,28141,Mammography use among women aged 50-74 years,67.0,Age-adjusted prevalence,28141
2022,MS,Tishomingo,28141,Mammography use among women aged 50-74 years,67.5,Crude prevalence,28141
2022,MS,Tunica,28143,Mammography use among women aged 50-74 years,72.9,Age-adjusted prevalence,28143
2022,MS,Tunica,28143,Mammography use among women aged 50-74 years,73.0,Crude prevalence,28143
2022,MS,Union,28145,Mammography use among women aged 50-74 years,71.8,Age-adjusted prevalence,28145
2022,MS,Union,28145,Mammography use among women aged 50-74 years,72.2,Crude prevalence,28145
2022,MS,Walthall,28147,Mammography use among women aged 50-74 years,74.0,Age-adjusted prevalence,28147
2022,MS,Walthall,28147,Mammography use among women aged 50-74 years,74.8,Crude prevalence,28147
2022,MS,Warren,28149,Mammography use among women aged 50-74 years,73.8,Age-adjusted prevalence,28149
2022,MS,Warren,28149,Mammography use among women aged 50-74 years,74.8,Crude prevalence,28149
2022,MS,Washington,28151,Mammography use among women aged 50-74 years,71.2,Age-adjusted prevalence,28151
2022,MS,Washington,28151,Mammography use among women aged 50-74 years,71.6,Crude prevalence,28151
2022,MS,Wayne,28153,Mammography use among women aged 50-74 years,70.9,Age-adjusted prevalence,28153
2022,MS,Wayne,28153,Mammography use among women aged 50-74 years,71.7,Crude prevalence,28153
2022,MS,Webster,28155,Mammography use among women aged 50-74 years,72.3,Age-adjusted prevalence,28155
2022,MS,Webster,28155,Mammography use among women aged 50-74 years,73.2,Crude prevalence,28155
2022,MS,Wilkinson,28157,Mammography use among women aged 50-74 years,73.0,Age-adjusted prevalence,28157
2022,MS,Wilkinson,28157,Mammography use among women aged 50-74 years,73.8,Crude prevalence,28157
2022,MS,Winston,28159,Mammography use among women aged 50-74 years,71.5,Age-adjusted prevalence,28159
2022,MS,Winston,28159,Mammography use among women aged 50-74 years,72.2,Crude prevalence,28159
2022,MS,Yalobusha,28161,Mammography use among women aged 50-74 years,71.4,Age-adjusted prevalence,28161
2022,MS,Yalobusha,28161,Mammography use among women aged 50-74 years,71.5,Crude prevalence,28161
2022,MS,Yazoo,28163,Mammography use among women aged 50-74 years,72.9,Age-adjusted prevalence,28163
2022,MS,Yazoo,28163,Mammography use among women aged 50-74 years,73.4,Crude prevalence,28163
2022,MO,Adair,29001,Mammography use among women aged 50-74 years,70.9,Age-adjusted prevalence,29001
2022,MO,Adair,29001,Mammography use among women aged 50-74 years,72.8,Crude prevalence,29001
2022,MO,Andrew,29003,Mammography use among women aged 50-74 years,77.8,Age-adjusted prevalence,29003
2022,MO,Andrew,29003,Mammography use among women aged 50-74 years,78.6,Crude prevalence,29003
2022,MO,Atchison,29005,Mammography use among women aged 50-74 years,69.7,Age-adjusted prevalence,29005
2022,MO,Atchison,29005,Mammography use among women aged 50-74 years,70.6,Crude prevalence,29005
2022,MO,Audrain,29007,Mammography use among women aged 50-74 years,70.0,Age-adjusted prevalence,29007
2022,MO,Audrain,29007,Mammography use among women aged 50-74 years,70.5,Crude prevalence,29007
2022,MO,Barry,29009,Mammography use among women aged 50-74 years,70.3,Age-adjusted prevalence,29009
2022,MO,Barry,29009,Mammography use among women aged 50-74 years,70.4,Crude prevalence,29009
2022,MO,Barton,29011,Mammography use among women aged 50-74 years,70.7,Age-adjusted prevalence,29011
2022,MO,Barton,29011,Mammography use among women aged 50-74 years,71.7,Crude prevalence,29011
2022,MO,Bates,29013,Mammography use among women aged 50-74 years,66.5,Age-adjusted prevalence,29013
2022,MO,Bates,29013,Mammography use among women aged 50-74 years,66.9,Crude prevalence,29013
2022,MO,Benton,29015,Mammography use among women aged 50-74 years,71.8,Age-adjusted prevalence,29015
2022,MO,Benton,29015,Mammography use among women aged 50-74 years,72.4,Crude prevalence,29015
2022,MO,Bollinger,29017,Mammography use among women aged 50-74 years,70.6,Age-adjusted prevalence,29017
2022,MO,Bollinger,29017,Mammography use among women aged 50-74 years,71.1,Crude prevalence,29017
2022,MO,Boone,29019,Mammography use among women aged 50-74 years,72.5,Age-adjusted prevalence,29019
2022,MO,Boone,29019,Mammography use among women aged 50-74 years,72.9,Crude prevalence,29019
2022,MO,Buchanan,29021,Mammography use among women aged 50-74 years,72.1,Age-adjusted prevalence,29021
2022,MO,Buchanan,29021,Mammography use among women aged 50-74 years,72.9,Crude prevalence,29021
2022,MO,Butler,29023,Mammography use among women aged 50-74 years,63.6,Age-adjusted prevalence,29023
2022,MO,Butler,29023,Mammography use among women aged 50-74 years,65.0,Crude prevalence,29023
2022,MO,Caldwell,29025,Mammography use among women aged 50-74 years,69.1,Age-adjusted prevalence,29025
2022,MO,Caldwell,29025,Mammography use among women aged 50-74 years,69.6,Crude prevalence,29025
2022,MO,Callaway,29027,Mammography use among women aged 50-74 years,75.7,Age-adjusted prevalence,29027
2022,MO,Callaway,29027,Mammography use among women aged 50-74 years,75.4,Crude prevalence,29027
2022,MO,Camden,29029,Mammography use among women aged 50-74 years,75.5,Age-adjusted prevalence,29029
2022,MO,Camden,29029,Mammography use among women aged 50-74 years,77.2,Crude prevalence,29029
2022,MO,Cape Girardeau,29031,Mammography use among women aged 50-74 years,73.4,Age-adjusted prevalence,29031
2022,MO,Cape Girardeau,29031,Mammography use among women aged 50-74 years,75.0,Crude prevalence,29031
2022,MO,Carroll,29033,Mammography use among women aged 50-74 years,69.5,Age-adjusted prevalence,29033
2022,MO,Carroll,29033,Mammography use among women aged 50-74 years,71.5,Crude prevalence,29033
2022,MO,Carter,29035,Mammography use among women aged 50-74 years,69.7,Age-adjusted prevalence,29035
2022,MO,Carter,29035,Mammography use among women aged 50-74 years,70.1,Crude prevalence,29035
2022,MO,Cass,29037,Mammography use among women aged 50-74 years,77.7,Age-adjusted prevalence,29037
2022,MO,Cass,29037,Mammography use among women aged 50-74 years,77.4,Crude prevalence,29037
2022,MO,Cedar,29039,Mammography use among women aged 50-74 years,66.2,Age-adjusted prevalence,29039
2022,MO,Cedar,29039,Mammography use among women aged 50-74 years,68.3,Crude prevalence,29039
2022,MO,Chariton,29041,Mammography use among women aged 50-74 years,74.4,Age-adjusted prevalence,29041
2022,MO,Chariton,29041,Mammography use among women aged 50-74 years,75.3,Crude prevalence,29041
2022,MO,Christian,29043,Mammography use among women aged 50-74 years,73.8,Age-adjusted prevalence,29043
2022,MO,Christian,29043,Mammography use among women aged 50-74 years,74.3,Crude prevalence,29043
2022,MO,Clark,29045,Mammography use among women aged 50-74 years,70.3,Age-adjusted prevalence,29045
2022,MO,Clark,29045,Mammography use among women aged 50-74 years,71.2,Crude prevalence,29045
2022,MO,Clay,29047,Mammography use among women aged 50-74 years,75.9,Age-adjusted prevalence,29047
2022,MO,Clay,29047,Mammography use among women aged 50-74 years,76.8,Crude prevalence,29047
2022,MO,Clinton,29049,Mammography use among women aged 50-74 years,72.0,Age-adjusted prevalence,29049
2022,MO,Clinton,29049,Mammography use among women aged 50-74 years,72.7,Crude prevalence,29049
2022,MO,Cole,29051,Mammography use among women aged 50-74 years,78.0,Age-adjusted prevalence,29051
2022,MO,Cole,29051,Mammography use among women aged 50-74 years,79.0,Crude prevalence,29051
2022,MO,Cooper,29053,Mammography use among women aged 50-74 years,76.5,Age-adjusted prevalence,29053
2022,MO,Cooper,29053,Mammography use among women aged 50-74 years,76.6,Crude prevalence,29053
2022,MO,Crawford,29055,Mammography use among women aged 50-74 years,71.8,Age-adjusted prevalence,29055
2022,MO,Crawford,29055,Mammography use among women aged 50-74 years,72.5,Crude prevalence,29055
2022,MO,Dade,29057,Mammography use among women aged 50-74 years,73.8,Age-adjusted prevalence,29057
2022,MO,Dade,29057,Mammography use among women aged 50-74 years,74.3,Crude prevalence,29057
2022,MO,Dallas,29059,Mammography use among women aged 50-74 years,69.4,Age-adjusted prevalence,29059
2022,MO,Dallas,29059,Mammography use among women aged 50-74 years,69.9,Crude prevalence,29059
2022,MO,Daviess,29061,Mammography use among women aged 50-74 years,72.6,Age-adjusted prevalence,29061
2022,MO,Daviess,29061,Mammography use among women aged 50-74 years,72.8,Crude prevalence,29061
2022,MO,DeKalb,29063,Mammography use among women aged 50-74 years,76.3,Age-adjusted prevalence,29063
2022,MO,DeKalb,29063,Mammography use among women aged 50-74 years,76.6,Crude prevalence,29063
2022,MO,Dent,29065,Mammography use among women aged 50-74 years,69.4,Age-adjusted prevalence,29065
2022,MO,Dent,29065,Mammography use among women aged 50-74 years,69.7,Crude prevalence,29065
2022,MO,Douglas,29067,Mammography use among women aged 50-74 years,65.6,Age-adjusted prevalence,29067
2022,MO,Douglas,29067,Mammography use among women aged 50-74 years,67.3,Crude prevalence,29067
2022,MO,Dunklin,29069,Mammography use among women aged 50-74 years,68.6,Age-adjusted prevalence,29069
2022,MO,Dunklin,29069,Mammography use among women aged 50-74 years,68.5,Crude prevalence,29069
2022,MO,Franklin,29071,Mammography use among women aged 50-74 years,71.3,Age-adjusted prevalence,29071
2022,MO,Franklin,29071,Mammography use among women aged 50-74 years,71.9,Crude prevalence,29071
2022,MO,Gasconade,29073,Mammography use among women aged 50-74 years,69.2,Age-adjusted prevalence,29073
2022,MO,Gasconade,29073,Mammography use among women aged 50-74 years,69.1,Crude prevalence,29073
2022,MO,Gentry,29075,Mammography use among women aged 50-74 years,68.2,Age-adjusted prevalence,29075
2022,MO,Gentry,29075,Mammography use among women aged 50-74 years,68.4,Crude prevalence,29075
2022,MO,Greene,29077,Mammography use among women aged 50-74 years,69.3,Age-adjusted prevalence,29077
2022,MO,Greene,29077,Mammography use among women aged 50-74 years,71.3,Crude prevalence,29077
2022,MO,Grundy,29079,Mammography use among women aged 50-74 years,70.6,Age-adjusted prevalence,29079
2022,MO,Grundy,29079,Mammography use among women aged 50-74 years,71.4,Crude prevalence,29079
2022,MO,Harrison,29081,Mammography use among women aged 50-74 years,70.9,Age-adjusted prevalence,29081
2022,MO,Harrison,29081,Mammography use among women aged 50-74 years,71.5,Crude prevalence,29081
2022,MO,Henry,29083,Mammography use among women aged 50-74 years,73.5,Age-adjusted prevalence,29083
2022,MO,Henry,29083,Mammography use among women aged 50-74 years,74.3,Crude prevalence,29083
2022,MO,Hickory,29085,Mammography use among women aged 50-74 years,69.9,Age-adjusted prevalence,29085
2022,MO,Hickory,29085,Mammography use among women aged 50-74 years,70.6,Crude prevalence,29085
2022,MO,Holt,29087,Mammography use among women aged 50-74 years,74.6,Age-adjusted prevalence,29087
2022,MO,Holt,29087,Mammography use among women aged 50-74 years,75.4,Crude prevalence,29087
2022,MO,Howard,29089,Mammography use among women aged 50-74 years,71.8,Age-adjusted prevalence,29089
2022,MO,Howard,29089,Mammography use among women aged 50-74 years,72.1,Crude prevalence,29089
2022,MO,Howell,29091,Mammography use among women aged 50-74 years,72.0,Age-adjusted prevalence,29091
2022,MO,Howell,29091,Mammography use among women aged 50-74 years,72.1,Crude prevalence,29091
2022,MO,Iron,29093,Mammography use among women aged 50-74 years,74.2,Age-adjusted prevalence,29093
2022,MO,Iron,29093,Mammography use among women aged 50-74 years,74.1,Crude prevalence,29093
2022,MO,Jackson,29095,Mammography use among women aged 50-74 years,75.7,Age-adjusted prevalence,29095
2022,MO,Jackson,29095,Mammography use among women aged 50-74 years,75.8,Crude prevalence,29095
2022,MO,Jasper,29097,Mammography use among women aged 50-74 years,68.8,Age-adjusted prevalence,29097
2022,MO,Jasper,29097,Mammography use among women aged 50-74 years,69.6,Crude prevalence,29097
2022,MO,Jefferson,29099,Mammography use among women aged 50-74 years,73.6,Age-adjusted prevalence,29099
2022,MO,Jefferson,29099,Mammography use among women aged 50-74 years,74.1,Crude prevalence,29099
2022,MO,Johnson,29101,Mammography use among women aged 50-74 years,72.7,Age-adjusted prevalence,29101
2022,MO,Johnson,29101,Mammography use among women aged 50-74 years,73.1,Crude prevalence,29101
2022,MO,Knox,29103,Mammography use among women aged 50-74 years,70.7,Age-adjusted prevalence,29103
2022,MO,Knox,29103,Mammography use among women aged 50-74 years,71.0,Crude prevalence,29103
2022,MO,Laclede,29105,Mammography use among women aged 50-74 years,70.6,Age-adjusted prevalence,29105
2022,MO,Laclede,29105,Mammography use among women aged 50-74 years,71.2,Crude prevalence,29105
2022,MO,Lafayette,29107,Mammography use among women aged 50-74 years,70.7,Age-adjusted prevalence,29107
2022,MO,Lafayette,29107,Mammography use among women aged 50-74 years,71.8,Crude prevalence,29107
2022,MO,Lawrence,29109,Mammography use among women aged 50-74 years,73.1,Age-adjusted prevalence,29109
2022,MO,Lawrence,29109,Mammography use among women aged 50-74 years,73.5,Crude prevalence,29109
2022,MO,Lewis,29111,Mammography use among women aged 50-74 years,69.6,Age-adjusted prevalence,29111
2022,MO,Lewis,29111,Mammography use among women aged 50-74 years,70.7,Crude prevalence,29111
2022,MO,Lincoln,29113,Mammography use among women aged 50-74 years,75.2,Age-adjusted prevalence,29113
2022,MO,Lincoln,29113,Mammography use among women aged 50-74 years,75.8,Crude prevalence,29113
2022,MO,Linn,29115,Mammography use among women aged 50-74 years,74.4,Age-adjusted prevalence,29115
2022,MO,Linn,29115,Mammography use among women aged 50-74 years,74.9,Crude prevalence,29115
2022,MO,Livingston,29117,Mammography use among women aged 50-74 years,73.8,Age-adjusted prevalence,29117
2022,MO,Livingston,29117,Mammography use among women aged 50-74 years,74.3,Crude prevalence,29117
2022,MO,McDonald,29119,Mammography use among women aged 50-74 years,64.6,Age-adjusted prevalence,29119
2022,MO,McDonald,29119,Mammography use among women aged 50-74 years,64.6,Crude prevalence,29119
2022,MO,Macon,29121,Mammography use among women aged 50-74 years,73.3,Age-adjusted prevalence,29121
2022,MO,Macon,29121,Mammography use among women aged 50-74 years,74.0,Crude prevalence,29121
2022,MO,Madison,29123,Mammography use among women aged 50-74 years,75.1,Age-adjusted prevalence,29123
2022,MO,Madison,29123,Mammography use among women aged 50-74 years,75.3,Crude prevalence,29123
2022,MO,Maries,29125,Mammography use among women aged 50-74 years,72.3,Age-adjusted prevalence,29125
2022,MO,Maries,29125,Mammography use among women aged 50-74 years,73.6,Crude prevalence,29125
2022,MO,Marion,29127,Mammography use among women aged 50-74 years,75.0,Age-adjusted prevalence,29127
2022,MO,Marion,29127,Mammography use among women aged 50-74 years,75.8,Crude prevalence,29127
2022,MO,Mercer,29129,Mammography use among women aged 50-74 years,73.0,Age-adjusted prevalence,29129
2022,MO,Mercer,29129,Mammography use among women aged 50-74 years,72.2,Crude prevalence,29129
2022,MO,Miller,29131,Mammography use among women aged 50-74 years,72.2,Age-adjusted prevalence,29131
2022,MO,Miller,29131,Mammography use among women aged 50-74 years,73.1,Crude prevalence,29131
2022,MO,Mississippi,29133,Mammography use among women aged 50-74 years,71.3,Age-adjusted prevalence,29133
2022,MO,Mississippi,29133,Mammography use among women aged 50-74 years,72.0,Crude prevalence,29133
2022,MO,Moniteau,29135,Mammography use among women aged 50-74 years,72.2,Age-adjusted prevalence,29135
2022,MO,Moniteau,29135,Mammography use among women aged 50-74 years,72.5,Crude prevalence,29135
2022,MO,Monroe,29137,Mammography use among women aged 50-74 years,73.2,Age-adjusted prevalence,29137
2022,MO,Monroe,29137,Mammography use among women aged 50-74 years,73.8,Crude prevalence,29137
2022,MO,Montgomery,29139,Mammography use among women aged 50-74 years,72.7,Age-adjusted prevalence,29139
2022,MO,Montgomery,29139,Mammography use among women aged 50-74 years,74.0,Crude prevalence,29139
2022,MO,Morgan,29141,Mammography use among women aged 50-74 years,65.4,Age-adjusted prevalence,29141
2022,MO,Morgan,29141,Mammography use among women aged 50-74 years,67.0,Crude prevalence,29141
2022,MO,New Madrid,29143,Mammography use among women aged 50-74 years,70.5,Age-adjusted prevalence,29143
2022,MO,New Madrid,29143,Mammography use among women aged 50-74 years,71.4,Crude prevalence,29143
2022,MO,Newton,29145,Mammography use among women aged 50-74 years,76.1,Age-adjusted prevalence,29145
2022,MO,Newton,29145,Mammography use among women aged 50-74 years,76.6,Crude prevalence,29145
2022,MO,Nodaway,29147,Mammography use among women aged 50-74 years,76.3,Age-adjusted prevalence,29147
2022,MO,Nodaway,29147,Mammography use among women aged 50-74 years,77.3,Crude prevalence,29147
2022,MO,Oregon,29149,Mammography use among women aged 50-74 years,70.5,Age-adjusted prevalence,29149
2022,MO,Oregon,29149,Mammography use among women aged 50-74 years,71.4,Crude prevalence,29149
2022,MO,Osage,29151,Mammography use among women aged 50-74 years,76.3,Age-adjusted prevalence,29151
2022,MO,Osage,29151,Mammography use among women aged 50-74 years,76.9,Crude prevalence,29151
2022,MO,Ozark,29153,Mammography use among women aged 50-74 years,66.0,Age-adjusted prevalence,29153
2022,MO,Ozark,29153,Mammography use among women aged 50-74 years,66.8,Crude prevalence,29153
2022,MO,Pemiscot,29155,Mammography use among women aged 50-74 years,73.1,Age-adjusted prevalence,29155
2022,MO,Pemiscot,29155,Mammography use among women aged 50-74 years,73.8,Crude prevalence,29155
2022,MO,Perry,29157,Mammography use among women aged 50-74 years,76.5,Age-adjusted prevalence,29157
2022,MO,Perry,29157,Mammography use among women aged 50-74 years,76.7,Crude prevalence,29157
2022,MO,Pettis,29159,Mammography use among women aged 50-74 years,71.4,Age-adjusted prevalence,29159
2022,MO,Pettis,29159,Mammography use among women aged 50-74 years,70.7,Crude prevalence,29159
2022,MO,Phelps,29161,Mammography use among women aged 50-74 years,73.2,Age-adjusted prevalence,29161
2022,MO,Phelps,29161,Mammography use among women aged 50-74 years,74.2,Crude prevalence,29161
2022,MO,Pike,29163,Mammography use among women aged 50-74 years,74.0,Age-adjusted prevalence,29163
2022,MO,Pike,29163,Mammography use among women aged 50-74 years,74.8,Crude prevalence,29163
2022,MO,Platte,29165,Mammography use among women aged 50-74 years,74.1,Age-adjusted prevalence,29165
2022,MO,Platte,29165,Mammography use among women aged 50-74 years,75.0,Crude prevalence,29165
2022,MO,Polk,29167,Mammography use among women aged 50-74 years,72.3,Age-adjusted prevalence,29167
2022,MO,Polk,29167,Mammography use among women aged 50-74 years,72.8,Crude prevalence,29167
2022,MO,Pulaski,29169,Mammography use among women aged 50-74 years,72.7,Age-adjusted prevalence,29169
2022,MO,Pulaski,29169,Mammography use among women aged 50-74 years,73.3,Crude prevalence,29169
2022,MO,Putnam,29171,Mammography use among women aged 50-74 years,74.2,Age-adjusted prevalence,29171
2022,MO,Putnam,29171,Mammography use among women aged 50-74 years,75.2,Crude prevalence,29171
2022,MO,Ralls,29173,Mammography use among women aged 50-74 years,72.6,Age-adjusted prevalence,29173
2022,MO,Ralls,29173,Mammography use among women aged 50-74 years,72.8,Crude prevalence,29173
2022,MO,Randolph,29175,Mammography use among women aged 50-74 years,72.1,Age-adjusted prevalence,29175
2022,MO,Randolph,29175,Mammography use among women aged 50-74 years,73.0,Crude prevalence,29175
2022,MO,Ray,29177,Mammography use among women aged 50-74 years,68.4,Age-adjusted prevalence,29177
2022,MO,Ray,29177,Mammography use among women aged 50-74 years,69.1,Crude prevalence,29177
2022,MO,Reynolds,29179,Mammography use among women aged 50-74 years,69.9,Age-adjusted prevalence,29179
2022,MO,Reynolds,29179,Mammography use among women aged 50-74 years,70.6,Crude prevalence,29179
2022,MO,Ripley,29181,Mammography use among women aged 50-74 years,70.6,Age-adjusted prevalence,29181
2022,MO,Ripley,29181,Mammography use among women aged 50-74 years,71.5,Crude prevalence,29181
2022,MO,St. Charles,29183,Mammography use among women aged 50-74 years,77.4,Age-adjusted prevalence,29183
2022,MO,St. Charles,29183,Mammography use among women aged 50-74 years,78.0,Crude prevalence,29183
2022,MO,St. Clair,29185,Mammography use among women aged 50-74 years,71.4,Age-adjusted prevalence,29185
2022,MO,St. Clair,29185,Mammography use among women aged 50-74 years,72.7,Crude prevalence,29185
2022,MO,Ste. Genevieve,29186,Mammography use among women aged 50-74 years,72.2,Age-adjusted prevalence,29186
2022,MO,Ste. Genevieve,29186,Mammography use among women aged 50-74 years,73.1,Crude prevalence,29186
2022,MO,St. Francois,29187,Mammography use among women aged 50-74 years,72.9,Age-adjusted prevalence,29187
2022,MO,St. Francois,29187,Mammography use among women aged 50-74 years,72.6,Crude prevalence,29187
2022,MO,St. Louis,29189,Mammography use among women aged 50-74 years,76.8,Age-adjusted prevalence,29189
2022,MO,St. Louis,29189,Mammography use among women aged 50-74 years,77.0,Crude prevalence,29189
2022,MO,Saline,29195,Mammography use among women aged 50-74 years,72.3,Age-adjusted prevalence,29195
2022,MO,Saline,29195,Mammography use among women aged 50-74 years,74.2,Crude prevalence,29195
2022,MO,Schuyler,29197,Mammography use among women aged 50-74 years,75.8,Age-adjusted prevalence,29197
2022,MO,Schuyler,29197,Mammography use among women aged 50-74 years,76.5,Crude prevalence,29197
2022,MO,Scotland,29199,Mammography use among women aged 50-74 years,70.1,Age-adjusted prevalence,29199
2022,MO,Scotland,29199,Mammography use among women aged 50-74 years,70.7,Crude prevalence,29199
2022,MO,Scott,29201,Mammography use among women aged 50-74 years,69.0,Age-adjusted prevalence,29201
2022,MO,Scott,29201,Mammography use among women aged 50-74 years,69.7,Crude prevalence,29201
2022,MO,Shannon,29203,Mammography use among women aged 50-74 years,74.1,Age-adjusted prevalence,29203
2022,MO,Shannon,29203,Mammography use among women aged 50-74 years,74.3,Crude prevalence,29203
2022,MO,Shelby,29205,Mammography use among women aged 50-74 years,69.9,Age-adjusted prevalence,29205
2022,MO,Shelby,29205,Mammography use among women aged 50-74 years,70.6,Crude prevalence,29205
2022,MO,Stoddard,29207,Mammography use among women aged 50-74 years,69.7,Age-adjusted prevalence,29207
2022,MO,Stoddard,29207,Mammography use among women aged 50-74 years,71.0,Crude prevalence,29207
2022,MO,Stone,29209,Mammography use among women aged 50-74 years,69.2,Age-adjusted prevalence,29209
2022,MO,Stone,29209,Mammography use among women aged 50-74 years,70.4,Crude prevalence,29209
2022,MO,Sullivan,29211,Mammography use among women aged 50-74 years,69.3,Age-adjusted prevalence,29211
2022,MO,Sullivan,29211,Mammography use among women aged 50-74 years,69.7,Crude prevalence,29211
2022,MO,Taney,29213,Mammography use among women aged 50-74 years,73.2,Age-adjusted prevalence,29213
2022,MO,Taney,29213,Mammography use among women aged 50-74 years,74.4,Crude prevalence,29213
2022,MO,Texas,29215,Mammography use among women aged 50-74 years,67.8,Age-adjusted prevalence,29215
2022,MO,Texas,29215,Mammography use among women aged 50-74 years,67.0,Crude prevalence,29215
2022,MO,Vernon,29217,Mammography use among women aged 50-74 years,68.5,Age-adjusted prevalence,29217
2022,MO,Vernon,29217,Mammography use among women aged 50-74 years,69.5,Crude prevalence,29217
2022,MO,Warren,29219,Mammography use among women aged 50-74 years,73.3,Age-adjusted prevalence,29219
2022,MO,Warren,29219,Mammography use among women aged 50-74 years,73.9,Crude prevalence,29219
2022,MO,Washington,29221,Mammography use among women aged 50-74 years,67.8,Age-adjusted prevalence,29221
2022,MO,Washington,29221,Mammography use among women aged 50-74 years,68.2,Crude prevalence,29221
2022,MO,Wayne,29223,Mammography use among women aged 50-74 years,68.0,Age-adjusted prevalence,29223
2022,MO,Wayne,29223,Mammography use among women aged 50-74 years,68.5,Crude prevalence,29223
2022,MO,Webster,29225,Mammography use among women aged 50-74 years,74.1,Age-adjusted prevalence,29225
2022,MO,Webster,29225,Mammography use among women aged 50-74 years,74.4,Crude prevalence,29225
2022,MO,Worth,29227,Mammography use among women aged 50-74 years,71.6,Age-adjusted prevalence,29227
2022,MO,Worth,29227,Mammography use among women aged 50-74 years,72.2,Crude prevalence,29227
2022,MO,Wright,29229,Mammography use among women aged 50-74 years,71.3,Age-adjusted prevalence,29229
2022,MO,Wright,29229,Mammography use among women aged 50-74 years,71.7,Crude prevalence,29229
2022,MO,St. Louis,29510,Mammography use among women aged 50-74 years,79.6,Age-adjusted prevalence,29510
2022,MO,St. Louis,29510,Mammography use among women aged 50-74 years,80.5,Crude prevalence,29510
2022,MT,Beaverhead,30001,Mammography use among women aged 50-74 years,73.4,Age-adjusted prevalence,30001
2022,MT,Beaverhead,30001,Mammography use among women aged 50-74 years,74.7,Crude prevalence,30001
2022,MT,Big Horn,30003,Mammography use among women aged 50-74 years,65.7,Age-adjusted prevalence,30003
2022,MT,Big Horn,30003,Mammography use among women aged 50-74 years,66.0,Crude prevalence,30003
2022,MT,Blaine,30005,Mammography use among women aged 50-74 years,68.1,Age-adjusted prevalence,30005
2022,MT,Blaine,30005,Mammography use among women aged 50-74 years,68.4,Crude prevalence,30005
2022,MT,Broadwater,30007,Mammography use among women aged 50-74 years,71.5,Age-adjusted prevalence,30007
2022,MT,Broadwater,30007,Mammography use among women aged 50-74 years,73.4,Crude prevalence,30007
2022,MT,Carbon,30009,Mammography use among women aged 50-74 years,73.2,Age-adjusted prevalence,30009
2022,MT,Carbon,30009,Mammography use among women aged 50-74 years,73.7,Crude prevalence,30009
2022,MT,Carter,30011,Mammography use among women aged 50-74 years,72.7,Age-adjusted prevalence,30011
2022,MT,Carter,30011,Mammography use among women aged 50-74 years,74.7,Crude prevalence,30011
2022,MT,Cascade,30013,Mammography use among women aged 50-74 years,75.4,Age-adjusted prevalence,30013
2022,MT,Cascade,30013,Mammography use among women aged 50-74 years,76.2,Crude prevalence,30013
2022,MT,Chouteau,30015,Mammography use among women aged 50-74 years,72.4,Age-adjusted prevalence,30015
2022,MT,Chouteau,30015,Mammography use among women aged 50-74 years,73.7,Crude prevalence,30015
2022,MT,Custer,30017,Mammography use among women aged 50-74 years,75.4,Age-adjusted prevalence,30017
2022,MT,Custer,30017,Mammography use among women aged 50-74 years,75.7,Crude prevalence,30017
2022,MT,Daniels,30019,Mammography use among women aged 50-74 years,71.7,Age-adjusted prevalence,30019
2022,MT,Daniels,30019,Mammography use among women aged 50-74 years,72.9,Crude prevalence,30019
2022,MT,Dawson,30021,Mammography use among women aged 50-74 years,72.7,Age-adjusted prevalence,30021
2022,MT,Dawson,30021,Mammography use among women aged 50-74 years,74.2,Crude prevalence,30021
2022,MT,Deer Lodge,30023,Mammography use among women aged 50-74 years,70.0,Age-adjusted prevalence,30023
2022,MT,Deer Lodge,30023,Mammography use among women aged 50-74 years,71.3,Crude prevalence,30023
2022,MT,Fallon,30025,Mammography use among women aged 50-74 years,75.8,Age-adjusted prevalence,30025
2022,MT,Fallon,30025,Mammography use among women aged 50-74 years,77.2,Crude prevalence,30025
2022,MT,Fergus,30027,Mammography use among women aged 50-74 years,74.5,Age-adjusted prevalence,30027
2022,MT,Fergus,30027,Mammography use among women aged 50-74 years,76.5,Crude prevalence,30027
2022,MT,Flathead,30029,Mammography use among women aged 50-74 years,71.3,Age-adjusted prevalence,30029
2022,MT,Flathead,30029,Mammography use among women aged 50-74 years,72.2,Crude prevalence,30029
2022,MT,Gallatin,30031,Mammography use among women aged 50-74 years,71.2,Age-adjusted prevalence,30031
2022,MT,Gallatin,30031,Mammography use among women aged 50-74 years,72.1,Crude prevalence,30031
2022,MT,Garfield,30033,Mammography use among women aged 50-74 years,73.2,Age-adjusted prevalence,30033
2022,MT,Garfield,30033,Mammography use among women aged 50-74 years,73.7,Crude prevalence,30033
2022,MT,Glacier,30035,Mammography use among women aged 50-74 years,67.0,Age-adjusted prevalence,30035
2022,MT,Glacier,30035,Mammography use among women aged 50-74 years,67.7,Crude prevalence,30035
2022,MT,Golden Valley,30037,Mammography use among women aged 50-74 years,71.7,Age-adjusted prevalence,30037
2022,MT,Golden Valley,30037,Mammography use among women aged 50-74 years,75.2,Crude prevalence,30037
2022,MT,Granite,30039,Mammography use among women aged 50-74 years,73.3,Age-adjusted prevalence,30039
2022,MT,Granite,30039,Mammography use among women aged 50-74 years,74.6,Crude prevalence,30039
2022,MT,Hill,30041,Mammography use among women aged 50-74 years,67.4,Age-adjusted prevalence,30041
2022,MT,Hill,30041,Mammography use among women aged 50-74 years,68.3,Crude prevalence,30041
2022,MT,Jefferson,30043,Mammography use among women aged 50-74 years,70.9,Age-adjusted prevalence,30043
2022,MT,Jefferson,30043,Mammography use among women aged 50-74 years,72.8,Crude prevalence,30043
2022,MT,Judith Basin,30045,Mammography use among women aged 50-74 years,72.5,Age-adjusted prevalence,30045
2022,MT,Judith Basin,30045,Mammography use among women aged 50-74 years,72.6,Crude prevalence,30045
2022,MT,Lake,30047,Mammography use among women aged 50-74 years,72.8,Age-adjusted prevalence,30047
2022,MT,Lake,30047,Mammography use among women aged 50-74 years,73.6,Crude prevalence,30047
2022,MT,Lewis and Clark,30049,Mammography use among women aged 50-74 years,76.5,Age-adjusted prevalence,30049
2022,MT,Lewis and Clark,30049,Mammography use among women aged 50-74 years,77.0,Crude prevalence,30049
2022,MT,Liberty,30051,Mammography use among women aged 50-74 years,68.8,Age-adjusted prevalence,30051
2022,MT,Liberty,30051,Mammography use among women aged 50-74 years,69.8,Crude prevalence,30051
2022,MT,Lincoln,30053,Mammography use among women aged 50-74 years,69.5,Age-adjusted prevalence,30053
2022,MT,Lincoln,30053,Mammography use among women aged 50-74 years,71.6,Crude prevalence,30053
2022,MT,McCone,30055,Mammography use among women aged 50-74 years,74.4,Age-adjusted prevalence,30055
2022,MT,McCone,30055,Mammography use among women aged 50-74 years,75.6,Crude prevalence,30055
2022,MT,Madison,30057,Mammography use among women aged 50-74 years,71.8,Age-adjusted prevalence,30057
2022,MT,Madison,30057,Mammography use among women aged 50-74 years,73.4,Crude prevalence,30057
2022,MT,Meagher,30059,Mammography use among women aged 50-74 years,73.8,Age-adjusted prevalence,30059
2022,MT,Meagher,30059,Mammography use among women aged 50-74 years,75.0,Crude prevalence,30059
2022,MT,Mineral,30061,Mammography use among women aged 50-74 years,72.8,Age-adjusted prevalence,30061
2022,MT,Mineral,30061,Mammography use among women aged 50-74 years,74.3,Crude prevalence,30061
2022,MT,Missoula,30063,Mammography use among women aged 50-74 years,76.8,Age-adjusted prevalence,30063
2022,MT,Missoula,30063,Mammography use among women aged 50-74 years,77.8,Crude prevalence,30063
2022,MT,Musselshell,30065,Mammography use among women aged 50-74 years,70.1,Age-adjusted prevalence,30065
2022,MT,Musselshell,30065,Mammography use among women aged 50-74 years,71.6,Crude prevalence,30065
2022,MT,Park,30067,Mammography use among women aged 50-74 years,74.8,Age-adjusted prevalence,30067
2022,MT,Park,30067,Mammography use among women aged 50-74 years,75.1,Crude prevalence,30067
2022,MT,Petroleum,30069,Mammography use among women aged 50-74 years,72.3,Age-adjusted prevalence,30069
2022,MT,Petroleum,30069,Mammography use among women aged 50-74 years,72.6,Crude prevalence,30069
2022,MT,Phillips,30071,Mammography use among women aged 50-74 years,71.0,Age-adjusted prevalence,30071
2022,MT,Phillips,30071,Mammography use among women aged 50-74 years,71.0,Crude prevalence,30071
2022,MT,Pondera,30073,Mammography use among women aged 50-74 years,67.8,Age-adjusted prevalence,30073
2022,MT,Pondera,30073,Mammography use among women aged 50-74 years,70.3,Crude prevalence,30073
2022,MT,Powder River,30075,Mammography use among women aged 50-74 years,74.6,Age-adjusted prevalence,30075
2022,MT,Powder River,30075,Mammography use among women aged 50-74 years,76.4,Crude prevalence,30075
2022,MT,Powell,30077,Mammography use among women aged 50-74 years,71.9,Age-adjusted prevalence,30077
2022,MT,Powell,30077,Mammography use among women aged 50-74 years,72.8,Crude prevalence,30077
2022,MT,Prairie,30079,Mammography use among women aged 50-74 years,66.5,Age-adjusted prevalence,30079
2022,MT,Prairie,30079,Mammography use among women aged 50-74 years,68.5,Crude prevalence,30079
2022,MT,Ravalli,30081,Mammography use among women aged 50-74 years,74.0,Age-adjusted prevalence,30081
2022,MT,Ravalli,30081,Mammography use among women aged 50-74 years,74.3,Crude prevalence,30081
2022,MT,Richland,30083,Mammography use among women aged 50-74 years,74.1,Age-adjusted prevalence,30083
2022,MT,Richland,30083,Mammography use among women aged 50-74 years,74.2,Crude prevalence,30083
2022,MT,Roosevelt,30085,Mammography use among women aged 50-74 years,65.7,Age-adjusted prevalence,30085
2022,MT,Roosevelt,30085,Mammography use among women aged 50-74 years,66.7,Crude prevalence,30085
2022,MT,Rosebud,30087,Mammography use among women aged 50-74 years,72.3,Age-adjusted prevalence,30087
2022,MT,Rosebud,30087,Mammography use among women aged 50-74 years,73.3,Crude prevalence,30087
2022,MT,Sanders,30089,Mammography use among women aged 50-74 years,70.2,Age-adjusted prevalence,30089
2022,MT,Sanders,30089,Mammography use among women aged 50-74 years,70.9,Crude prevalence,30089
2022,MT,Sheridan,30091,Mammography use among women aged 50-74 years,71.5,Age-adjusted prevalence,30091
2022,MT,Sheridan,30091,Mammography use among women aged 50-74 years,72.7,Crude prevalence,30091
2022,MT,Silver Bow,30093,Mammography use among women aged 50-74 years,73.3,Age-adjusted prevalence,30093
2022,MT,Silver Bow,30093,Mammography use among women aged 50-74 years,73.9,Crude prevalence,30093
2022,MT,Stillwater,30095,Mammography use among women aged 50-74 years,72.0,Age-adjusted prevalence,30095
2022,MT,Stillwater,30095,Mammography use among women aged 50-74 years,73.2,Crude prevalence,30095
2022,MT,Sweet Grass,30097,Mammography use among women aged 50-74 years,75.3,Age-adjusted prevalence,30097
2022,MT,Sweet Grass,30097,Mammography use among women aged 50-74 years,76.8,Crude prevalence,30097
2022,MT,Teton,30099,Mammography use among women aged 50-74 years,67.0,Age-adjusted prevalence,30099
2022,MT,Teton,30099,Mammography use among women aged 50-74 years,67.5,Crude prevalence,30099
2022,MT,Toole,30101,Mammography use among women aged 50-74 years,74.8,Age-adjusted prevalence,30101
2022,MT,Toole,30101,Mammography use among women aged 50-74 years,74.8,Crude prevalence,30101
2022,MT,Treasure,30103,Mammography use among women aged 50-74 years,74.4,Age-adjusted prevalence,30103
2022,MT,Treasure,30103,Mammography use among women aged 50-74 years,76.8,Crude prevalence,30103
2022,MT,Valley,30105,Mammography use among women aged 50-74 years,67.6,Age-adjusted prevalence,30105
2022,MT,Valley,30105,Mammography use among women aged 50-74 years,69.7,Crude prevalence,30105
2022,MT,Wheatland,30107,Mammography use among women aged 50-74 years,71.5,Age-adjusted prevalence,30107
2022,MT,Wheatland,30107,Mammography use among women aged 50-74 years,72.0,Crude prevalence,30107
2022,MT,Wibaux,30109,Mammography use among women aged 50-74 years,67.7,Age-adjusted prevalence,30109
2022,MT,Wibaux,30109,Mammography use among women aged 50-74 years,69.1,Crude prevalence,30109
2022,MT,Yellowstone,30111,Mammography use among women aged 50-74 years,78.9,Age-adjusted prevalence,30111
2022,MT,Yellowstone,30111,Mammography use among women aged 50-74 years,80.0,Crude prevalence,30111
2022,NE,Adams,31001,Mammography use among women aged 50-74 years,72.7,Age-adjusted prevalence,31001
2022,NE,Adams,31001,Mammography use among women aged 50-74 years,73.7,Crude prevalence,31001
2022,NE,Antelope,31003,Mammography use among women aged 50-74 years,73.2,Age-adjusted prevalence,31003
2022,NE,Antelope,31003,Mammography use among women aged 50-74 years,74.6,Crude prevalence,31003
2022,NE,Arthur,31005,Mammography use among women aged 50-74 years,72.8,Age-adjusted prevalence,31005
2022,NE,Arthur,31005,Mammography use among women aged 50-74 years,74.5,Crude prevalence,31005
2022,NE,Banner,31007,Mammography use among women aged 50-74 years,77.4,Age-adjusted prevalence,31007
2022,NE,Banner,31007,Mammography use among women aged 50-74 years,77.7,Crude prevalence,31007
2022,NE,Blaine,31009,Mammography use among women aged 50-74 years,73.7,Age-adjusted prevalence,31009
2022,NE,Blaine,31009,Mammography use among women aged 50-74 years,73.5,Crude prevalence,31009
2022,NE,Boone,31011,Mammography use among women aged 50-74 years,72.2,Age-adjusted prevalence,31011
2022,NE,Boone,31011,Mammography use among women aged 50-74 years,73.9,Crude prevalence,31011
2022,NE,Box Butte,31013,Mammography use among women aged 50-74 years,74.1,Age-adjusted prevalence,31013
2022,NE,Box Butte,31013,Mammography use among women aged 50-74 years,74.4,Crude prevalence,31013
2022,NE,Boyd,31015,Mammography use among women aged 50-74 years,72.6,Age-adjusted prevalence,31015
2022,NE,Boyd,31015,Mammography use among women aged 50-74 years,73.8,Crude prevalence,31015
2022,NE,Brown,31017,Mammography use among women aged 50-74 years,72.1,Age-adjusted prevalence,31017
2022,NE,Brown,31017,Mammography use among women aged 50-74 years,73.4,Crude prevalence,31017
2022,NE,Buffalo,31019,Mammography use among women aged 50-74 years,73.5,Age-adjusted prevalence,31019
2022,NE,Buffalo,31019,Mammography use among women aged 50-74 years,73.1,Crude prevalence,31019
2022,NE,Burt,31021,Mammography use among women aged 50-74 years,75.0,Age-adjusted prevalence,31021
2022,NE,Burt,31021,Mammography use among women aged 50-74 years,75.9,Crude prevalence,31021
2022,NE,Butler,31023,Mammography use among women aged 50-74 years,70.5,Age-adjusted prevalence,31023
2022,NE,Butler,31023,Mammography use among women aged 50-74 years,71.0,Crude prevalence,31023
2022,NE,Cass,31025,Mammography use among women aged 50-74 years,74.5,Age-adjusted prevalence,31025
2022,NE,Cass,31025,Mammography use among women aged 50-74 years,74.7,Crude prevalence,31025
2022,NE,Cedar,31027,Mammography use among women aged 50-74 years,78.8,Age-adjusted prevalence,31027
2022,NE,Cedar,31027,Mammography use among women aged 50-74 years,80.3,Crude prevalence,31027
2022,NE,Chase,31029,Mammography use among women aged 50-74 years,74.0,Age-adjusted prevalence,31029
2022,NE,Chase,31029,Mammography use among women aged 50-74 years,74.8,Crude prevalence,31029
2022,NE,Cherry,31031,Mammography use among women aged 50-74 years,72.4,Age-adjusted prevalence,31031
2022,NE,Cherry,31031,Mammography use among women aged 50-74 years,73.0,Crude prevalence,31031
2022,NE,Cheyenne,31033,Mammography use among women aged 50-74 years,71.9,Age-adjusted prevalence,31033
2022,NE,Cheyenne,31033,Mammography use among women aged 50-74 years,73.3,Crude prevalence,31033
2022,NE,Clay,31035,Mammography use among women aged 50-74 years,73.9,Age-adjusted prevalence,31035
2022,NE,Clay,31035,Mammography use among women aged 50-74 years,74.4,Crude prevalence,31035
2022,NE,Colfax,31037,Mammography use among women aged 50-74 years,74.7,Age-adjusted prevalence,31037
2022,NE,Colfax,31037,Mammography use among women aged 50-74 years,74.9,Crude prevalence,31037
2022,NE,Cuming,31039,Mammography use among women aged 50-74 years,76.9,Age-adjusted prevalence,31039
2022,NE,Cuming,31039,Mammography use among women aged 50-74 years,78.2,Crude prevalence,31039
2022,NE,Custer,31041,Mammography use among women aged 50-74 years,69.5,Age-adjusted prevalence,31041
2022,NE,Custer,31041,Mammography use among women aged 50-74 years,71.9,Crude prevalence,31041
2022,NE,Dakota,31043,Mammography use among women aged 50-74 years,71.5,Age-adjusted prevalence,31043
2022,NE,Dakota,31043,Mammography use among women aged 50-74 years,71.7,Crude prevalence,31043
2022,NE,Dawes,31045,Mammography use among women aged 50-74 years,71.4,Age-adjusted prevalence,31045
2022,NE,Dawes,31045,Mammography use among women aged 50-74 years,72.8,Crude prevalence,31045
2022,NE,Dawson,31047,Mammography use among women aged 50-74 years,74.8,Age-adjusted prevalence,31047
2022,NE,Dawson,31047,Mammography use among women aged 50-74 years,75.5,Crude prevalence,31047
2022,NE,Deuel,31049,Mammography use among women aged 50-74 years,74.7,Age-adjusted prevalence,31049
2022,NE,Deuel,31049,Mammography use among women aged 50-74 years,76.1,Crude prevalence,31049
2022,NE,Dixon,31051,Mammography use among women aged 50-74 years,76.2,Age-adjusted prevalence,31051
2022,NE,Dixon,31051,Mammography use among women aged 50-74 years,76.9,Crude prevalence,31051
2022,NE,Dodge,31053,Mammography use among women aged 50-74 years,74.2,Age-adjusted prevalence,31053
2022,NE,Dodge,31053,Mammography use among women aged 50-74 years,75.1,Crude prevalence,31053
2022,NE,Douglas,31055,Mammography use among women aged 50-74 years,73.2,Age-adjusted prevalence,31055
2022,NE,Douglas,31055,Mammography use among women aged 50-74 years,74.2,Crude prevalence,31055
2022,NE,Dundy,31057,Mammography use among women aged 50-74 years,74.0,Age-adjusted prevalence,31057
2022,NE,Dundy,31057,Mammography use among women aged 50-74 years,74.5,Crude prevalence,31057
2022,NE,Fillmore,31059,Mammography use among women aged 50-74 years,75.3,Age-adjusted prevalence,31059
2022,NE,Fillmore,31059,Mammography use among women aged 50-74 years,75.4,Crude prevalence,31059
2022,NE,Franklin,31061,Mammography use among women aged 50-74 years,72.7,Age-adjusted prevalence,31061
2022,NE,Franklin,31061,Mammography use among women aged 50-74 years,73.8,Crude prevalence,31061
2022,NE,Frontier,31063,Mammography use among women aged 50-74 years,75.4,Age-adjusted prevalence,31063
2022,NE,Frontier,31063,Mammography use among women aged 50-74 years,75.9,Crude prevalence,31063
2022,NE,Furnas,31065,Mammography use among women aged 50-74 years,73.8,Age-adjusted prevalence,31065
2022,NE,Furnas,31065,Mammography use among women aged 50-74 years,74.6,Crude prevalence,31065
2022,NE,Gage,31067,Mammography use among women aged 50-74 years,67.7,Age-adjusted prevalence,31067
2022,NE,Gage,31067,Mammography use among women aged 50-74 years,68.5,Crude prevalence,31067
2022,NE,Garden,31069,Mammography use among women aged 50-74 years,69.0,Age-adjusted prevalence,31069
2022,NE,Garden,31069,Mammography use among women aged 50-74 years,69.1,Crude prevalence,31069
2022,NE,Garfield,31071,Mammography use among women aged 50-74 years,78.0,Age-adjusted prevalence,31071
2022,NE,Garfield,31071,Mammography use among women aged 50-74 years,78.3,Crude prevalence,31071
2022,NE,Gosper,31073,Mammography use among women aged 50-74 years,73.2,Age-adjusted prevalence,31073
2022,NE,Gosper,31073,Mammography use among women aged 50-74 years,74.5,Crude prevalence,31073
2022,NE,Grant,31075,Mammography use among women aged 50-74 years,72.9,Age-adjusted prevalence,31075
2022,NE,Grant,31075,Mammography use among women aged 50-74 years,73.8,Crude prevalence,31075
2022,NE,Greeley,31077,Mammography use among women aged 50-74 years,75.7,Age-adjusted prevalence,31077
2022,NE,Greeley,31077,Mammography use among women aged 50-74 years,77.8,Crude prevalence,31077
2022,NE,Hall,31079,Mammography use among women aged 50-74 years,69.6,Age-adjusted prevalence,31079
2022,NE,Hall,31079,Mammography use among women aged 50-74 years,70.5,Crude prevalence,31079
2022,NE,Hamilton,31081,Mammography use among women aged 50-74 years,73.4,Age-adjusted prevalence,31081
2022,NE,Hamilton,31081,Mammography use among women aged 50-74 years,74.4,Crude prevalence,31081
2022,NE,Harlan,31083,Mammography use among women aged 50-74 years,75.7,Age-adjusted prevalence,31083
2022,NE,Harlan,31083,Mammography use among women aged 50-74 years,76.2,Crude prevalence,31083
2022,NE,Hayes,31085,Mammography use among women aged 50-74 years,73.6,Age-adjusted prevalence,31085
2022,NE,Hayes,31085,Mammography use among women aged 50-74 years,75.5,Crude prevalence,31085
2022,NE,Hitchcock,31087,Mammography use among women aged 50-74 years,72.6,Age-adjusted prevalence,31087
2022,NE,Hitchcock,31087,Mammography use among women aged 50-74 years,73.6,Crude prevalence,31087
2022,NE,Holt,31089,Mammography use among women aged 50-74 years,76.5,Age-adjusted prevalence,31089
2022,NE,Holt,31089,Mammography use among women aged 50-74 years,76.8,Crude prevalence,31089
2022,NE,Hooker,31091,Mammography use among women aged 50-74 years,74.0,Age-adjusted prevalence,31091
2022,NE,Hooker,31091,Mammography use among women aged 50-74 years,76.4,Crude prevalence,31091
2022,NE,Howard,31093,Mammography use among women aged 50-74 years,75.3,Age-adjusted prevalence,31093
2022,NE,Howard,31093,Mammography use among women aged 50-74 years,76.0,Crude prevalence,31093
2022,NE,Jefferson,31095,Mammography use among women aged 50-74 years,72.7,Age-adjusted prevalence,31095
2022,NE,Jefferson,31095,Mammography use among women aged 50-74 years,73.9,Crude prevalence,31095
2022,NE,Johnson,31097,Mammography use among women aged 50-74 years,68.9,Age-adjusted prevalence,31097
2022,NE,Johnson,31097,Mammography use among women aged 50-74 years,70.4,Crude prevalence,31097
2022,NE,Kearney,31099,Mammography use among women aged 50-74 years,72.6,Age-adjusted prevalence,31099
2022,NE,Kearney,31099,Mammography use among women aged 50-74 years,73.8,Crude prevalence,31099
2022,NE,Keith,31101,Mammography use among women aged 50-74 years,68.2,Age-adjusted prevalence,31101
2022,NE,Keith,31101,Mammography use among women aged 50-74 years,70.6,Crude prevalence,31101
2022,NE,Keya Paha,31103,Mammography use among women aged 50-74 years,71.8,Age-adjusted prevalence,31103
2022,NE,Keya Paha,31103,Mammography use among women aged 50-74 years,73.6,Crude prevalence,31103
2022,NE,Kimball,31105,Mammography use among women aged 50-74 years,69.8,Age-adjusted prevalence,31105
2022,NE,Kimball,31105,Mammography use among women aged 50-74 years,71.0,Crude prevalence,31105
2022,NE,Knox,31107,Mammography use among women aged 50-74 years,72.5,Age-adjusted prevalence,31107
2022,NE,Knox,31107,Mammography use among women aged 50-74 years,73.4,Crude prevalence,31107
2022,NE,Lancaster,31109,Mammography use among women aged 50-74 years,77.2,Age-adjusted prevalence,31109
2022,NE,Lancaster,31109,Mammography use among women aged 50-74 years,78.1,Crude prevalence,31109
2022,NE,Lincoln,31111,Mammography use among women aged 50-74 years,71.0,Age-adjusted prevalence,31111
2022,NE,Lincoln,31111,Mammography use among women aged 50-74 years,73.4,Crude prevalence,31111
2022,NE,Logan,31113,Mammography use among women aged 50-74 years,76.1,Age-adjusted prevalence,31113
2022,NE,Logan,31113,Mammography use among women aged 50-74 years,77.3,Crude prevalence,31113
2022,NE,Loup,31115,Mammography use among women aged 50-74 years,71.2,Age-adjusted prevalence,31115
2022,NE,Loup,31115,Mammography use among women aged 50-74 years,72.1,Crude prevalence,31115
2022,NE,McPherson,31117,Mammography use among women aged 50-74 years,71.6,Age-adjusted prevalence,31117
2022,NE,McPherson,31117,Mammography use among women aged 50-74 years,72.6,Crude prevalence,31117
2022,NE,Madison,31119,Mammography use among women aged 50-74 years,72.0,Age-adjusted prevalence,31119
2022,NE,Madison,31119,Mammography use among women aged 50-74 years,72.8,Crude prevalence,31119
2022,NE,Merrick,31121,Mammography use among women aged 50-74 years,75.6,Age-adjusted prevalence,31121
2022,NE,Merrick,31121,Mammography use among women aged 50-74 years,76.3,Crude prevalence,31121
2022,NE,Morrill,31123,Mammography use among women aged 50-74 years,72.5,Age-adjusted prevalence,31123
2022,NE,Morrill,31123,Mammography use among women aged 50-74 years,73.1,Crude prevalence,31123
2022,NE,Nance,31125,Mammography use among women aged 50-74 years,72.7,Age-adjusted prevalence,31125
2022,NE,Nance,31125,Mammography use among women aged 50-74 years,74.2,Crude prevalence,31125
2022,NE,Nemaha,31127,Mammography use among women aged 50-74 years,68.4,Age-adjusted prevalence,31127
2022,NE,Nemaha,31127,Mammography use among women aged 50-74 years,70.1,Crude prevalence,31127
2022,NE,Nuckolls,31129,Mammography use among women aged 50-74 years,72.1,Age-adjusted prevalence,31129
2022,NE,Nuckolls,31129,Mammography use among women aged 50-74 years,73.5,Crude prevalence,31129
2022,NE,Otoe,31131,Mammography use among women aged 50-74 years,76.3,Age-adjusted prevalence,31131
2022,NE,Otoe,31131,Mammography use among women aged 50-74 years,77.2,Crude prevalence,31131
2022,NE,Pawnee,31133,Mammography use among women aged 50-74 years,74.2,Age-adjusted prevalence,31133
2022,NE,Pawnee,31133,Mammography use among women aged 50-74 years,74.5,Crude prevalence,31133
2022,NE,Perkins,31135,Mammography use among women aged 50-74 years,72.2,Age-adjusted prevalence,31135
2022,NE,Perkins,31135,Mammography use among women aged 50-74 years,75.2,Crude prevalence,31135
2022,NE,Phelps,31137,Mammography use among women aged 50-74 years,68.4,Age-adjusted prevalence,31137
2022,NE,Phelps,31137,Mammography use among women aged 50-74 years,69.8,Crude prevalence,31137
2022,NE,Pierce,31139,Mammography use among women aged 50-74 years,75.2,Age-adjusted prevalence,31139
2022,NE,Pierce,31139,Mammography use among women aged 50-74 years,75.6,Crude prevalence,31139
2022,NE,Platte,31141,Mammography use among women aged 50-74 years,77.7,Age-adjusted prevalence,31141
2022,NE,Platte,31141,Mammography use among women aged 50-74 years,78.2,Crude prevalence,31141
2022,NE,Polk,31143,Mammography use among women aged 50-74 years,72.2,Age-adjusted prevalence,31143
2022,NE,Polk,31143,Mammography use among women aged 50-74 years,73.1,Crude prevalence,31143
2022,NE,Red Willow,31145,Mammography use among women aged 50-74 years,73.7,Age-adjusted prevalence,31145
2022,NE,Red Willow,31145,Mammography use among women aged 50-74 years,75.9,Crude prevalence,31145
2022,NE,Richardson,31147,Mammography use among women aged 50-74 years,70.1,Age-adjusted prevalence,31147
2022,NE,Richardson,31147,Mammography use among women aged 50-74 years,70.6,Crude prevalence,31147
2022,NE,Rock,31149,Mammography use among women aged 50-74 years,72.5,Age-adjusted prevalence,31149
2022,NE,Rock,31149,Mammography use among women aged 50-74 years,75.2,Crude prevalence,31149
2022,NE,Saline,31151,Mammography use among women aged 50-74 years,69.9,Age-adjusted prevalence,31151
2022,NE,Saline,31151,Mammography use among women aged 50-74 years,70.7,Crude prevalence,31151
2022,NE,Sarpy,31153,Mammography use among women aged 50-74 years,78.0,Age-adjusted prevalence,31153
2022,NE,Sarpy,31153,Mammography use among women aged 50-74 years,78.5,Crude prevalence,31153
2022,NE,Saunders,31155,Mammography use among women aged 50-74 years,73.2,Age-adjusted prevalence,31155
2022,NE,Saunders,31155,Mammography use among women aged 50-74 years,74.0,Crude prevalence,31155
2022,NE,Scotts Bluff,31157,Mammography use among women aged 50-74 years,71.7,Age-adjusted prevalence,31157
2022,NE,Scotts Bluff,31157,Mammography use among women aged 50-74 years,72.3,Crude prevalence,31157
2022,NE,Seward,31159,Mammography use among women aged 50-74 years,69.8,Age-adjusted prevalence,31159
2022,NE,Seward,31159,Mammography use among women aged 50-74 years,70.9,Crude prevalence,31159
2022,NE,Sheridan,31161,Mammography use among women aged 50-74 years,67.2,Age-adjusted prevalence,31161
2022,NE,Sheridan,31161,Mammography use among women aged 50-74 years,69.6,Crude prevalence,31161
2022,NE,Sherman,31163,Mammography use among women aged 50-74 years,75.7,Age-adjusted prevalence,31163
2022,NE,Sherman,31163,Mammography use among women aged 50-74 years,76.6,Crude prevalence,31163
2022,NE,Sioux,31165,Mammography use among women aged 50-74 years,68.7,Age-adjusted prevalence,31165
2022,NE,Sioux,31165,Mammography use among women aged 50-74 years,70.0,Crude prevalence,31165
2022,NE,Stanton,31167,Mammography use among women aged 50-74 years,73.5,Age-adjusted prevalence,31167
2022,NE,Stanton,31167,Mammography use among women aged 50-74 years,74.4,Crude prevalence,31167
2022,NE,Thayer,31169,Mammography use among women aged 50-74 years,70.8,Age-adjusted prevalence,31169
2022,NE,Thayer,31169,Mammography use among women aged 50-74 years,71.9,Crude prevalence,31169
2022,NE,Thomas,31171,Mammography use among women aged 50-74 years,74.1,Age-adjusted prevalence,31171
2022,NE,Thomas,31171,Mammography use among women aged 50-74 years,76.0,Crude prevalence,31171
2022,NE,Thurston,31173,Mammography use among women aged 50-74 years,70.9,Age-adjusted prevalence,31173
2022,NE,Thurston,31173,Mammography use among women aged 50-74 years,71.1,Crude prevalence,31173
2022,NE,Valley,31175,Mammography use among women aged 50-74 years,74.2,Age-adjusted prevalence,31175
2022,NE,Valley,31175,Mammography use among women aged 50-74 years,75.7,Crude prevalence,31175
2022,NE,Washington,31177,Mammography use among women aged 50-74 years,74.3,Age-adjusted prevalence,31177
2022,NE,Washington,31177,Mammography use among women aged 50-74 years,75.3,Crude prevalence,31177
2022,NE,Wayne,31179,Mammography use among women aged 50-74 years,70.0,Age-adjusted prevalence,31179
2022,NE,Wayne,31179,Mammography use among women aged 50-74 years,70.6,Crude prevalence,31179
2022,NE,Webster,31181,Mammography use among women aged 50-74 years,73.0,Age-adjusted prevalence,31181
2022,NE,Webster,31181,Mammography use among women aged 50-74 years,73.8,Crude prevalence,31181
2022,NE,Wheeler,31183,Mammography use among women aged 50-74 years,72.9,Age-adjusted prevalence,31183
2022,NE,Wheeler,31183,Mammography use among women aged 50-74 years,73.3,Crude prevalence,31183
2022,NE,York,31185,Mammography use among women aged 50-74 years,75.0,Age-adjusted prevalence,31185
2022,NE,York,31185,Mammography use among women aged 50-74 years,76.1,Crude prevalence,31185
2022,NV,Churchill,32001,Mammography use among women aged 50-74 years,74.1,Age-adjusted prevalence,32001
2022,NV,Churchill,32001,Mammography use among women aged 50-74 years,75.2,Crude prevalence,32001
2022,NV,Clark,32003,Mammography use among women aged 50-74 years,68.1,Age-adjusted prevalence,32003
2022,NV,Clark,32003,Mammography use among women aged 50-74 years,68.7,Crude prevalence,32003
2022,NV,Douglas,32005,Mammography use among women aged 50-74 years,72.9,Age-adjusted prevalence,32005
2022,NV,Douglas,32005,Mammography use among women aged 50-74 years,74.1,Crude prevalence,32005
2022,NV,Elko,32007,Mammography use among women aged 50-74 years,67.8,Age-adjusted prevalence,32007
2022,NV,Elko,32007,Mammography use among women aged 50-74 years,67.9,Crude prevalence,32007
2022,NV,Esmeralda,32009,Mammography use among women aged 50-74 years,70.0,Age-adjusted prevalence,32009
2022,NV,Esmeralda,32009,Mammography use among women aged 50-74 years,70.0,Crude prevalence,32009
2022,NV,Eureka,32011,Mammography use among women aged 50-74 years,68.8,Age-adjusted prevalence,32011
2022,NV,Eureka,32011,Mammography use among women aged 50-74 years,69.1,Crude prevalence,32011
2022,NV,Humboldt,32013,Mammography use among women aged 50-74 years,73.3,Age-adjusted prevalence,32013
2022,NV,Humboldt,32013,Mammography use among women aged 50-74 years,73.7,Crude prevalence,32013
2022,NV,Lander,32015,Mammography use among women aged 50-74 years,70.3,Age-adjusted prevalence,32015
2022,NV,Lander,32015,Mammography use among women aged 50-74 years,70.9,Crude prevalence,32015
2022,NV,Lincoln,32017,Mammography use among women aged 50-74 years,73.0,Age-adjusted prevalence,32017
2022,NV,Lincoln,32017,Mammography use among women aged 50-74 years,73.4,Crude prevalence,32017
2022,NV,Lyon,32019,Mammography use among women aged 50-74 years,67.3,Age-adjusted prevalence,32019
2022,NV,Lyon,32019,Mammography use among women aged 50-74 years,68.5,Crude prevalence,32019
2022,NV,Mineral,32021,Mammography use among women aged 50-74 years,69.2,Age-adjusted prevalence,32021
2022,NV,Mineral,32021,Mammography use among women aged 50-74 years,70.5,Crude prevalence,32021
2022,NV,Nye,32023,Mammography use among women aged 50-74 years,71.3,Age-adjusted prevalence,32023
2022,NV,Nye,32023,Mammography use among women aged 50-74 years,72.7,Crude prevalence,32023
2022,NV,Pershing,32027,Mammography use among women aged 50-74 years,71.8,Age-adjusted prevalence,32027
2022,NV,Pershing,32027,Mammography use among women aged 50-74 years,72.4,Crude prevalence,32027
2022,NV,Storey,32029,Mammography use among women aged 50-74 years,73.0,Age-adjusted prevalence,32029
2022,NV,Storey,32029,Mammography use among women aged 50-74 years,73.4,Crude prevalence,32029
2022,NV,Washoe,32031,Mammography use among women aged 50-74 years,68.4,Age-adjusted prevalence,32031
2022,NV,Washoe,32031,Mammography use among women aged 50-74 years,68.8,Crude prevalence,32031
2022,NV,White Pine,32033,Mammography use among women aged 50-74 years,72.5,Age-adjusted prevalence,32033
2022,NV,White Pine,32033,Mammography use among women aged 50-74 years,72.5,Crude prevalence,32033
2022,NV,Carson City,32510,Mammography use among women aged 50-74 years,74.4,Age-adjusted prevalence,32510
2022,NV,Carson City,32510,Mammography use among women aged 50-74 years,75.2,Crude prevalence,32510
2022,NH,Belknap,33001,Mammography use among women aged 50-74 years,73.4,Age-adjusted prevalence,33001
2022,NH,Belknap,33001,Mammography use among women aged 50-74 years,74.2,Crude prevalence,33001
2022,NH,Carroll,33003,Mammography use among women aged 50-74 years,76.5,Age-adjusted prevalence,33003
2022,NH,Carroll,33003,Mammography use among women aged 50-74 years,77.5,Crude prevalence,33003
2022,NH,Cheshire,33005,Mammography use among women aged 50-74 years,76.6,Age-adjusted prevalence,33005
2022,NH,Cheshire,33005,Mammography use among women aged 50-74 years,77.1,Crude prevalence,33005
2022,NH,Coos,33007,Mammography use among women aged 50-74 years,72.3,Age-adjusted prevalence,33007
2022,NH,Coos,33007,Mammography use among women aged 50-74 years,72.8,Crude prevalence,33007
2022,NH,Grafton,33009,Mammography use among women aged 50-74 years,76.8,Age-adjusted prevalence,33009
2022,NH,Grafton,33009,Mammography use among women aged 50-74 years,77.1,Crude prevalence,33009
2022,NH,Hillsborough,33011,Mammography use among women aged 50-74 years,79.3,Age-adjusted prevalence,33011
2022,NH,Hillsborough,33011,Mammography use among women aged 50-74 years,79.6,Crude prevalence,33011
2022,NH,Merrimack,33013,Mammography use among women aged 50-74 years,80.8,Age-adjusted prevalence,33013
2022,NH,Merrimack,33013,Mammography use among women aged 50-74 years,80.7,Crude prevalence,33013
2022,NH,Rockingham,33015,Mammography use among women aged 50-74 years,78.1,Age-adjusted prevalence,33015
2022,NH,Rockingham,33015,Mammography use among women aged 50-74 years,78.8,Crude prevalence,33015
2022,NH,Strafford,33017,Mammography use among women aged 50-74 years,79.2,Age-adjusted prevalence,33017
2022,NH,Strafford,33017,Mammography use among women aged 50-74 years,79.8,Crude prevalence,33017
2022,NH,Sullivan,33019,Mammography use among women aged 50-74 years,79.6,Age-adjusted prevalence,33019
2022,NH,Sullivan,33019,Mammography use among women aged 50-74 years,80.1,Crude prevalence,33019
2022,NJ,Atlantic,34001,Mammography use among women aged 50-74 years,74.1,Age-adjusted prevalence,34001
2022,NJ,Atlantic,34001,Mammography use among women aged 50-74 years,75.0,Crude prevalence,34001
2022,NJ,Bergen,34003,Mammography use among women aged 50-74 years,73.8,Age-adjusted prevalence,34003
2022,NJ,Bergen,34003,Mammography use among women aged 50-74 years,74.0,Crude prevalence,34003
2022,NJ,Burlington,34005,Mammography use among women aged 50-74 years,80.6,Age-adjusted prevalence,34005
2022,NJ,Burlington,34005,Mammography use among women aged 50-74 years,80.9,Crude prevalence,34005
2022,NJ,Camden,34007,Mammography use among women aged 50-74 years,76.2,Age-adjusted prevalence,34007
2022,NJ,Camden,34007,Mammography use among women aged 50-74 years,76.8,Crude prevalence,34007
2022,NJ,Cape May,34009,Mammography use among women aged 50-74 years,73.8,Age-adjusted prevalence,34009
2022,NJ,Cape May,34009,Mammography use among women aged 50-74 years,73.9,Crude prevalence,34009
2022,NJ,Cumberland,34011,Mammography use among women aged 50-74 years,72.8,Age-adjusted prevalence,34011
2022,NJ,Cumberland,34011,Mammography use among women aged 50-74 years,73.1,Crude prevalence,34011
2022,NJ,Essex,34013,Mammography use among women aged 50-74 years,78.7,Age-adjusted prevalence,34013
2022,NJ,Essex,34013,Mammography use among women aged 50-74 years,79.1,Crude prevalence,34013
2022,NJ,Gloucester,34015,Mammography use among women aged 50-74 years,72.9,Age-adjusted prevalence,34015
2022,NJ,Gloucester,34015,Mammography use among women aged 50-74 years,74.1,Crude prevalence,34015
2022,NJ,Hudson,34017,Mammography use among women aged 50-74 years,70.3,Age-adjusted prevalence,34017
2022,NJ,Hudson,34017,Mammography use among women aged 50-74 years,70.7,Crude prevalence,34017
2022,NJ,Hunterdon,34019,Mammography use among women aged 50-74 years,77.9,Age-adjusted prevalence,34019
2022,NJ,Hunterdon,34019,Mammography use among women aged 50-74 years,78.1,Crude prevalence,34019
2022,NJ,Mercer,34021,Mammography use among women aged 50-74 years,72.9,Age-adjusted prevalence,34021
2022,NJ,Mercer,34021,Mammography use among women aged 50-74 years,73.1,Crude prevalence,34021
2022,NJ,Middlesex,34023,Mammography use among women aged 50-74 years,75.5,Age-adjusted prevalence,34023
2022,NJ,Middlesex,34023,Mammography use among women aged 50-74 years,76.1,Crude prevalence,34023
2022,NJ,Monmouth,34025,Mammography use among women aged 50-74 years,77.9,Age-adjusted prevalence,34025
2022,NJ,Monmouth,34025,Mammography use among women aged 50-74 years,77.9,Crude prevalence,34025
2022,NJ,Morris,34027,Mammography use among women aged 50-74 years,73.6,Age-adjusted prevalence,34027
2022,NJ,Morris,34027,Mammography use among women aged 50-74 years,73.7,Crude prevalence,34027
2022,NJ,Ocean,34029,Mammography use among women aged 50-74 years,74.2,Age-adjusted prevalence,34029
2022,NJ,Ocean,34029,Mammography use among women aged 50-74 years,75.9,Crude prevalence,34029
2022,NJ,Passaic,34031,Mammography use among women aged 50-74 years,74.9,Age-adjusted prevalence,34031
2022,NJ,Passaic,34031,Mammography use among women aged 50-74 years,74.9,Crude prevalence,34031
2022,NJ,Salem,34033,Mammography use among women aged 50-74 years,73.9,Age-adjusted prevalence,34033
2022,NJ,Salem,34033,Mammography use among women aged 50-74 years,74.5,Crude prevalence,34033
2022,NJ,Somerset,34035,Mammography use among women aged 50-74 years,74.7,Age-adjusted prevalence,34035
2022,NJ,Somerset,34035,Mammography use among women aged 50-74 years,75.4,Crude prevalence,34035
2022,NJ,Sussex,34037,Mammography use among women aged 50-74 years,78.0,Age-adjusted prevalence,34037
2022,NJ,Sussex,34037,Mammography use among women aged 50-74 years,77.9,Crude prevalence,34037
2022,NJ,Union,34039,Mammography use among women aged 50-74 years,76.1,Age-adjusted prevalence,34039
2022,NJ,Union,34039,Mammography use among women aged 50-74 years,76.1,Crude prevalence,34039
2022,NJ,Warren,34041,Mammography use among women aged 50-74 years,76.7,Age-adjusted prevalence,34041
2022,NJ,Warren,34041,Mammography use among women aged 50-74 years,76.3,Crude prevalence,34041
2022,NM,Bernalillo,35001,Mammography use among women aged 50-74 years,72.4,Age-adjusted prevalence,35001
2022,NM,Bernalillo,35001,Mammography use among women aged 50-74 years,72.9,Crude prevalence,35001
2022,NM,Catron,35003,Mammography use among women aged 50-74 years,62.4,Age-adjusted prevalence,35003
2022,NM,Catron,35003,Mammography use among women aged 50-74 years,64.1,Crude prevalence,35003
2022,NM,Chaves,35005,Mammography use among women aged 50-74 years,70.9,Age-adjusted prevalence,35005
2022,NM,Chaves,35005,Mammography use among women aged 50-74 years,71.0,Crude prevalence,35005
2022,NM,Cibola,35006,Mammography use among women aged 50-74 years,68.2,Age-adjusted prevalence,35006
2022,NM,Cibola,35006,Mammography use among women aged 50-74 years,69.3,Crude prevalence,35006
2022,NM,Colfax,35007,Mammography use among women aged 50-74 years,70.3,Age-adjusted prevalence,35007
2022,NM,Colfax,35007,Mammography use among women aged 50-74 years,71.8,Crude prevalence,35007
2022,NM,Curry,35009,Mammography use among women aged 50-74 years,71.6,Age-adjusted prevalence,35009
2022,NM,Curry,35009,Mammography use among women aged 50-74 years,71.9,Crude prevalence,35009
2022,NM,De Baca,35011,Mammography use among women aged 50-74 years,71.1,Age-adjusted prevalence,35011
2022,NM,De Baca,35011,Mammography use among women aged 50-74 years,71.8,Crude prevalence,35011
2022,NM,DoÃ±a Ana,35013,Mammography use among women aged 50-74 years,65.9,Age-adjusted prevalence,35013
2022,NM,DoÃ±a Ana,35013,Mammography use among women aged 50-74 years,67.1,Crude prevalence,35013
2022,NM,Eddy,35015,Mammography use among women aged 50-74 years,67.6,Age-adjusted prevalence,35015
2022,NM,Eddy,35015,Mammography use among women aged 50-74 years,68.1,Crude prevalence,35015
2022,NM,Grant,35017,Mammography use among women aged 50-74 years,67.5,Age-adjusted prevalence,35017
2022,NM,Grant,35017,Mammography use among women aged 50-74 years,67.2,Crude prevalence,35017
2022,NM,Guadalupe,35019,Mammography use among women aged 50-74 years,67.3,Age-adjusted prevalence,35019
2022,NM,Guadalupe,35019,Mammography use among women aged 50-74 years,68.4,Crude prevalence,35019
2022,NM,Harding,35021,Mammography use among women aged 50-74 years,64.2,Age-adjusted prevalence,35021
2022,NM,Harding,35021,Mammography use among women aged 50-74 years,67.6,Crude prevalence,35021
2022,NM,Hidalgo,35023,Mammography use among women aged 50-74 years,66.9,Age-adjusted prevalence,35023
2022,NM,Hidalgo,35023,Mammography use among women aged 50-74 years,68.2,Crude prevalence,35023
2022,NM,Lea,35025,Mammography use among women aged 50-74 years,67.2,Age-adjusted prevalence,35025
2022,NM,Lea,35025,Mammography use among women aged 50-74 years,67.9,Crude prevalence,35025
2022,NM,Lincoln,35027,Mammography use among women aged 50-74 years,66.7,Age-adjusted prevalence,35027
2022,NM,Lincoln,35027,Mammography use among women aged 50-74 years,67.6,Crude prevalence,35027
2022,NM,Los Alamos,35028,Mammography use among women aged 50-74 years,74.5,Age-adjusted prevalence,35028
2022,NM,Los Alamos,35028,Mammography use among women aged 50-74 years,75.4,Crude prevalence,35028
2022,NM,Luna,35029,Mammography use among women aged 50-74 years,68.2,Age-adjusted prevalence,35029
2022,NM,Luna,35029,Mammography use among women aged 50-74 years,68.8,Crude prevalence,35029
2022,NM,McKinley,35031,Mammography use among women aged 50-74 years,61.9,Age-adjusted prevalence,35031
2022,NM,McKinley,35031,Mammography use among women aged 50-74 years,62.7,Crude prevalence,35031
2022,NM,Mora,35033,Mammography use among women aged 50-74 years,72.9,Age-adjusted prevalence,35033
2022,NM,Mora,35033,Mammography use among women aged 50-74 years,73.1,Crude prevalence,35033
2022,NM,Otero,35035,Mammography use among women aged 50-74 years,70.5,Age-adjusted prevalence,35035
2022,NM,Otero,35035,Mammography use among women aged 50-74 years,71.2,Crude prevalence,35035
2022,NM,Quay,35037,Mammography use among women aged 50-74 years,66.2,Age-adjusted prevalence,35037
2022,NM,Quay,35037,Mammography use among women aged 50-74 years,66.2,Crude prevalence,35037
2022,NM,Rio Arriba,35039,Mammography use among women aged 50-74 years,72.6,Age-adjusted prevalence,35039
2022,NM,Rio Arriba,35039,Mammography use among women aged 50-74 years,73.5,Crude prevalence,35039
2022,NM,Roosevelt,35041,Mammography use among women aged 50-74 years,67.4,Age-adjusted prevalence,35041
2022,NM,Roosevelt,35041,Mammography use among women aged 50-74 years,67.7,Crude prevalence,35041
2022,NM,Sandoval,35043,Mammography use among women aged 50-74 years,69.1,Age-adjusted prevalence,35043
2022,NM,Sandoval,35043,Mammography use among women aged 50-74 years,70.1,Crude prevalence,35043
2022,NM,San Juan,35045,Mammography use among women aged 50-74 years,57.6,Age-adjusted prevalence,35045
2022,NM,San Juan,35045,Mammography use among women aged 50-74 years,59.0,Crude prevalence,35045
2022,NM,San Miguel,35047,Mammography use among women aged 50-74 years,65.7,Age-adjusted prevalence,35047
2022,NM,San Miguel,35047,Mammography use among women aged 50-74 years,66.8,Crude prevalence,35047
2022,NM,Santa Fe,35049,Mammography use among women aged 50-74 years,76.2,Age-adjusted prevalence,35049
2022,NM,Santa Fe,35049,Mammography use among women aged 50-74 years,76.9,Crude prevalence,35049
2022,NM,Sierra,35051,Mammography use among women aged 50-74 years,63.4,Age-adjusted prevalence,35051
2022,NM,Sierra,35051,Mammography use among women aged 50-74 years,64.8,Crude prevalence,35051
2022,NM,Socorro,35053,Mammography use among women aged 50-74 years,66.1,Age-adjusted prevalence,35053
2022,NM,Socorro,35053,Mammography use among women aged 50-74 years,67.0,Crude prevalence,35053
2022,NM,Taos,35055,Mammography use among women aged 50-74 years,72.4,Age-adjusted prevalence,35055
2022,NM,Taos,35055,Mammography use among women aged 50-74 years,73.3,Crude prevalence,35055
2022,NM,Torrance,35057,Mammography use among women aged 50-74 years,65.9,Age-adjusted prevalence,35057
2022,NM,Torrance,35057,Mammography use among women aged 50-74 years,66.4,Crude prevalence,35057
2022,NM,Union,35059,Mammography use among women aged 50-74 years,67.4,Age-adjusted prevalence,35059
2022,NM,Union,35059,Mammography use among women aged 50-74 years,67.9,Crude prevalence,35059
2022,NM,Valencia,35061,Mammography use among women aged 50-74 years,68.9,Age-adjusted prevalence,35061
2022,NM,Valencia,35061,Mammography use among women aged 50-74 years,70.1,Crude prevalence,35061
2022,NY,Albany,36001,Mammography use among women aged 50-74 years,80.4,Age-adjusted prevalence,36001
2022,NY,Albany,36001,Mammography use among women aged 50-74 years,80.5,Crude prevalence,36001
2022,NY,Allegany,36003,Mammography use among women aged 50-74 years,76.7,Age-adjusted prevalence,36003
2022,NY,Allegany,36003,Mammography use among women aged 50-74 years,76.5,Crude prevalence,36003
2022,NY,Bronx,36005,Mammography use among women aged 50-74 years,79.3,Age-adjusted prevalence,36005
2022,NY,Bronx,36005,Mammography use among women aged 50-74 years,79.1,Crude prevalence,36005
2022,NY,Broome,36007,Mammography use among women aged 50-74 years,78.8,Age-adjusted prevalence,36007
2022,NY,Broome,36007,Mammography use among women aged 50-74 years,79.6,Crude prevalence,36007
2022,NY,Cattaraugus,36009,Mammography use among women aged 50-74 years,75.9,Age-adjusted prevalence,36009
2022,NY,Cattaraugus,36009,Mammography use among women aged 50-74 years,75.2,Crude prevalence,36009
2022,NY,Cayuga,36011,Mammography use among women aged 50-74 years,76.6,Age-adjusted prevalence,36011
2022,NY,Cayuga,36011,Mammography use among women aged 50-74 years,77.2,Crude prevalence,36011
2022,NY,Chautauqua,36013,Mammography use among women aged 50-74 years,73.1,Age-adjusted prevalence,36013
2022,NY,Chautauqua,36013,Mammography use among women aged 50-74 years,74.3,Crude prevalence,36013
2022,NY,Chemung,36015,Mammography use among women aged 50-74 years,74.4,Age-adjusted prevalence,36015
2022,NY,Chemung,36015,Mammography use among women aged 50-74 years,74.9,Crude prevalence,36015
2022,NY,Chenango,36017,Mammography use among women aged 50-74 years,76.8,Age-adjusted prevalence,36017
2022,NY,Chenango,36017,Mammography use among women aged 50-74 years,76.8,Crude prevalence,36017
2022,NY,Clinton,36019,Mammography use among women aged 50-74 years,73.1,Age-adjusted prevalence,36019
2022,NY,Clinton,36019,Mammography use among women aged 50-74 years,74.7,Crude prevalence,36019
2022,NY,Columbia,36021,Mammography use among women aged 50-74 years,78.5,Age-adjusted prevalence,36021
2022,NY,Columbia,36021,Mammography use among women aged 50-74 years,79.5,Crude prevalence,36021
2022,NY,Cortland,36023,Mammography use among women aged 50-74 years,76.2,Age-adjusted prevalence,36023
2022,NY,Cortland,36023,Mammography use among women aged 50-74 years,77.1,Crude prevalence,36023
2022,NY,Delaware,36025,Mammography use among women aged 50-74 years,76.9,Age-adjusted prevalence,36025
2022,NY,Delaware,36025,Mammography use among women aged 50-74 years,77.5,Crude prevalence,36025
2022,NY,Dutchess,36027,Mammography use among women aged 50-74 years,77.2,Age-adjusted prevalence,36027
2022,NY,Dutchess,36027,Mammography use among women aged 50-74 years,77.4,Crude prevalence,36027
2022,NY,Erie,36029,Mammography use among women aged 50-74 years,81.3,Age-adjusted prevalence,36029
2022,NY,Erie,36029,Mammography use among women aged 50-74 years,81.4,Crude prevalence,36029
2022,NY,Essex,36031,Mammography use among women aged 50-74 years,79.2,Age-adjusted prevalence,36031
2022,NY,Essex,36031,Mammography use among women aged 50-74 years,80.2,Crude prevalence,36031
2022,NY,Franklin,36033,Mammography use among women aged 50-74 years,78.2,Age-adjusted prevalence,36033
2022,NY,Franklin,36033,Mammography use among women aged 50-74 years,79.1,Crude prevalence,36033
2022,NY,Fulton,36035,Mammography use among women aged 50-74 years,77.6,Age-adjusted prevalence,36035
2022,NY,Fulton,36035,Mammography use among women aged 50-74 years,77.2,Crude prevalence,36035
2022,NY,Genesee,36037,Mammography use among women aged 50-74 years,76.6,Age-adjusted prevalence,36037
2022,NY,Genesee,36037,Mammography use among women aged 50-74 years,77.1,Crude prevalence,36037
2022,NY,Greene,36039,Mammography use among women aged 50-74 years,74.5,Age-adjusted prevalence,36039
2022,NY,Greene,36039,Mammography use among women aged 50-74 years,76.1,Crude prevalence,36039
2022,NY,Hamilton,36041,Mammography use among women aged 50-74 years,75.5,Age-adjusted prevalence,36041
2022,NY,Hamilton,36041,Mammography use among women aged 50-74 years,75.7,Crude prevalence,36041
2022,NY,Herkimer,36043,Mammography use among women aged 50-74 years,75.9,Age-adjusted prevalence,36043
2022,NY,Herkimer,36043,Mammography use among women aged 50-74 years,76.5,Crude prevalence,36043
2022,NY,Jefferson,36045,Mammography use among women aged 50-74 years,74.9,Age-adjusted prevalence,36045
2022,NY,Jefferson,36045,Mammography use among women aged 50-74 years,75.6,Crude prevalence,36045
2022,NY,Kings,36047,Mammography use among women aged 50-74 years,77.8,Age-adjusted prevalence,36047
2022,NY,Kings,36047,Mammography use among women aged 50-74 years,78.4,Crude prevalence,36047
2022,NY,Lewis,36049,Mammography use among women aged 50-74 years,76.6,Age-adjusted prevalence,36049
2022,NY,Lewis,36049,Mammography use among women aged 50-74 years,77.4,Crude prevalence,36049
2022,NY,Livingston,36051,Mammography use among women aged 50-74 years,79.0,Age-adjusted prevalence,36051
2022,NY,Livingston,36051,Mammography use among women aged 50-74 years,80.2,Crude prevalence,36051
2022,NY,Madison,36053,Mammography use among women aged 50-74 years,71.1,Age-adjusted prevalence,36053
2022,NY,Madison,36053,Mammography use among women aged 50-74 years,71.2,Crude prevalence,36053
2022,NY,Monroe,36055,Mammography use among women aged 50-74 years,79.5,Age-adjusted prevalence,36055
2022,NY,Monroe,36055,Mammography use among women aged 50-74 years,79.8,Crude prevalence,36055
2022,NY,Montgomery,36057,Mammography use among women aged 50-74 years,77.4,Age-adjusted prevalence,36057
2022,NY,Montgomery,36057,Mammography use among women aged 50-74 years,78.2,Crude prevalence,36057
2022,NY,Nassau,36059,Mammography use among women aged 50-74 years,75.8,Age-adjusted prevalence,36059
2022,NY,Nassau,36059,Mammography use among women aged 50-74 years,76.2,Crude prevalence,36059
2022,NY,New York,36061,Mammography use among women aged 50-74 years,80.6,Age-adjusted prevalence,36061
2022,NY,New York,36061,Mammography use among women aged 50-74 years,81.2,Crude prevalence,36061
2022,NY,Niagara,36063,Mammography use among women aged 50-74 years,75.5,Age-adjusted prevalence,36063
2022,NY,Niagara,36063,Mammography use among women aged 50-74 years,75.7,Crude prevalence,36063
2022,NY,Oneida,36065,Mammography use among women aged 50-74 years,77.2,Age-adjusted prevalence,36065
2022,NY,Oneida,36065,Mammography use among women aged 50-74 years,77.6,Crude prevalence,36065
2022,NY,Onondaga,36067,Mammography use among women aged 50-74 years,82.0,Age-adjusted prevalence,36067
2022,NY,Onondaga,36067,Mammography use among women aged 50-74 years,82.2,Crude prevalence,36067
2022,NY,Ontario,36069,Mammography use among women aged 50-74 years,75.9,Age-adjusted prevalence,36069
2022,NY,Ontario,36069,Mammography use among women aged 50-74 years,76.8,Crude prevalence,36069
2022,NY,Orange,36071,Mammography use among women aged 50-74 years,80.2,Age-adjusted prevalence,36071
2022,NY,Orange,36071,Mammography use among women aged 50-74 years,80.3,Crude prevalence,36071
2022,NY,Orleans,36073,Mammography use among women aged 50-74 years,76.3,Age-adjusted prevalence,36073
2022,NY,Orleans,36073,Mammography use among women aged 50-74 years,77.0,Crude prevalence,36073
2022,NY,Oswego,36075,Mammography use among women aged 50-74 years,76.4,Age-adjusted prevalence,36075
2022,NY,Oswego,36075,Mammography use among women aged 50-74 years,77.0,Crude prevalence,36075
2022,NY,Otsego,36077,Mammography use among women aged 50-74 years,82.2,Age-adjusted prevalence,36077
2022,NY,Otsego,36077,Mammography use among women aged 50-74 years,82.5,Crude prevalence,36077
2022,NY,Putnam,36079,Mammography use among women aged 50-74 years,79.1,Age-adjusted prevalence,36079
2022,NY,Putnam,36079,Mammography use among women aged 50-74 years,79.7,Crude prevalence,36079
2022,NY,Queens,36081,Mammography use among women aged 50-74 years,78.2,Age-adjusted prevalence,36081
2022,NY,Queens,36081,Mammography use among women aged 50-74 years,78.4,Crude prevalence,36081
2022,NY,Rensselaer,36083,Mammography use among women aged 50-74 years,74.9,Age-adjusted prevalence,36083
2022,NY,Rensselaer,36083,Mammography use among women aged 50-74 years,75.4,Crude prevalence,36083
2022,NY,Richmond,36085,Mammography use among women aged 50-74 years,75.9,Age-adjusted prevalence,36085
2022,NY,Richmond,36085,Mammography use among women aged 50-74 years,76.4,Crude prevalence,36085
2022,NY,Rockland,36087,Mammography use among women aged 50-74 years,79.3,Age-adjusted prevalence,36087
2022,NY,Rockland,36087,Mammography use among women aged 50-74 years,79.5,Crude prevalence,36087
2022,NY,St. Lawrence,36089,Mammography use among women aged 50-74 years,77.7,Age-adjusted prevalence,36089
2022,NY,St. Lawrence,36089,Mammography use among women aged 50-74 years,78.2,Crude prevalence,36089
2022,NY,Saratoga,36091,Mammography use among women aged 50-74 years,83.0,Age-adjusted prevalence,36091
2022,NY,Saratoga,36091,Mammography use among women aged 50-74 years,83.1,Crude prevalence,36091
2022,NY,Schenectady,36093,Mammography use among women aged 50-74 years,77.9,Age-adjusted prevalence,36093
2022,NY,Schenectady,36093,Mammography use among women aged 50-74 years,78.4,Crude prevalence,36093
2022,NY,Schoharie,36095,Mammography use among women aged 50-74 years,73.1,Age-adjusted prevalence,36095
2022,NY,Schoharie,36095,Mammography use among women aged 50-74 years,74.5,Crude prevalence,36095
2022,NY,Schuyler,36097,Mammography use among women aged 50-74 years,73.7,Age-adjusted prevalence,36097
2022,NY,Schuyler,36097,Mammography use among women aged 50-74 years,75.2,Crude prevalence,36097
2022,NY,Seneca,36099,Mammography use among women aged 50-74 years,73.0,Age-adjusted prevalence,36099
2022,NY,Seneca,36099,Mammography use among women aged 50-74 years,74.7,Crude prevalence,36099
2022,NY,Steuben,36101,Mammography use among women aged 50-74 years,76.9,Age-adjusted prevalence,36101
2022,NY,Steuben,36101,Mammography use among women aged 50-74 years,77.8,Crude prevalence,36101
2022,NY,Suffolk,36103,Mammography use among women aged 50-74 years,78.8,Age-adjusted prevalence,36103
2022,NY,Suffolk,36103,Mammography use among women aged 50-74 years,78.9,Crude prevalence,36103
2022,NY,Sullivan,36105,Mammography use among women aged 50-74 years,74.5,Age-adjusted prevalence,36105
2022,NY,Sullivan,36105,Mammography use among women aged 50-74 years,74.8,Crude prevalence,36105
2022,NY,Tioga,36107,Mammography use among women aged 50-74 years,78.9,Age-adjusted prevalence,36107
2022,NY,Tioga,36107,Mammography use among women aged 50-74 years,79.3,Crude prevalence,36107
2022,NY,Tompkins,36109,Mammography use among women aged 50-74 years,80.3,Age-adjusted prevalence,36109
2022,NY,Tompkins,36109,Mammography use among women aged 50-74 years,81.0,Crude prevalence,36109
2022,NY,Ulster,36111,Mammography use among women aged 50-74 years,78.3,Age-adjusted prevalence,36111
2022,NY,Ulster,36111,Mammography use among women aged 50-74 years,78.5,Crude prevalence,36111
2022,NY,Warren,36113,Mammography use among women aged 50-74 years,77.1,Age-adjusted prevalence,36113
2022,NY,Warren,36113,Mammography use among women aged 50-74 years,78.5,Crude prevalence,36113
2022,NY,Washington,36115,Mammography use among women aged 50-74 years,78.5,Age-adjusted prevalence,36115
2022,NY,Washington,36115,Mammography use among women aged 50-74 years,79.4,Crude prevalence,36115
2022,NY,Wayne,36117,Mammography use among women aged 50-74 years,79.6,Age-adjusted prevalence,36117
2022,NY,Wayne,36117,Mammography use among women aged 50-74 years,79.9,Crude prevalence,36117
2022,NY,Westchester,36119,Mammography use among women aged 50-74 years,81.0,Age-adjusted prevalence,36119
2022,NY,Westchester,36119,Mammography use among women aged 50-74 years,81.4,Crude prevalence,36119
2022,NY,Wyoming,36121,Mammography use among women aged 50-74 years,68.9,Age-adjusted prevalence,36121
2022,NY,Wyoming,36121,Mammography use among women aged 50-74 years,69.9,Crude prevalence,36121
2022,NY,Yates,36123,Mammography use among women aged 50-74 years,75.5,Age-adjusted prevalence,36123
2022,NY,Yates,36123,Mammography use among women aged 50-74 years,76.6,Crude prevalence,36123
2022,NC,Alamance,37001,Mammography use among women aged 50-74 years,79.1,Age-adjusted prevalence,37001
2022,NC,Alamance,37001,Mammography use among women aged 50-74 years,79.5,Crude prevalence,37001
2022,NC,Alexander,37003,Mammography use among women aged 50-74 years,76.5,Age-adjusted prevalence,37003
2022,NC,Alexander,37003,Mammography use among women aged 50-74 years,76.8,Crude prevalence,37003
2022,NC,Alleghany,37005,Mammography use among women aged 50-74 years,75.2,Age-adjusted prevalence,37005
2022,NC,Alleghany,37005,Mammography use among women aged 50-74 years,76.5,Crude prevalence,37005
2022,NC,Anson,37007,Mammography use among women aged 50-74 years,77.1,Age-adjusted prevalence,37007
2022,NC,Anson,37007,Mammography use among women aged 50-74 years,77.5,Crude prevalence,37007
2022,NC,Ashe,37009,Mammography use among women aged 50-74 years,72.7,Age-adjusted prevalence,37009
2022,NC,Ashe,37009,Mammography use among women aged 50-74 years,73.8,Crude prevalence,37009
2022,NC,Avery,37011,Mammography use among women aged 50-74 years,73.4,Age-adjusted prevalence,37011
2022,NC,Avery,37011,Mammography use among women aged 50-74 years,75.2,Crude prevalence,37011
2022,NC,Beaufort,37013,Mammography use among women aged 50-74 years,77.1,Age-adjusted prevalence,37013
2022,NC,Beaufort,37013,Mammography use among women aged 50-74 years,77.8,Crude prevalence,37013
2022,NC,Bertie,37015,Mammography use among women aged 50-74 years,77.9,Age-adjusted prevalence,37015
2022,NC,Bertie,37015,Mammography use among women aged 50-74 years,78.7,Crude prevalence,37015
2022,NC,Bladen,37017,Mammography use among women aged 50-74 years,77.5,Age-adjusted prevalence,37017
2022,NC,Bladen,37017,Mammography use among women aged 50-74 years,78.1,Crude prevalence,37017
2022,NC,Brunswick,37019,Mammography use among women aged 50-74 years,79.0,Age-adjusted prevalence,37019
2022,NC,Brunswick,37019,Mammography use among women aged 50-74 years,79.4,Crude prevalence,37019
2022,NC,Buncombe,37021,Mammography use among women aged 50-74 years,74.9,Age-adjusted prevalence,37021
2022,NC,Buncombe,37021,Mammography use among women aged 50-74 years,76.4,Crude prevalence,37021
2022,NC,Burke,37023,Mammography use among women aged 50-74 years,76.1,Age-adjusted prevalence,37023
2022,NC,Burke,37023,Mammography use among women aged 50-74 years,76.9,Crude prevalence,37023
2022,NC,Cabarrus,37025,Mammography use among women aged 50-74 years,78.6,Age-adjusted prevalence,37025
2022,NC,Cabarrus,37025,Mammography use among women aged 50-74 years,78.7,Crude prevalence,37025
2022,NC,Caldwell,37027,Mammography use among women aged 50-74 years,77.3,Age-adjusted prevalence,37027
2022,NC,Caldwell,37027,Mammography use among women aged 50-74 years,78.0,Crude prevalence,37027
2022,NC,Camden,37029,Mammography use among women aged 50-74 years,76.6,Age-adjusted prevalence,37029
2022,NC,Camden,37029,Mammography use among women aged 50-74 years,76.6,Crude prevalence,37029
2022,NC,Carteret,37031,Mammography use among women aged 50-74 years,78.3,Age-adjusted prevalence,37031
2022,NC,Carteret,37031,Mammography use among women aged 50-74 years,78.9,Crude prevalence,37031
2022,NC,Caswell,37033,Mammography use among women aged 50-74 years,77.0,Age-adjusted prevalence,37033
2022,NC,Caswell,37033,Mammography use among women aged 50-74 years,77.3,Crude prevalence,37033
2022,NC,Catawba,37035,Mammography use among women aged 50-74 years,74.4,Age-adjusted prevalence,37035
2022,NC,Catawba,37035,Mammography use among women aged 50-74 years,74.5,Crude prevalence,37035
2022,NC,Chatham,37037,Mammography use among women aged 50-74 years,78.9,Age-adjusted prevalence,37037
2022,NC,Chatham,37037,Mammography use among women aged 50-74 years,80.1,Crude prevalence,37037
2022,NC,Cherokee,37039,Mammography use among women aged 50-74 years,75.1,Age-adjusted prevalence,37039
2022,NC,Cherokee,37039,Mammography use among women aged 50-74 years,76.0,Crude prevalence,37039
2022,NC,Chowan,37041,Mammography use among women aged 50-74 years,76.0,Age-adjusted prevalence,37041
2022,NC,Chowan,37041,Mammography use among women aged 50-74 years,76.9,Crude prevalence,37041
2022,NC,Clay,37043,Mammography use among women aged 50-74 years,76.6,Age-adjusted prevalence,37043
2022,NC,Clay,37043,Mammography use among women aged 50-74 years,78.5,Crude prevalence,37043
2022,NC,Cleveland,37045,Mammography use among women aged 50-74 years,75.8,Age-adjusted prevalence,37045
2022,NC,Cleveland,37045,Mammography use among women aged 50-74 years,76.0,Crude prevalence,37045
2022,NC,Columbus,37047,Mammography use among women aged 50-74 years,77.7,Age-adjusted prevalence,37047
2022,NC,Columbus,37047,Mammography use among women aged 50-74 years,78.5,Crude prevalence,37047
2022,NC,Craven,37049,Mammography use among women aged 50-74 years,77.0,Age-adjusted prevalence,37049
2022,NC,Craven,37049,Mammography use among women aged 50-74 years,78.1,Crude prevalence,37049
2022,NC,Cumberland,37051,Mammography use among women aged 50-74 years,77.9,Age-adjusted prevalence,37051
2022,NC,Cumberland,37051,Mammography use among women aged 50-74 years,77.8,Crude prevalence,37051
2022,NC,Currituck,37053,Mammography use among women aged 50-74 years,81.0,Age-adjusted prevalence,37053
2022,NC,Currituck,37053,Mammography use among women aged 50-74 years,81.0,Crude prevalence,37053
2022,NC,Dare,37055,Mammography use among women aged 50-74 years,79.4,Age-adjusted prevalence,37055
2022,NC,Dare,37055,Mammography use among women aged 50-74 years,79.4,Crude prevalence,37055
2022,NC,Davidson,37057,Mammography use among women aged 50-74 years,77.0,Age-adjusted prevalence,37057
2022,NC,Davidson,37057,Mammography use among women aged 50-74 years,77.4,Crude prevalence,37057
2022,NC,Davie,37059,Mammography use among women aged 50-74 years,81.8,Age-adjusted prevalence,37059
2022,NC,Davie,37059,Mammography use among women aged 50-74 years,82.1,Crude prevalence,37059
2022,NC,Duplin,37061,Mammography use among women aged 50-74 years,74.9,Age-adjusted prevalence,37061
2022,NC,Duplin,37061,Mammography use among women aged 50-74 years,75.4,Crude prevalence,37061
2022,NC,Durham,37063,Mammography use among women aged 50-74 years,80.3,Age-adjusted prevalence,37063
2022,NC,Durham,37063,Mammography use among women aged 50-74 years,80.5,Crude prevalence,37063
2022,NC,Edgecombe,37065,Mammography use among women aged 50-74 years,78.3,Age-adjusted prevalence,37065
2022,NC,Edgecombe,37065,Mammography use among women aged 50-74 years,79.6,Crude prevalence,37065
2022,NC,Forsyth,37067,Mammography use among women aged 50-74 years,82.6,Age-adjusted prevalence,37067
2022,NC,Forsyth,37067,Mammography use among women aged 50-74 years,83.2,Crude prevalence,37067
2022,NC,Franklin,37069,Mammography use among women aged 50-74 years,75.0,Age-adjusted prevalence,37069
2022,NC,Franklin,37069,Mammography use among women aged 50-74 years,75.8,Crude prevalence,37069
2022,NC,Gaston,37071,Mammography use among women aged 50-74 years,77.9,Age-adjusted prevalence,37071
2022,NC,Gaston,37071,Mammography use among women aged 50-74 years,78.1,Crude prevalence,37071
2022,NC,Gates,37073,Mammography use among women aged 50-74 years,77.4,Age-adjusted prevalence,37073
2022,NC,Gates,37073,Mammography use among women aged 50-74 years,77.7,Crude prevalence,37073
2022,NC,Graham,37075,Mammography use among women aged 50-74 years,78.4,Age-adjusted prevalence,37075
2022,NC,Graham,37075,Mammography use among women aged 50-74 years,78.4,Crude prevalence,37075
2022,NC,Granville,37077,Mammography use among women aged 50-74 years,77.4,Age-adjusted prevalence,37077
2022,NC,Granville,37077,Mammography use among women aged 50-74 years,77.4,Crude prevalence,37077
2022,NC,Greene,37079,Mammography use among women aged 50-74 years,78.3,Age-adjusted prevalence,37079
2022,NC,Greene,37079,Mammography use among women aged 50-74 years,78.9,Crude prevalence,37079
2022,NC,Guilford,37081,Mammography use among women aged 50-74 years,79.2,Age-adjusted prevalence,37081
2022,NC,Guilford,37081,Mammography use among women aged 50-74 years,79.4,Crude prevalence,37081
2022,NC,Halifax,37083,Mammography use among women aged 50-74 years,77.6,Age-adjusted prevalence,37083
2022,NC,Halifax,37083,Mammography use among women aged 50-74 years,78.4,Crude prevalence,37083
2022,NC,Harnett,37085,Mammography use among women aged 50-74 years,76.5,Age-adjusted prevalence,37085
2022,NC,Harnett,37085,Mammography use among women aged 50-74 years,76.9,Crude prevalence,37085
2022,NC,Haywood,37087,Mammography use among women aged 50-74 years,80.0,Age-adjusted prevalence,37087
2022,NC,Haywood,37087,Mammography use among women aged 50-74 years,80.8,Crude prevalence,37087
2022,NC,Henderson,37089,Mammography use among women aged 50-74 years,76.6,Age-adjusted prevalence,37089
2022,NC,Henderson,37089,Mammography use among women aged 50-74 years,77.1,Crude prevalence,37089
2022,NC,Hertford,37091,Mammography use among women aged 50-74 years,77.6,Age-adjusted prevalence,37091
2022,NC,Hertford,37091,Mammography use among women aged 50-74 years,78.3,Crude prevalence,37091
2022,NC,Hoke,37093,Mammography use among women aged 50-74 years,77.5,Age-adjusted prevalence,37093
2022,NC,Hoke,37093,Mammography use among women aged 50-74 years,77.7,Crude prevalence,37093
2022,NC,Hyde,37095,Mammography use among women aged 50-74 years,73.9,Age-adjusted prevalence,37095
2022,NC,Hyde,37095,Mammography use among women aged 50-74 years,75.5,Crude prevalence,37095
2022,NC,Iredell,37097,Mammography use among women aged 50-74 years,77.6,Age-adjusted prevalence,37097
2022,NC,Iredell,37097,Mammography use among women aged 50-74 years,78.2,Crude prevalence,37097
2022,NC,Jackson,37099,Mammography use among women aged 50-74 years,76.0,Age-adjusted prevalence,37099
2022,NC,Jackson,37099,Mammography use among women aged 50-74 years,76.7,Crude prevalence,37099
2022,NC,Johnston,37101,Mammography use among women aged 50-74 years,81.5,Age-adjusted prevalence,37101
2022,NC,Johnston,37101,Mammography use among women aged 50-74 years,81.5,Crude prevalence,37101
2022,NC,Jones,37103,Mammography use among women aged 50-74 years,79.2,Age-adjusted prevalence,37103
2022,NC,Jones,37103,Mammography use among women aged 50-74 years,79.7,Crude prevalence,37103
2022,NC,Lee,37105,Mammography use among women aged 50-74 years,74.4,Age-adjusted prevalence,37105
2022,NC,Lee,37105,Mammography use among women aged 50-74 years,75.2,Crude prevalence,37105
2022,NC,Lenoir,37107,Mammography use among women aged 50-74 years,76.9,Age-adjusted prevalence,37107
2022,NC,Lenoir,37107,Mammography use among women aged 50-74 years,77.3,Crude prevalence,37107
2022,NC,Lincoln,37109,Mammography use among women aged 50-74 years,79.2,Age-adjusted prevalence,37109
2022,NC,Lincoln,37109,Mammography use among women aged 50-74 years,78.9,Crude prevalence,37109
2022,NC,McDowell,37111,Mammography use among women aged 50-74 years,74.0,Age-adjusted prevalence,37111
2022,NC,McDowell,37111,Mammography use among women aged 50-74 years,74.7,Crude prevalence,37111
2022,NC,Macon,37113,Mammography use among women aged 50-74 years,77.4,Age-adjusted prevalence,37113
2022,NC,Macon,37113,Mammography use among women aged 50-74 years,77.6,Crude prevalence,37113
2022,NC,Madison,37115,Mammography use among women aged 50-74 years,77.2,Age-adjusted prevalence,37115
2022,NC,Madison,37115,Mammography use among women aged 50-74 years,77.9,Crude prevalence,37115
2022,NC,Martin,37117,Mammography use among women aged 50-74 years,78.7,Age-adjusted prevalence,37117
2022,NC,Martin,37117,Mammography use among women aged 50-74 years,79.4,Crude prevalence,37117
2022,NC,Mecklenburg,37119,Mammography use among women aged 50-74 years,80.3,Age-adjusted prevalence,37119
2022,NC,Mecklenburg,37119,Mammography use among women aged 50-74 years,80.3,Crude prevalence,37119
2022,NC,Mitchell,37121,Mammography use among women aged 50-74 years,75.3,Age-adjusted prevalence,37121
2022,NC,Mitchell,37121,Mammography use among women aged 50-74 years,75.5,Crude prevalence,37121
2022,NC,Montgomery,37123,Mammography use among women aged 50-74 years,77.4,Age-adjusted prevalence,37123
2022,NC,Montgomery,37123,Mammography use among women aged 50-74 years,77.9,Crude prevalence,37123
2022,NC,Moore,37125,Mammography use among women aged 50-74 years,77.3,Age-adjusted prevalence,37125
2022,NC,Moore,37125,Mammography use among women aged 50-74 years,77.8,Crude prevalence,37125
2022,NC,Nash,37127,Mammography use among women aged 50-74 years,80.9,Age-adjusted prevalence,37127
2022,NC,Nash,37127,Mammography use among women aged 50-74 years,81.1,Crude prevalence,37127
2022,NC,New Hanover,37129,Mammography use among women aged 50-74 years,79.5,Age-adjusted prevalence,37129
2022,NC,New Hanover,37129,Mammography use among women aged 50-74 years,79.2,Crude prevalence,37129
2022,NC,Northampton,37131,Mammography use among women aged 50-74 years,76.2,Age-adjusted prevalence,37131
2022,NC,Northampton,37131,Mammography use among women aged 50-74 years,77.6,Crude prevalence,37131
2022,NC,Onslow,37133,Mammography use among women aged 50-74 years,78.1,Age-adjusted prevalence,37133
2022,NC,Onslow,37133,Mammography use among women aged 50-74 years,78.1,Crude prevalence,37133
2022,NC,Orange,37135,Mammography use among women aged 50-74 years,78.4,Age-adjusted prevalence,37135
2022,NC,Orange,37135,Mammography use among women aged 50-74 years,79.0,Crude prevalence,37135
2022,NC,Pamlico,37137,Mammography use among women aged 50-74 years,74.1,Age-adjusted prevalence,37137
2022,NC,Pamlico,37137,Mammography use among women aged 50-74 years,75.8,Crude prevalence,37137
2022,NC,Pasquotank,37139,Mammography use among women aged 50-74 years,77.1,Age-adjusted prevalence,37139
2022,NC,Pasquotank,37139,Mammography use among women aged 50-74 years,78.2,Crude prevalence,37139
2022,NC,Pender,37141,Mammography use among women aged 50-74 years,78.7,Age-adjusted prevalence,37141
2022,NC,Pender,37141,Mammography use among women aged 50-74 years,79.1,Crude prevalence,37141
2022,NC,Perquimans,37143,Mammography use among women aged 50-74 years,77.9,Age-adjusted prevalence,37143
2022,NC,Perquimans,37143,Mammography use among women aged 50-74 years,78.9,Crude prevalence,37143
2022,NC,Person,37145,Mammography use among women aged 50-74 years,78.1,Age-adjusted prevalence,37145
2022,NC,Person,37145,Mammography use among women aged 50-74 years,78.4,Crude prevalence,37145
2022,NC,Pitt,37147,Mammography use among women aged 50-74 years,77.9,Age-adjusted prevalence,37147
2022,NC,Pitt,37147,Mammography use among women aged 50-74 years,78.5,Crude prevalence,37147
2022,NC,Polk,37149,Mammography use among women aged 50-74 years,77.0,Age-adjusted prevalence,37149
2022,NC,Polk,37149,Mammography use among women aged 50-74 years,78.4,Crude prevalence,37149
2022,NC,Randolph,37151,Mammography use among women aged 50-74 years,77.7,Age-adjusted prevalence,37151
2022,NC,Randolph,37151,Mammography use among women aged 50-74 years,77.8,Crude prevalence,37151
2022,NC,Richmond,37153,Mammography use among women aged 50-74 years,78.5,Age-adjusted prevalence,37153
2022,NC,Richmond,37153,Mammography use among women aged 50-74 years,79.1,Crude prevalence,37153
2022,NC,Robeson,37155,Mammography use among women aged 50-74 years,74.9,Age-adjusted prevalence,37155
2022,NC,Robeson,37155,Mammography use among women aged 50-74 years,75.5,Crude prevalence,37155
2022,NC,Rockingham,37157,Mammography use among women aged 50-74 years,75.8,Age-adjusted prevalence,37157
2022,NC,Rockingham,37157,Mammography use among women aged 50-74 years,76.4,Crude prevalence,37157
2022,NC,Rowan,37159,Mammography use among women aged 50-74 years,75.5,Age-adjusted prevalence,37159
2022,NC,Rowan,37159,Mammography use among women aged 50-74 years,75.7,Crude prevalence,37159
2022,NC,Rutherford,37161,Mammography use among women aged 50-74 years,76.9,Age-adjusted prevalence,37161
2022,NC,Rutherford,37161,Mammography use among women aged 50-74 years,77.6,Crude prevalence,37161
2022,NC,Sampson,37163,Mammography use among women aged 50-74 years,76.6,Age-adjusted prevalence,37163
2022,NC,Sampson,37163,Mammography use among women aged 50-74 years,77.2,Crude prevalence,37163
2022,NC,Scotland,37165,Mammography use among women aged 50-74 years,75.0,Age-adjusted prevalence,37165
2022,NC,Scotland,37165,Mammography use among women aged 50-74 years,75.8,Crude prevalence,37165
2022,NC,Stanly,37167,Mammography use among women aged 50-74 years,76.8,Age-adjusted prevalence,37167
2022,NC,Stanly,37167,Mammography use among women aged 50-74 years,77.6,Crude prevalence,37167
2022,NC,Stokes,37169,Mammography use among women aged 50-74 years,75.6,Age-adjusted prevalence,37169
2022,NC,Stokes,37169,Mammography use among women aged 50-74 years,75.7,Crude prevalence,37169
2022,NC,Surry,37171,Mammography use among women aged 50-74 years,75.7,Age-adjusted prevalence,37171
2022,NC,Surry,37171,Mammography use among women aged 50-74 years,76.1,Crude prevalence,37171
2022,NC,Swain,37173,Mammography use among women aged 50-74 years,73.8,Age-adjusted prevalence,37173
2022,NC,Swain,37173,Mammography use among women aged 50-74 years,74.0,Crude prevalence,37173
2022,NC,Transylvania,37175,Mammography use among women aged 50-74 years,78.9,Age-adjusted prevalence,37175
2022,NC,Transylvania,37175,Mammography use among women aged 50-74 years,78.5,Crude prevalence,37175
2022,NC,Tyrrell,37177,Mammography use among women aged 50-74 years,78.2,Age-adjusted prevalence,37177
2022,NC,Tyrrell,37177,Mammography use among women aged 50-74 years,79.2,Crude prevalence,37177
2022,NC,Union,37179,Mammography use among women aged 50-74 years,73.5,Age-adjusted prevalence,37179
2022,NC,Union,37179,Mammography use among women aged 50-74 years,73.7,Crude prevalence,37179
2022,NC,Vance,37181,Mammography use among women aged 50-74 years,80.9,Age-adjusted prevalence,37181
2022,NC,Vance,37181,Mammography use among women aged 50-74 years,80.7,Crude prevalence,37181
2022,NC,Wake,37183,Mammography use among women aged 50-74 years,80.4,Age-adjusted prevalence,37183
2022,NC,Wake,37183,Mammography use among women aged 50-74 years,80.4,Crude prevalence,37183
2022,NC,Warren,37185,Mammography use among women aged 50-74 years,79.6,Age-adjusted prevalence,37185
2022,NC,Warren,37185,Mammography use among women aged 50-74 years,80.2,Crude prevalence,37185
2022,NC,Washington,37187,Mammography use among women aged 50-74 years,78.5,Age-adjusted prevalence,37187
2022,NC,Washington,37187,Mammography use among women aged 50-74 years,79.3,Crude prevalence,37187
2022,NC,Watauga,37189,Mammography use among women aged 50-74 years,76.2,Age-adjusted prevalence,37189
2022,NC,Watauga,37189,Mammography use among women aged 50-74 years,77.7,Crude prevalence,37189
2022,NC,Wayne,37191,Mammography use among women aged 50-74 years,76.7,Age-adjusted prevalence,37191
2022,NC,Wayne,37191,Mammography use among women aged 50-74 years,77.5,Crude prevalence,37191
2022,NC,Wilkes,37193,Mammography use among women aged 50-74 years,75.8,Age-adjusted prevalence,37193
2022,NC,Wilkes,37193,Mammography use among women aged 50-74 years,76.1,Crude prevalence,37193
2022,NC,Wilson,37195,Mammography use among women aged 50-74 years,78.9,Age-adjusted prevalence,37195
2022,NC,Wilson,37195,Mammography use among women aged 50-74 years,79.4,Crude prevalence,37195
2022,NC,Yadkin,37197,Mammography use among women aged 50-74 years,77.5,Age-adjusted prevalence,37197
2022,NC,Yadkin,37197,Mammography use among women aged 50-74 years,78.1,Crude prevalence,37197
2022,NC,Yancey,37199,Mammography use among women aged 50-74 years,77.0,Age-adjusted prevalence,37199
2022,NC,Yancey,37199,Mammography use among women aged 50-74 years,78.1,Crude prevalence,37199
2022,ND,Adams,38001,Mammography use among women aged 50-74 years,79.3,Age-adjusted prevalence,38001
2022,ND,Adams,38001,Mammography use among women aged 50-74 years,80.4,Crude prevalence,38001
2022,ND,Barnes,38003,Mammography use among women aged 50-74 years,74.9,Age-adjusted prevalence,38003
2022,ND,Barnes,38003,Mammography use among women aged 50-74 years,75.2,Crude prevalence,38003
2022,ND,Benson,38005,Mammography use among women aged 50-74 years,66.7,Age-adjusted prevalence,38005
2022,ND,Benson,38005,Mammography use among women aged 50-74 years,67.7,Crude prevalence,38005
2022,ND,Billings,38007,Mammography use among women aged 50-74 years,77.6,Age-adjusted prevalence,38007
2022,ND,Billings,38007,Mammography use among women aged 50-74 years,78.2,Crude prevalence,38007
2022,ND,Bottineau,38009,Mammography use among women aged 50-74 years,76.4,Age-adjusted prevalence,38009
2022,ND,Bottineau,38009,Mammography use among women aged 50-74 years,77.9,Crude prevalence,38009
2022,ND,Bowman,38011,Mammography use among women aged 50-74 years,73.0,Age-adjusted prevalence,38011
2022,ND,Bowman,38011,Mammography use among women aged 50-74 years,73.0,Crude prevalence,38011
2022,ND,Burke,38013,Mammography use among women aged 50-74 years,76.9,Age-adjusted prevalence,38013
2022,ND,Burke,38013,Mammography use among women aged 50-74 years,78.2,Crude prevalence,38013
2022,ND,Burleigh,38015,Mammography use among women aged 50-74 years,77.7,Age-adjusted prevalence,38015
2022,ND,Burleigh,38015,Mammography use among women aged 50-74 years,77.7,Crude prevalence,38015
2022,ND,Cass,38017,Mammography use among women aged 50-74 years,81.8,Age-adjusted prevalence,38017
2022,ND,Cass,38017,Mammography use among women aged 50-74 years,82.2,Crude prevalence,38017
2022,ND,Cavalier,38019,Mammography use among women aged 50-74 years,79.4,Age-adjusted prevalence,38019
2022,ND,Cavalier,38019,Mammography use among women aged 50-74 years,79.5,Crude prevalence,38019
2022,ND,Dickey,38021,Mammography use among women aged 50-74 years,75.1,Age-adjusted prevalence,38021
2022,ND,Dickey,38021,Mammography use among women aged 50-74 years,75.9,Crude prevalence,38021
2022,ND,Divide,38023,Mammography use among women aged 50-74 years,78.3,Age-adjusted prevalence,38023
2022,ND,Divide,38023,Mammography use among women aged 50-74 years,78.2,Crude prevalence,38023
2022,ND,Dunn,38025,Mammography use among women aged 50-74 years,75.3,Age-adjusted prevalence,38025
2022,ND,Dunn,38025,Mammography use among women aged 50-74 years,75.6,Crude prevalence,38025
2022,ND,Eddy,38027,Mammography use among women aged 50-74 years,71.2,Age-adjusted prevalence,38027
2022,ND,Eddy,38027,Mammography use among women aged 50-74 years,72.0,Crude prevalence,38027
2022,ND,Emmons,38029,Mammography use among women aged 50-74 years,75.0,Age-adjusted prevalence,38029
2022,ND,Emmons,38029,Mammography use among women aged 50-74 years,76.0,Crude prevalence,38029
2022,ND,Foster,38031,Mammography use among women aged 50-74 years,76.1,Age-adjusted prevalence,38031
2022,ND,Foster,38031,Mammography use among women aged 50-74 years,76.9,Crude prevalence,38031
2022,ND,Golden Valley,38033,Mammography use among women aged 50-74 years,76.0,Age-adjusted prevalence,38033
2022,ND,Golden Valley,38033,Mammography use among women aged 50-74 years,77.0,Crude prevalence,38033
2022,ND,Grand Forks,38035,Mammography use among women aged 50-74 years,77.4,Age-adjusted prevalence,38035
2022,ND,Grand Forks,38035,Mammography use among women aged 50-74 years,78.6,Crude prevalence,38035
2022,ND,Grant,38037,Mammography use among women aged 50-74 years,73.6,Age-adjusted prevalence,38037
2022,ND,Grant,38037,Mammography use among women aged 50-74 years,74.6,Crude prevalence,38037
2022,ND,Griggs,38039,Mammography use among women aged 50-74 years,73.8,Age-adjusted prevalence,38039
2022,ND,Griggs,38039,Mammography use among women aged 50-74 years,74.2,Crude prevalence,38039
2022,ND,Hettinger,38041,Mammography use among women aged 50-74 years,72.0,Age-adjusted prevalence,38041
2022,ND,Hettinger,38041,Mammography use among women aged 50-74 years,73.3,Crude prevalence,38041
2022,ND,Kidder,38043,Mammography use among women aged 50-74 years,73.3,Age-adjusted prevalence,38043
2022,ND,Kidder,38043,Mammography use among women aged 50-74 years,73.4,Crude prevalence,38043
2022,ND,LaMoure,38045,Mammography use among women aged 50-74 years,74.4,Age-adjusted prevalence,38045
2022,ND,LaMoure,38045,Mammography use among women aged 50-74 years,76.8,Crude prevalence,38045
2022,ND,Logan,38047,Mammography use among women aged 50-74 years,76.4,Age-adjusted prevalence,38047
2022,ND,Logan,38047,Mammography use among women aged 50-74 years,77.2,Crude prevalence,38047
2022,ND,McHenry,38049,Mammography use among women aged 50-74 years,79.2,Age-adjusted prevalence,38049
2022,ND,McHenry,38049,Mammography use among women aged 50-74 years,79.3,Crude prevalence,38049
2022,ND,McIntosh,38051,Mammography use among women aged 50-74 years,77.7,Age-adjusted prevalence,38051
2022,ND,McIntosh,38051,Mammography use among women aged 50-74 years,78.9,Crude prevalence,38051
2022,ND,McKenzie,38053,Mammography use among women aged 50-74 years,74.1,Age-adjusted prevalence,38053
2022,ND,McKenzie,38053,Mammography use among women aged 50-74 years,74.3,Crude prevalence,38053
2022,ND,McLean,38055,Mammography use among women aged 50-74 years,79.1,Age-adjusted prevalence,38055
2022,ND,McLean,38055,Mammography use among women aged 50-74 years,80.3,Crude prevalence,38055
2022,ND,Mercer,38057,Mammography use among women aged 50-74 years,73.6,Age-adjusted prevalence,38057
2022,ND,Mercer,38057,Mammography use among women aged 50-74 years,75.1,Crude prevalence,38057
2022,ND,Morton,38059,Mammography use among women aged 50-74 years,74.9,Age-adjusted prevalence,38059
2022,ND,Morton,38059,Mammography use among women aged 50-74 years,75.7,Crude prevalence,38059
2022,ND,Mountrail,38061,Mammography use among women aged 50-74 years,73.0,Age-adjusted prevalence,38061
2022,ND,Mountrail,38061,Mammography use among women aged 50-74 years,72.9,Crude prevalence,38061
2022,ND,Nelson,38063,Mammography use among women aged 50-74 years,79.3,Age-adjusted prevalence,38063
2022,ND,Nelson,38063,Mammography use among women aged 50-74 years,81.0,Crude prevalence,38063
2022,ND,Oliver,38065,Mammography use among women aged 50-74 years,76.3,Age-adjusted prevalence,38065
2022,ND,Oliver,38065,Mammography use among women aged 50-74 years,76.9,Crude prevalence,38065
2022,ND,Pembina,38067,Mammography use among women aged 50-74 years,77.1,Age-adjusted prevalence,38067
2022,ND,Pembina,38067,Mammography use among women aged 50-74 years,77.0,Crude prevalence,38067
2022,ND,Pierce,38069,Mammography use among women aged 50-74 years,73.1,Age-adjusted prevalence,38069
2022,ND,Pierce,38069,Mammography use among women aged 50-74 years,75.5,Crude prevalence,38069
2022,ND,Ramsey,38071,Mammography use among women aged 50-74 years,75.7,Age-adjusted prevalence,38071
2022,ND,Ramsey,38071,Mammography use among women aged 50-74 years,75.8,Crude prevalence,38071
2022,ND,Ransom,38073,Mammography use among women aged 50-74 years,75.8,Age-adjusted prevalence,38073
2022,ND,Ransom,38073,Mammography use among women aged 50-74 years,76.1,Crude prevalence,38073
2022,ND,Renville,38075,Mammography use among women aged 50-74 years,79.7,Age-adjusted prevalence,38075
2022,ND,Renville,38075,Mammography use among women aged 50-74 years,80.9,Crude prevalence,38075
2022,ND,Richland,38077,Mammography use among women aged 50-74 years,74.8,Age-adjusted prevalence,38077
2022,ND,Richland,38077,Mammography use among women aged 50-74 years,76.6,Crude prevalence,38077
2022,ND,Rolette,38079,Mammography use among women aged 50-74 years,68.8,Age-adjusted prevalence,38079
2022,ND,Rolette,38079,Mammography use among women aged 50-74 years,69.0,Crude prevalence,38079
2022,ND,Sargent,38081,Mammography use among women aged 50-74 years,78.7,Age-adjusted prevalence,38081
2022,ND,Sargent,38081,Mammography use among women aged 50-74 years,78.8,Crude prevalence,38081
2022,ND,Sheridan,38083,Mammography use among women aged 50-74 years,75.8,Age-adjusted prevalence,38083
2022,ND,Sheridan,38083,Mammography use among women aged 50-74 years,77.0,Crude prevalence,38083
2022,ND,Sioux,38085,Mammography use among women aged 50-74 years,62.6,Age-adjusted prevalence,38085
2022,ND,Sioux,38085,Mammography use among women aged 50-74 years,61.5,Crude prevalence,38085
2022,ND,Slope,38087,Mammography use among women aged 50-74 years,74.4,Age-adjusted prevalence,38087
2022,ND,Slope,38087,Mammography use among women aged 50-74 years,75.1,Crude prevalence,38087
2022,ND,Stark,38089,Mammography use among women aged 50-74 years,74.3,Age-adjusted prevalence,38089
2022,ND,Stark,38089,Mammography use among women aged 50-74 years,74.0,Crude prevalence,38089
2022,ND,Steele,38091,Mammography use among women aged 50-74 years,74.5,Age-adjusted prevalence,38091
2022,ND,Steele,38091,Mammography use among women aged 50-74 years,75.9,Crude prevalence,38091
2022,ND,Stutsman,38093,Mammography use among women aged 50-74 years,76.8,Age-adjusted prevalence,38093
2022,ND,Stutsman,38093,Mammography use among women aged 50-74 years,78.1,Crude prevalence,38093
2022,ND,Towner,38095,Mammography use among women aged 50-74 years,75.6,Age-adjusted prevalence,38095
2022,ND,Towner,38095,Mammography use among women aged 50-74 years,77.2,Crude prevalence,38095
2022,ND,Traill,38097,Mammography use among women aged 50-74 years,80.8,Age-adjusted prevalence,38097
2022,ND,Traill,38097,Mammography use among women aged 50-74 years,80.8,Crude prevalence,38097
2022,ND,Walsh,38099,Mammography use among women aged 50-74 years,70.4,Age-adjusted prevalence,38099
2022,ND,Walsh,38099,Mammography use among women aged 50-74 years,71.4,Crude prevalence,38099
2022,ND,Ward,38101,Mammography use among women aged 50-74 years,74.9,Age-adjusted prevalence,38101
2022,ND,Ward,38101,Mammography use among women aged 50-74 years,75.5,Crude prevalence,38101
2022,ND,Wells,38103,Mammography use among women aged 50-74 years,74.7,Age-adjusted prevalence,38103
2022,ND,Wells,38103,Mammography use among women aged 50-74 years,74.5,Crude prevalence,38103
2022,ND,Williams,38105,Mammography use among women aged 50-74 years,79.0,Age-adjusted prevalence,38105
2022,ND,Williams,38105,Mammography use among women aged 50-74 years,79.0,Crude prevalence,38105
2022,OH,Adams,39001,Mammography use among women aged 50-74 years,72.4,Age-adjusted prevalence,39001
2022,OH,Adams,39001,Mammography use among women aged 50-74 years,72.4,Crude prevalence,39001
2022,OH,Allen,39003,Mammography use among women aged 50-74 years,71.9,Age-adjusted prevalence,39003
2022,OH,Allen,39003,Mammography use among women aged 50-74 years,72.9,Crude prevalence,39003
2022,OH,Ashland,39005,Mammography use among women aged 50-74 years,75.0,Age-adjusted prevalence,39005
2022,OH,Ashland,39005,Mammography use among women aged 50-74 years,75.8,Crude prevalence,39005
2022,OH,Ashtabula,39007,Mammography use among women aged 50-74 years,74.0,Age-adjusted prevalence,39007
2022,OH,Ashtabula,39007,Mammography use among women aged 50-74 years,73.8,Crude prevalence,39007
2022,OH,Athens,39009,Mammography use among women aged 50-74 years,73.7,Age-adjusted prevalence,39009
2022,OH,Athens,39009,Mammography use among women aged 50-74 years,74.4,Crude prevalence,39009
2022,OH,Auglaize,39011,Mammography use among women aged 50-74 years,72.9,Age-adjusted prevalence,39011
2022,OH,Auglaize,39011,Mammography use among women aged 50-74 years,73.6,Crude prevalence,39011
2022,OH,Belmont,39013,Mammography use among women aged 50-74 years,72.9,Age-adjusted prevalence,39013
2022,OH,Belmont,39013,Mammography use among women aged 50-74 years,74.0,Crude prevalence,39013
2022,OH,Brown,39015,Mammography use among women aged 50-74 years,74.0,Age-adjusted prevalence,39015
2022,OH,Brown,39015,Mammography use among women aged 50-74 years,75.0,Crude prevalence,39015
2022,OH,Butler,39017,Mammography use among women aged 50-74 years,78.5,Age-adjusted prevalence,39017
2022,OH,Butler,39017,Mammography use among women aged 50-74 years,78.8,Crude prevalence,39017
2022,OH,Carroll,39019,Mammography use among women aged 50-74 years,75.3,Age-adjusted prevalence,39019
2022,OH,Carroll,39019,Mammography use among women aged 50-74 years,76.3,Crude prevalence,39019
2022,OH,Champaign,39021,Mammography use among women aged 50-74 years,76.4,Age-adjusted prevalence,39021
2022,OH,Champaign,39021,Mammography use among women aged 50-74 years,76.5,Crude prevalence,39021
2022,OH,Clark,39023,Mammography use among women aged 50-74 years,72.6,Age-adjusted prevalence,39023
2022,OH,Clark,39023,Mammography use among women aged 50-74 years,73.1,Crude prevalence,39023
2022,OH,Clermont,39025,Mammography use among women aged 50-74 years,73.9,Age-adjusted prevalence,39025
2022,OH,Clermont,39025,Mammography use among women aged 50-74 years,74.3,Crude prevalence,39025
2022,OH,Clinton,39027,Mammography use among women aged 50-74 years,73.9,Age-adjusted prevalence,39027
2022,OH,Clinton,39027,Mammography use among women aged 50-74 years,74.4,Crude prevalence,39027
2022,OH,Columbiana,39029,Mammography use among women aged 50-74 years,72.2,Age-adjusted prevalence,39029
2022,OH,Columbiana,39029,Mammography use among women aged 50-74 years,73.1,Crude prevalence,39029
2022,OH,Coshocton,39031,Mammography use among women aged 50-74 years,70.4,Age-adjusted prevalence,39031
2022,OH,Coshocton,39031,Mammography use among women aged 50-74 years,71.0,Crude prevalence,39031
2022,OH,Crawford,39033,Mammography use among women aged 50-74 years,65.8,Age-adjusted prevalence,39033
2022,OH,Crawford,39033,Mammography use among women aged 50-74 years,66.8,Crude prevalence,39033
2022,OH,Cuyahoga,39035,Mammography use among women aged 50-74 years,78.2,Age-adjusted prevalence,39035
2022,OH,Cuyahoga,39035,Mammography use among women aged 50-74 years,78.7,Crude prevalence,39035
2022,OH,Darke,39037,Mammography use among women aged 50-74 years,76.2,Age-adjusted prevalence,39037
2022,OH,Darke,39037,Mammography use among women aged 50-74 years,76.4,Crude prevalence,39037
2022,OH,Defiance,39039,Mammography use among women aged 50-74 years,75.7,Age-adjusted prevalence,39039
2022,OH,Defiance,39039,Mammography use among women aged 50-74 years,76.2,Crude prevalence,39039
2022,OH,Delaware,39041,Mammography use among women aged 50-74 years,83.5,Age-adjusted prevalence,39041
2022,OH,Delaware,39041,Mammography use among women aged 50-74 years,83.7,Crude prevalence,39041
2022,OH,Erie,39043,Mammography use among women aged 50-74 years,79.7,Age-adjusted prevalence,39043
2022,OH,Erie,39043,Mammography use among women aged 50-74 years,80.4,Crude prevalence,39043
2022,OH,Fairfield,39045,Mammography use among women aged 50-74 years,70.7,Age-adjusted prevalence,39045
2022,OH,Fairfield,39045,Mammography use among women aged 50-74 years,71.9,Crude prevalence,39045
2022,OH,Fayette,39047,Mammography use among women aged 50-74 years,70.2,Age-adjusted prevalence,39047
2022,OH,Fayette,39047,Mammography use among women aged 50-74 years,70.7,Crude prevalence,39047
2022,OH,Franklin,39049,Mammography use among women aged 50-74 years,77.8,Age-adjusted prevalence,39049
2022,OH,Franklin,39049,Mammography use among women aged 50-74 years,78.1,Crude prevalence,39049
2022,OH,Fulton,39051,Mammography use among women aged 50-74 years,74.3,Age-adjusted prevalence,39051
2022,OH,Fulton,39051,Mammography use among women aged 50-74 years,74.9,Crude prevalence,39051
2022,OH,Gallia,39053,Mammography use among women aged 50-74 years,71.1,Age-adjusted prevalence,39053
2022,OH,Gallia,39053,Mammography use among women aged 50-74 years,71.9,Crude prevalence,39053
2022,OH,Geauga,39055,Mammography use among women aged 50-74 years,79.2,Age-adjusted prevalence,39055
2022,OH,Geauga,39055,Mammography use among women aged 50-74 years,80.0,Crude prevalence,39055
2022,OH,Greene,39057,Mammography use among women aged 50-74 years,76.7,Age-adjusted prevalence,39057
2022,OH,Greene,39057,Mammography use among women aged 50-74 years,77.6,Crude prevalence,39057
2022,OH,Guernsey,39059,Mammography use among women aged 50-74 years,74.4,Age-adjusted prevalence,39059
2022,OH,Guernsey,39059,Mammography use among women aged 50-74 years,74.8,Crude prevalence,39059
2022,OH,Hamilton,39061,Mammography use among women aged 50-74 years,78.6,Age-adjusted prevalence,39061
2022,OH,Hamilton,39061,Mammography use among women aged 50-74 years,79.0,Crude prevalence,39061
2022,OH,Hancock,39063,Mammography use among women aged 50-74 years,76.6,Age-adjusted prevalence,39063
2022,OH,Hancock,39063,Mammography use among women aged 50-74 years,77.3,Crude prevalence,39063
2022,OH,Hardin,39065,Mammography use among women aged 50-74 years,72.1,Age-adjusted prevalence,39065
2022,OH,Hardin,39065,Mammography use among women aged 50-74 years,72.6,Crude prevalence,39065
2022,OH,Harrison,39067,Mammography use among women aged 50-74 years,73.6,Age-adjusted prevalence,39067
2022,OH,Harrison,39067,Mammography use among women aged 50-74 years,74.2,Crude prevalence,39067
2022,OH,Henry,39069,Mammography use among women aged 50-74 years,77.8,Age-adjusted prevalence,39069
2022,OH,Henry,39069,Mammography use among women aged 50-74 years,78.1,Crude prevalence,39069
2022,OH,Highland,39071,Mammography use among women aged 50-74 years,75.0,Age-adjusted prevalence,39071
2022,OH,Highland,39071,Mammography use among women aged 50-74 years,75.4,Crude prevalence,39071
2022,OH,Hocking,39073,Mammography use among women aged 50-74 years,70.6,Age-adjusted prevalence,39073
2022,OH,Hocking,39073,Mammography use among women aged 50-74 years,71.0,Crude prevalence,39073
2022,OH,Holmes,39075,Mammography use among women aged 50-74 years,69.2,Age-adjusted prevalence,39075
2022,OH,Holmes,39075,Mammography use among women aged 50-74 years,69.5,Crude prevalence,39075
2022,OH,Huron,39077,Mammography use among women aged 50-74 years,73.5,Age-adjusted prevalence,39077
2022,OH,Huron,39077,Mammography use among women aged 50-74 years,74.2,Crude prevalence,39077
2022,OH,Jackson,39079,Mammography use among women aged 50-74 years,70.4,Age-adjusted prevalence,39079
2022,OH,Jackson,39079,Mammography use among women aged 50-74 years,70.6,Crude prevalence,39079
2022,OH,Jefferson,39081,Mammography use among women aged 50-74 years,72.0,Age-adjusted prevalence,39081
2022,OH,Jefferson,39081,Mammography use among women aged 50-74 years,72.7,Crude prevalence,39081
2022,OH,Knox,39083,Mammography use among women aged 50-74 years,72.7,Age-adjusted prevalence,39083
2022,OH,Knox,39083,Mammography use among women aged 50-74 years,72.3,Crude prevalence,39083
2022,OH,Lake,39085,Mammography use among women aged 50-74 years,76.9,Age-adjusted prevalence,39085
2022,OH,Lake,39085,Mammography use among women aged 50-74 years,78.2,Crude prevalence,39085
2022,OH,Lawrence,39087,Mammography use among women aged 50-74 years,69.4,Age-adjusted prevalence,39087
2022,OH,Lawrence,39087,Mammography use among women aged 50-74 years,70.0,Crude prevalence,39087
2022,OH,Licking,39089,Mammography use among women aged 50-74 years,76.0,Age-adjusted prevalence,39089
2022,OH,Licking,39089,Mammography use among women aged 50-74 years,76.2,Crude prevalence,39089
2022,OH,Logan,39091,Mammography use among women aged 50-74 years,73.0,Age-adjusted prevalence,39091
2022,OH,Logan,39091,Mammography use among women aged 50-74 years,74.1,Crude prevalence,39091
2022,OH,Lorain,39093,Mammography use among women aged 50-74 years,73.5,Age-adjusted prevalence,39093
2022,OH,Lorain,39093,Mammography use among women aged 50-74 years,74.4,Crude prevalence,39093
2022,OH,Lucas,39095,Mammography use among women aged 50-74 years,73.8,Age-adjusted prevalence,39095
2022,OH,Lucas,39095,Mammography use among women aged 50-74 years,74.2,Crude prevalence,39095
2022,OH,Madison,39097,Mammography use among women aged 50-74 years,70.8,Age-adjusted prevalence,39097
2022,OH,Madison,39097,Mammography use among women aged 50-74 years,70.8,Crude prevalence,39097
2022,OH,Mahoning,39099,Mammography use among women aged 50-74 years,76.7,Age-adjusted prevalence,39099
2022,OH,Mahoning,39099,Mammography use among women aged 50-74 years,78.2,Crude prevalence,39099
2022,OH,Marion,39101,Mammography use among women aged 50-74 years,73.0,Age-adjusted prevalence,39101
2022,OH,Marion,39101,Mammography use among women aged 50-74 years,73.7,Crude prevalence,39101
2022,OH,Medina,39103,Mammography use among women aged 50-74 years,76.4,Age-adjusted prevalence,39103
2022,OH,Medina,39103,Mammography use among women aged 50-74 years,76.6,Crude prevalence,39103
2022,OH,Meigs,39105,Mammography use among women aged 50-74 years,74.4,Age-adjusted prevalence,39105
2022,OH,Meigs,39105,Mammography use among women aged 50-74 years,74.4,Crude prevalence,39105
2022,OH,Mercer,39107,Mammography use among women aged 50-74 years,77.3,Age-adjusted prevalence,39107
2022,OH,Mercer,39107,Mammography use among women aged 50-74 years,77.2,Crude prevalence,39107
2022,OH,Miami,39109,Mammography use among women aged 50-74 years,71.0,Age-adjusted prevalence,39109
2022,OH,Miami,39109,Mammography use among women aged 50-74 years,71.1,Crude prevalence,39109
2022,OH,Monroe,39111,Mammography use among women aged 50-74 years,70.9,Age-adjusted prevalence,39111
2022,OH,Monroe,39111,Mammography use among women aged 50-74 years,71.1,Crude prevalence,39111
2022,OH,Montgomery,39113,Mammography use among women aged 50-74 years,76.5,Age-adjusted prevalence,39113
2022,OH,Montgomery,39113,Mammography use among women aged 50-74 years,76.9,Crude prevalence,39113
2022,OH,Morgan,39115,Mammography use among women aged 50-74 years,72.3,Age-adjusted prevalence,39115
2022,OH,Morgan,39115,Mammography use among women aged 50-74 years,72.9,Crude prevalence,39115
2022,OH,Morrow,39117,Mammography use among women aged 50-74 years,73.2,Age-adjusted prevalence,39117
2022,OH,Morrow,39117,Mammography use among women aged 50-74 years,73.1,Crude prevalence,39117
2022,OH,Muskingum,39119,Mammography use among women aged 50-74 years,74.6,Age-adjusted prevalence,39119
2022,OH,Muskingum,39119,Mammography use among women aged 50-74 years,74.9,Crude prevalence,39119
2022,OH,Noble,39121,Mammography use among women aged 50-74 years,72.9,Age-adjusted prevalence,39121
2022,OH,Noble,39121,Mammography use among women aged 50-74 years,73.3,Crude prevalence,39121
2022,OH,Ottawa,39123,Mammography use among women aged 50-74 years,75.7,Age-adjusted prevalence,39123
2022,OH,Ottawa,39123,Mammography use among women aged 50-74 years,76.6,Crude prevalence,39123
2022,OH,Paulding,39125,Mammography use among women aged 50-74 years,74.9,Age-adjusted prevalence,39125
2022,OH,Paulding,39125,Mammography use among women aged 50-74 years,75.8,Crude prevalence,39125
2022,OH,Perry,39127,Mammography use among women aged 50-74 years,72.5,Age-adjusted prevalence,39127
2022,OH,Perry,39127,Mammography use among women aged 50-74 years,72.4,Crude prevalence,39127
2022,OH,Pickaway,39129,Mammography use among women aged 50-74 years,70.0,Age-adjusted prevalence,39129
2022,OH,Pickaway,39129,Mammography use among women aged 50-74 years,70.2,Crude prevalence,39129
2022,OH,Pike,39131,Mammography use among women aged 50-74 years,69.2,Age-adjusted prevalence,39131
2022,OH,Pike,39131,Mammography use among women aged 50-74 years,69.5,Crude prevalence,39131
2022,OH,Portage,39133,Mammography use among women aged 50-74 years,72.9,Age-adjusted prevalence,39133
2022,OH,Portage,39133,Mammography use among women aged 50-74 years,72.7,Crude prevalence,39133
2022,OH,Preble,39135,Mammography use among women aged 50-74 years,73.7,Age-adjusted prevalence,39135
2022,OH,Preble,39135,Mammography use among women aged 50-74 years,74.6,Crude prevalence,39135
2022,OH,Putnam,39137,Mammography use among women aged 50-74 years,81.5,Age-adjusted prevalence,39137
2022,OH,Putnam,39137,Mammography use among women aged 50-74 years,82.0,Crude prevalence,39137
2022,OH,Richland,39139,Mammography use among women aged 50-74 years,69.3,Age-adjusted prevalence,39139
2022,OH,Richland,39139,Mammography use among women aged 50-74 years,71.8,Crude prevalence,39139
2022,OH,Ross,39141,Mammography use among women aged 50-74 years,70.5,Age-adjusted prevalence,39141
2022,OH,Ross,39141,Mammography use among women aged 50-74 years,71.3,Crude prevalence,39141
2022,OH,Sandusky,39143,Mammography use among women aged 50-74 years,74.7,Age-adjusted prevalence,39143
2022,OH,Sandusky,39143,Mammography use among women aged 50-74 years,75.2,Crude prevalence,39143
2022,OH,Scioto,39145,Mammography use among women aged 50-74 years,69.0,Age-adjusted prevalence,39145
2022,OH,Scioto,39145,Mammography use among women aged 50-74 years,70.1,Crude prevalence,39145
2022,OH,Seneca,39147,Mammography use among women aged 50-74 years,71.7,Age-adjusted prevalence,39147
2022,OH,Seneca,39147,Mammography use among women aged 50-74 years,72.6,Crude prevalence,39147
2022,OH,Shelby,39149,Mammography use among women aged 50-74 years,73.9,Age-adjusted prevalence,39149
2022,OH,Shelby,39149,Mammography use among women aged 50-74 years,74.7,Crude prevalence,39149
2022,OH,Stark,39151,Mammography use among women aged 50-74 years,71.4,Age-adjusted prevalence,39151
2022,OH,Stark,39151,Mammography use among women aged 50-74 years,72.3,Crude prevalence,39151
2022,OH,Summit,39153,Mammography use among women aged 50-74 years,71.6,Age-adjusted prevalence,39153
2022,OH,Summit,39153,Mammography use among women aged 50-74 years,71.7,Crude prevalence,39153
2022,OH,Trumbull,39155,Mammography use among women aged 50-74 years,76.7,Age-adjusted prevalence,39155
2022,OH,Trumbull,39155,Mammography use among women aged 50-74 years,77.3,Crude prevalence,39155
2022,OH,Tuscarawas,39157,Mammography use among women aged 50-74 years,73.5,Age-adjusted prevalence,39157
2022,OH,Tuscarawas,39157,Mammography use among women aged 50-74 years,74.7,Crude prevalence,39157
2022,OH,Union,39159,Mammography use among women aged 50-74 years,78.9,Age-adjusted prevalence,39159
2022,OH,Union,39159,Mammography use among women aged 50-74 years,78.8,Crude prevalence,39159
2022,OH,Van Wert,39161,Mammography use among women aged 50-74 years,75.2,Age-adjusted prevalence,39161
2022,OH,Van Wert,39161,Mammography use among women aged 50-74 years,75.3,Crude prevalence,39161
2022,OH,Vinton,39163,Mammography use among women aged 50-74 years,66.9,Age-adjusted prevalence,39163
2022,OH,Vinton,39163,Mammography use among women aged 50-74 years,68.6,Crude prevalence,39163
2022,OH,Warren,39165,Mammography use among women aged 50-74 years,79.1,Age-adjusted prevalence,39165
2022,OH,Warren,39165,Mammography use among women aged 50-74 years,79.1,Crude prevalence,39165
2022,OH,Washington,39167,Mammography use among women aged 50-74 years,73.3,Age-adjusted prevalence,39167
2022,OH,Washington,39167,Mammography use among women aged 50-74 years,73.7,Crude prevalence,39167
2022,OH,Wayne,39169,Mammography use among women aged 50-74 years,72.4,Age-adjusted prevalence,39169
2022,OH,Wayne,39169,Mammography use among women aged 50-74 years,73.0,Crude prevalence,39169
2022,OH,Williams,39171,Mammography use among women aged 50-74 years,75.6,Age-adjusted prevalence,39171
2022,OH,Williams,39171,Mammography use among women aged 50-74 years,76.7,Crude prevalence,39171
2022,OH,Wood,39173,Mammography use among women aged 50-74 years,76.2,Age-adjusted prevalence,39173
2022,OH,Wood,39173,Mammography use among women aged 50-74 years,76.8,Crude prevalence,39173
2022,OH,Wyandot,39175,Mammography use among women aged 50-74 years,76.3,Age-adjusted prevalence,39175
2022,OH,Wyandot,39175,Mammography use among women aged 50-74 years,77.1,Crude prevalence,39175
2022,OK,Adair,40001,Mammography use among women aged 50-74 years,60.6,Age-adjusted prevalence,40001
2022,OK,Adair,40001,Mammography use among women aged 50-74 years,60.9,Crude prevalence,40001
2022,OK,Alfalfa,40003,Mammography use among women aged 50-74 years,69.2,Age-adjusted prevalence,40003
2022,OK,Alfalfa,40003,Mammography use among women aged 50-74 years,70.7,Crude prevalence,40003
2022,OK,Atoka,40005,Mammography use among women aged 50-74 years,64.9,Age-adjusted prevalence,40005
2022,OK,Atoka,40005,Mammography use among women aged 50-74 years,66.1,Crude prevalence,40005
2022,OK,Beaver,40007,Mammography use among women aged 50-74 years,70.2,Age-adjusted prevalence,40007
2022,OK,Beaver,40007,Mammography use among women aged 50-74 years,70.6,Crude prevalence,40007
2022,OK,Beckham,40009,Mammography use among women aged 50-74 years,65.0,Age-adjusted prevalence,40009
2022,OK,Beckham,40009,Mammography use among women aged 50-74 years,65.2,Crude prevalence,40009
2022,OK,Blaine,40011,Mammography use among women aged 50-74 years,68.2,Age-adjusted prevalence,40011
2022,OK,Blaine,40011,Mammography use among women aged 50-74 years,69.3,Crude prevalence,40011
2022,OK,Bryan,40013,Mammography use among women aged 50-74 years,64.8,Age-adjusted prevalence,40013
2022,OK,Bryan,40013,Mammography use among women aged 50-74 years,66.2,Crude prevalence,40013
2022,OK,Caddo,40015,Mammography use among women aged 50-74 years,64.2,Age-adjusted prevalence,40015
2022,OK,Caddo,40015,Mammography use among women aged 50-74 years,65.4,Crude prevalence,40015
2022,OK,Canadian,40017,Mammography use among women aged 50-74 years,69.5,Age-adjusted prevalence,40017
2022,OK,Canadian,40017,Mammography use among women aged 50-74 years,69.3,Crude prevalence,40017
2022,OK,Carter,40019,Mammography use among women aged 50-74 years,66.9,Age-adjusted prevalence,40019
2022,OK,Carter,40019,Mammography use among women aged 50-74 years,67.5,Crude prevalence,40019
2022,OK,Cherokee,40021,Mammography use among women aged 50-74 years,62.9,Age-adjusted prevalence,40021
2022,OK,Cherokee,40021,Mammography use among women aged 50-74 years,65.2,Crude prevalence,40021
2022,OK,Choctaw,40023,Mammography use among women aged 50-74 years,64.3,Age-adjusted prevalence,40023
2022,OK,Choctaw,40023,Mammography use among women aged 50-74 years,65.6,Crude prevalence,40023
2022,OK,Cimarron,40025,Mammography use among women aged 50-74 years,73.9,Age-adjusted prevalence,40025
2022,OK,Cimarron,40025,Mammography use among women aged 50-74 years,75.1,Crude prevalence,40025
2022,OK,Cleveland,40027,Mammography use among women aged 50-74 years,69.1,Age-adjusted prevalence,40027
2022,OK,Cleveland,40027,Mammography use among women aged 50-74 years,69.9,Crude prevalence,40027
2022,OK,Coal,40029,Mammography use among women aged 50-74 years,65.1,Age-adjusted prevalence,40029
2022,OK,Coal,40029,Mammography use among women aged 50-74 years,65.6,Crude prevalence,40029
2022,OK,Comanche,40031,Mammography use among women aged 50-74 years,72.1,Age-adjusted prevalence,40031
2022,OK,Comanche,40031,Mammography use among women aged 50-74 years,72.6,Crude prevalence,40031
2022,OK,Cotton,40033,Mammography use among women aged 50-74 years,67.5,Age-adjusted prevalence,40033
2022,OK,Cotton,40033,Mammography use among women aged 50-74 years,67.5,Crude prevalence,40033
2022,OK,Craig,40035,Mammography use among women aged 50-74 years,65.5,Age-adjusted prevalence,40035
2022,OK,Craig,40035,Mammography use among women aged 50-74 years,66.3,Crude prevalence,40035
2022,OK,Creek,40037,Mammography use among women aged 50-74 years,70.7,Age-adjusted prevalence,40037
2022,OK,Creek,40037,Mammography use among women aged 50-74 years,71.4,Crude prevalence,40037
2022,OK,Custer,40039,Mammography use among women aged 50-74 years,67.7,Age-adjusted prevalence,40039
2022,OK,Custer,40039,Mammography use among women aged 50-74 years,68.3,Crude prevalence,40039
2022,OK,Delaware,40041,Mammography use among women aged 50-74 years,64.1,Age-adjusted prevalence,40041
2022,OK,Delaware,40041,Mammography use among women aged 50-74 years,64.6,Crude prevalence,40041
2022,OK,Dewey,40043,Mammography use among women aged 50-74 years,68.9,Age-adjusted prevalence,40043
2022,OK,Dewey,40043,Mammography use among women aged 50-74 years,69.7,Crude prevalence,40043
2022,OK,Ellis,40045,Mammography use among women aged 50-74 years,67.2,Age-adjusted prevalence,40045
2022,OK,Ellis,40045,Mammography use among women aged 50-74 years,68.5,Crude prevalence,40045
2022,OK,Garfield,40047,Mammography use among women aged 50-74 years,67.6,Age-adjusted prevalence,40047
2022,OK,Garfield,40047,Mammography use among women aged 50-74 years,68.0,Crude prevalence,40047
2022,OK,Garvin,40049,Mammography use among women aged 50-74 years,69.1,Age-adjusted prevalence,40049
2022,OK,Garvin,40049,Mammography use among women aged 50-74 years,69.4,Crude prevalence,40049
2022,OK,Grady,40051,Mammography use among women aged 50-74 years,67.8,Age-adjusted prevalence,40051
2022,OK,Grady,40051,Mammography use among women aged 50-74 years,68.2,Crude prevalence,40051
2022,OK,Grant,40053,Mammography use among women aged 50-74 years,68.2,Age-adjusted prevalence,40053
2022,OK,Grant,40053,Mammography use among women aged 50-74 years,68.7,Crude prevalence,40053
2022,OK,Greer,40055,Mammography use among women aged 50-74 years,65.9,Age-adjusted prevalence,40055
2022,OK,Greer,40055,Mammography use among women aged 50-74 years,67.3,Crude prevalence,40055
2022,OK,Harmon,40057,Mammography use among women aged 50-74 years,66.6,Age-adjusted prevalence,40057
2022,OK,Harmon,40057,Mammography use among women aged 50-74 years,67.0,Crude prevalence,40057
2022,OK,Harper,40059,Mammography use among women aged 50-74 years,65.3,Age-adjusted prevalence,40059
2022,OK,Harper,40059,Mammography use among women aged 50-74 years,66.2,Crude prevalence,40059
2022,OK,Haskell,40061,Mammography use among women aged 50-74 years,63.4,Age-adjusted prevalence,40061
2022,OK,Haskell,40061,Mammography use among women aged 50-74 years,64.1,Crude prevalence,40061
2022,OK,Hughes,40063,Mammography use among women aged 50-74 years,58.8,Age-adjusted prevalence,40063
2022,OK,Hughes,40063,Mammography use among women aged 50-74 years,60.0,Crude prevalence,40063
2022,OK,Jackson,40065,Mammography use among women aged 50-74 years,69.9,Age-adjusted prevalence,40065
2022,OK,Jackson,40065,Mammography use among women aged 50-74 years,70.2,Crude prevalence,40065
2022,OK,Jefferson,40067,Mammography use among women aged 50-74 years,65.7,Age-adjusted prevalence,40067
2022,OK,Jefferson,40067,Mammography use among women aged 50-74 years,66.6,Crude prevalence,40067
2022,OK,Johnston,40069,Mammography use among women aged 50-74 years,66.6,Age-adjusted prevalence,40069
2022,OK,Johnston,40069,Mammography use among women aged 50-74 years,67.7,Crude prevalence,40069
2022,OK,Kay,40071,Mammography use among women aged 50-74 years,65.2,Age-adjusted prevalence,40071
2022,OK,Kay,40071,Mammography use among women aged 50-74 years,65.9,Crude prevalence,40071
2022,OK,Kingfisher,40073,Mammography use among women aged 50-74 years,65.8,Age-adjusted prevalence,40073
2022,OK,Kingfisher,40073,Mammography use among women aged 50-74 years,66.4,Crude prevalence,40073
2022,OK,Kiowa,40075,Mammography use among women aged 50-74 years,62.8,Age-adjusted prevalence,40075
2022,OK,Kiowa,40075,Mammography use among women aged 50-74 years,63.1,Crude prevalence,40075
2022,OK,Latimer,40077,Mammography use among women aged 50-74 years,65.0,Age-adjusted prevalence,40077
2022,OK,Latimer,40077,Mammography use among women aged 50-74 years,66.4,Crude prevalence,40077
2022,OK,Le Flore,40079,Mammography use among women aged 50-74 years,65.7,Age-adjusted prevalence,40079
2022,OK,Le Flore,40079,Mammography use among women aged 50-74 years,66.6,Crude prevalence,40079
2022,OK,Lincoln,40081,Mammography use among women aged 50-74 years,65.4,Age-adjusted prevalence,40081
2022,OK,Lincoln,40081,Mammography use among women aged 50-74 years,67.2,Crude prevalence,40081
2022,OK,Logan,40083,Mammography use among women aged 50-74 years,69.5,Age-adjusted prevalence,40083
2022,OK,Logan,40083,Mammography use among women aged 50-74 years,69.6,Crude prevalence,40083
2022,OK,Love,40085,Mammography use among women aged 50-74 years,70.7,Age-adjusted prevalence,40085
2022,OK,Love,40085,Mammography use among women aged 50-74 years,70.7,Crude prevalence,40085
2022,OK,McClain,40087,Mammography use among women aged 50-74 years,71.5,Age-adjusted prevalence,40087
2022,OK,McClain,40087,Mammography use among women aged 50-74 years,72.6,Crude prevalence,40087
2022,OK,McCurtain,40089,Mammography use among women aged 50-74 years,66.3,Age-adjusted prevalence,40089
2022,OK,McCurtain,40089,Mammography use among women aged 50-74 years,67.5,Crude prevalence,40089
2022,OK,McIntosh,40091,Mammography use among women aged 50-74 years,63.2,Age-adjusted prevalence,40091
2022,OK,McIntosh,40091,Mammography use among women aged 50-74 years,63.7,Crude prevalence,40091
2022,OK,Major,40093,Mammography use among women aged 50-74 years,68.8,Age-adjusted prevalence,40093
2022,OK,Major,40093,Mammography use among women aged 50-74 years,69.9,Crude prevalence,40093
2022,OK,Marshall,40095,Mammography use among women aged 50-74 years,65.3,Age-adjusted prevalence,40095
2022,OK,Marshall,40095,Mammography use among women aged 50-74 years,65.9,Crude prevalence,40095
2022,OK,Mayes,40097,Mammography use among women aged 50-74 years,67.5,Age-adjusted prevalence,40097
2022,OK,Mayes,40097,Mammography use among women aged 50-74 years,68.8,Crude prevalence,40097
2022,OK,Murray,40099,Mammography use among women aged 50-74 years,66.9,Age-adjusted prevalence,40099
2022,OK,Murray,40099,Mammography use among women aged 50-74 years,67.7,Crude prevalence,40099
2022,OK,Muskogee,40101,Mammography use among women aged 50-74 years,66.1,Age-adjusted prevalence,40101
2022,OK,Muskogee,40101,Mammography use among women aged 50-74 years,67.0,Crude prevalence,40101
2022,OK,Noble,40103,Mammography use among women aged 50-74 years,68.4,Age-adjusted prevalence,40103
2022,OK,Noble,40103,Mammography use among women aged 50-74 years,69.4,Crude prevalence,40103
2022,OK,Nowata,40105,Mammography use among women aged 50-74 years,64.0,Age-adjusted prevalence,40105
2022,OK,Nowata,40105,Mammography use among women aged 50-74 years,64.7,Crude prevalence,40105
2022,OK,Okfuskee,40107,Mammography use among women aged 50-74 years,64.2,Age-adjusted prevalence,40107
2022,OK,Okfuskee,40107,Mammography use among women aged 50-74 years,64.8,Crude prevalence,40107
2022,OK,Oklahoma,40109,Mammography use among women aged 50-74 years,74.2,Age-adjusted prevalence,40109
2022,OK,Oklahoma,40109,Mammography use among women aged 50-74 years,74.6,Crude prevalence,40109
2022,OK,Okmulgee,40111,Mammography use among women aged 50-74 years,64.0,Age-adjusted prevalence,40111
2022,OK,Okmulgee,40111,Mammography use among women aged 50-74 years,64.9,Crude prevalence,40111
2022,OK,Osage,40113,Mammography use among women aged 50-74 years,66.1,Age-adjusted prevalence,40113
2022,OK,Osage,40113,Mammography use among women aged 50-74 years,67.1,Crude prevalence,40113
2022,OK,Ottawa,40115,Mammography use among women aged 50-74 years,67.1,Age-adjusted prevalence,40115
2022,OK,Ottawa,40115,Mammography use among women aged 50-74 years,68.1,Crude prevalence,40115
2022,OK,Pawnee,40117,Mammography use among women aged 50-74 years,68.1,Age-adjusted prevalence,40117
2022,OK,Pawnee,40117,Mammography use among women aged 50-74 years,69.5,Crude prevalence,40117
2022,OK,Payne,40119,Mammography use among women aged 50-74 years,66.0,Age-adjusted prevalence,40119
2022,OK,Payne,40119,Mammography use among women aged 50-74 years,66.8,Crude prevalence,40119
2022,OK,Pittsburg,40121,Mammography use among women aged 50-74 years,68.4,Age-adjusted prevalence,40121
2022,OK,Pittsburg,40121,Mammography use among women aged 50-74 years,68.8,Crude prevalence,40121
2022,OK,Pontotoc,40123,Mammography use among women aged 50-74 years,65.9,Age-adjusted prevalence,40123
2022,OK,Pontotoc,40123,Mammography use among women aged 50-74 years,66.5,Crude prevalence,40123
2022,OK,Pottawatomie,40125,Mammography use among women aged 50-74 years,66.2,Age-adjusted prevalence,40125
2022,OK,Pottawatomie,40125,Mammography use among women aged 50-74 years,66.1,Crude prevalence,40125
2022,OK,Pushmataha,40127,Mammography use among women aged 50-74 years,67.3,Age-adjusted prevalence,40127
2022,OK,Pushmataha,40127,Mammography use among women aged 50-74 years,67.6,Crude prevalence,40127
2022,OK,Roger Mills,40129,Mammography use among women aged 50-74 years,67.6,Age-adjusted prevalence,40129
2022,OK,Roger Mills,40129,Mammography use among women aged 50-74 years,69.2,Crude prevalence,40129
2022,OK,Rogers,40131,Mammography use among women aged 50-74 years,69.6,Age-adjusted prevalence,40131
2022,OK,Rogers,40131,Mammography use among women aged 50-74 years,70.5,Crude prevalence,40131
2022,OK,Seminole,40133,Mammography use among women aged 50-74 years,63.9,Age-adjusted prevalence,40133
2022,OK,Seminole,40133,Mammography use among women aged 50-74 years,65.5,Crude prevalence,40133
2022,OK,Sequoyah,40135,Mammography use among women aged 50-74 years,65.1,Age-adjusted prevalence,40135
2022,OK,Sequoyah,40135,Mammography use among women aged 50-74 years,65.5,Crude prevalence,40135
2022,OK,Stephens,40137,Mammography use among women aged 50-74 years,65.9,Age-adjusted prevalence,40137
2022,OK,Stephens,40137,Mammography use among women aged 50-74 years,68.0,Crude prevalence,40137
2022,OK,Texas,40139,Mammography use among women aged 50-74 years,67.2,Age-adjusted prevalence,40139
2022,OK,Texas,40139,Mammography use among women aged 50-74 years,67.7,Crude prevalence,40139
2022,OK,Tillman,40141,Mammography use among women aged 50-74 years,67.3,Age-adjusted prevalence,40141
2022,OK,Tillman,40141,Mammography use among women aged 50-74 years,68.3,Crude prevalence,40141
2022,OK,Tulsa,40143,Mammography use among women aged 50-74 years,72.2,Age-adjusted prevalence,40143
2022,OK,Tulsa,40143,Mammography use among women aged 50-74 years,73.7,Crude prevalence,40143
2022,OK,Wagoner,40145,Mammography use among women aged 50-74 years,69.7,Age-adjusted prevalence,40145
2022,OK,Wagoner,40145,Mammography use among women aged 50-74 years,70.3,Crude prevalence,40145
2022,OK,Washington,40147,Mammography use among women aged 50-74 years,66.8,Age-adjusted prevalence,40147
2022,OK,Washington,40147,Mammography use among women aged 50-74 years,67.1,Crude prevalence,40147
2022,OK,Washita,40149,Mammography use among women aged 50-74 years,66.9,Age-adjusted prevalence,40149
2022,OK,Washita,40149,Mammography use among women aged 50-74 years,67.5,Crude prevalence,40149
2022,OK,Woods,40151,Mammography use among women aged 50-74 years,70.1,Age-adjusted prevalence,40151
2022,OK,Woods,40151,Mammography use among women aged 50-74 years,70.6,Crude prevalence,40151
2022,OK,Woodward,40153,Mammography use among women aged 50-74 years,64.3,Age-adjusted prevalence,40153
2022,OK,Woodward,40153,Mammography use among women aged 50-74 years,64.6,Crude prevalence,40153
2022,OR,Baker,41001,Mammography use among women aged 50-74 years,73.8,Age-adjusted prevalence,41001
2022,OR,Baker,41001,Mammography use among women aged 50-74 years,73.6,Crude prevalence,41001
2022,OR,Benton,41003,Mammography use among women aged 50-74 years,77.3,Age-adjusted prevalence,41003
2022,OR,Benton,41003,Mammography use among women aged 50-74 years,78.7,Crude prevalence,41003
2022,OR,Clackamas,41005,Mammography use among women aged 50-74 years,78.0,Age-adjusted prevalence,41005
2022,OR,Clackamas,41005,Mammography use among women aged 50-74 years,78.2,Crude prevalence,41005
2022,OR,Clatsop,41007,Mammography use among women aged 50-74 years,73.9,Age-adjusted prevalence,41007
2022,OR,Clatsop,41007,Mammography use among women aged 50-74 years,74.2,Crude prevalence,41007
2022,OR,Columbia,41009,Mammography use among women aged 50-74 years,75.8,Age-adjusted prevalence,41009
2022,OR,Columbia,41009,Mammography use among women aged 50-74 years,76.1,Crude prevalence,41009
2022,OR,Coos,41011,Mammography use among women aged 50-74 years,73.9,Age-adjusted prevalence,41011
2022,OR,Coos,41011,Mammography use among women aged 50-74 years,75.5,Crude prevalence,41011
2022,OR,Crook,41013,Mammography use among women aged 50-74 years,76.8,Age-adjusted prevalence,41013
2022,OR,Crook,41013,Mammography use among women aged 50-74 years,78.6,Crude prevalence,41013
2022,OR,Curry,41015,Mammography use among women aged 50-74 years,76.0,Age-adjusted prevalence,41015
2022,OR,Curry,41015,Mammography use among women aged 50-74 years,77.9,Crude prevalence,41015
2022,OR,Deschutes,41017,Mammography use among women aged 50-74 years,79.3,Age-adjusted prevalence,41017
2022,OR,Deschutes,41017,Mammography use among women aged 50-74 years,79.0,Crude prevalence,41017
2022,OR,Douglas,41019,Mammography use among women aged 50-74 years,74.7,Age-adjusted prevalence,41019
2022,OR,Douglas,41019,Mammography use among women aged 50-74 years,77.1,Crude prevalence,41019
2022,OR,Gilliam,41021,Mammography use among women aged 50-74 years,75.4,Age-adjusted prevalence,41021
2022,OR,Gilliam,41021,Mammography use among women aged 50-74 years,77.2,Crude prevalence,41021
2022,OR,Grant,41023,Mammography use among women aged 50-74 years,73.3,Age-adjusted prevalence,41023
2022,OR,Grant,41023,Mammography use among women aged 50-74 years,75.8,Crude prevalence,41023
2022,OR,Harney,41025,Mammography use among women aged 50-74 years,72.1,Age-adjusted prevalence,41025
2022,OR,Harney,41025,Mammography use among women aged 50-74 years,74.3,Crude prevalence,41025
2022,OR,Hood River,41027,Mammography use among women aged 50-74 years,79.1,Age-adjusted prevalence,41027
2022,OR,Hood River,41027,Mammography use among women aged 50-74 years,79.8,Crude prevalence,41027
2022,OR,Jackson,41029,Mammography use among women aged 50-74 years,75.0,Age-adjusted prevalence,41029
2022,OR,Jackson,41029,Mammography use among women aged 50-74 years,76.5,Crude prevalence,41029
2022,OR,Jefferson,41031,Mammography use among women aged 50-74 years,75.6,Age-adjusted prevalence,41031
2022,OR,Jefferson,41031,Mammography use among women aged 50-74 years,76.1,Crude prevalence,41031
2022,OR,Josephine,41033,Mammography use among women aged 50-74 years,72.8,Age-adjusted prevalence,41033
2022,OR,Josephine,41033,Mammography use among women aged 50-74 years,73.9,Crude prevalence,41033
2022,OR,Klamath,41035,Mammography use among women aged 50-74 years,74.7,Age-adjusted prevalence,41035
2022,OR,Klamath,41035,Mammography use among women aged 50-74 years,75.6,Crude prevalence,41035
2022,OR,Lake,41037,Mammography use among women aged 50-74 years,67.9,Age-adjusted prevalence,41037
2022,OR,Lake,41037,Mammography use among women aged 50-74 years,70.3,Crude prevalence,41037
2022,OR,Lane,41039,Mammography use among women aged 50-74 years,74.9,Age-adjusted prevalence,41039
2022,OR,Lane,41039,Mammography use among women aged 50-74 years,76.5,Crude prevalence,41039
2022,OR,Lincoln,41041,Mammography use among women aged 50-74 years,75.6,Age-adjusted prevalence,41041
2022,OR,Lincoln,41041,Mammography use among women aged 50-74 years,76.0,Crude prevalence,41041
2022,OR,Linn,41043,Mammography use among women aged 50-74 years,73.3,Age-adjusted prevalence,41043
2022,OR,Linn,41043,Mammography use among women aged 50-74 years,75.0,Crude prevalence,41043
2022,OR,Malheur,41045,Mammography use among women aged 50-74 years,70.7,Age-adjusted prevalence,41045
2022,OR,Malheur,41045,Mammography use among women aged 50-74 years,71.6,Crude prevalence,41045
2022,OR,Marion,41047,Mammography use among women aged 50-74 years,73.7,Age-adjusted prevalence,41047
2022,OR,Marion,41047,Mammography use among women aged 50-74 years,74.6,Crude prevalence,41047
2022,OR,Morrow,41049,Mammography use among women aged 50-74 years,70.0,Age-adjusted prevalence,41049
2022,OR,Morrow,41049,Mammography use among women aged 50-74 years,71.6,Crude prevalence,41049
2022,OR,Multnomah,41051,Mammography use among women aged 50-74 years,78.2,Age-adjusted prevalence,41051
2022,OR,Multnomah,41051,Mammography use among women aged 50-74 years,78.4,Crude prevalence,41051
2022,OR,Polk,41053,Mammography use among women aged 50-74 years,75.6,Age-adjusted prevalence,41053
2022,OR,Polk,41053,Mammography use among women aged 50-74 years,76.4,Crude prevalence,41053
2022,OR,Sherman,41055,Mammography use among women aged 50-74 years,75.4,Age-adjusted prevalence,41055
2022,OR,Sherman,41055,Mammography use among women aged 50-74 years,76.0,Crude prevalence,41055
2022,OR,Tillamook,41057,Mammography use among women aged 50-74 years,76.6,Age-adjusted prevalence,41057
2022,OR,Tillamook,41057,Mammography use among women aged 50-74 years,78.4,Crude prevalence,41057
2022,OR,Umatilla,41059,Mammography use among women aged 50-74 years,76.7,Age-adjusted prevalence,41059
2022,OR,Umatilla,41059,Mammography use among women aged 50-74 years,77.2,Crude prevalence,41059
2022,OR,Union,41061,Mammography use among women aged 50-74 years,74.2,Age-adjusted prevalence,41061
2022,OR,Union,41061,Mammography use among women aged 50-74 years,74.8,Crude prevalence,41061
2022,OR,Wallowa,41063,Mammography use among women aged 50-74 years,76.3,Age-adjusted prevalence,41063
2022,OR,Wallowa,41063,Mammography use among women aged 50-74 years,76.1,Crude prevalence,41063
2022,OR,Wasco,41065,Mammography use among women aged 50-74 years,75.7,Age-adjusted prevalence,41065
2022,OR,Wasco,41065,Mammography use among women aged 50-74 years,76.3,Crude prevalence,41065
2022,OR,Washington,41067,Mammography use among women aged 50-74 years,82.0,Age-adjusted prevalence,41067
2022,OR,Washington,41067,Mammography use among women aged 50-74 years,82.4,Crude prevalence,41067
2022,OR,Wheeler,41069,Mammography use among women aged 50-74 years,77.8,Age-adjusted prevalence,41069
2022,OR,Wheeler,41069,Mammography use among women aged 50-74 years,77.8,Crude prevalence,41069
2022,OR,Yamhill,41071,Mammography use among women aged 50-74 years,73.3,Age-adjusted prevalence,41071
2022,OR,Yamhill,41071,Mammography use among women aged 50-74 years,74.1,Crude prevalence,41071
2022,PA,Adams,42001,Mammography use among women aged 50-74 years,73.4,Age-adjusted prevalence,42001
2022,PA,Adams,42001,Mammography use among women aged 50-74 years,73.8,Crude prevalence,42001
2022,PA,Allegheny,42003,Mammography use among women aged 50-74 years,79.5,Age-adjusted prevalence,42003
2022,PA,Allegheny,42003,Mammography use among women aged 50-74 years,79.5,Crude prevalence,42003
2022,PA,Armstrong,42005,Mammography use among women aged 50-74 years,79.5,Age-adjusted prevalence,42005
2022,PA,Armstrong,42005,Mammography use among women aged 50-74 years,80.3,Crude prevalence,42005
2022,PA,Beaver,42007,Mammography use among women aged 50-74 years,77.9,Age-adjusted prevalence,42007
2022,PA,Beaver,42007,Mammography use among women aged 50-74 years,79.2,Crude prevalence,42007
2022,PA,Bedford,42009,Mammography use among women aged 50-74 years,75.3,Age-adjusted prevalence,42009
2022,PA,Bedford,42009,Mammography use among women aged 50-74 years,75.0,Crude prevalence,42009
2022,PA,Berks,42011,Mammography use among women aged 50-74 years,77.7,Age-adjusted prevalence,42011
2022,PA,Berks,42011,Mammography use among women aged 50-74 years,78.1,Crude prevalence,42011
2022,PA,Blair,42013,Mammography use among women aged 50-74 years,73.0,Age-adjusted prevalence,42013
2022,PA,Blair,42013,Mammography use among women aged 50-74 years,73.6,Crude prevalence,42013
2022,PA,Bradford,42015,Mammography use among women aged 50-74 years,75.1,Age-adjusted prevalence,42015
2022,PA,Bradford,42015,Mammography use among women aged 50-74 years,75.8,Crude prevalence,42015
2022,PA,Bucks,42017,Mammography use among women aged 50-74 years,75.3,Age-adjusted prevalence,42017
2022,PA,Bucks,42017,Mammography use among women aged 50-74 years,76.2,Crude prevalence,42017
2022,PA,Butler,42019,Mammography use among women aged 50-74 years,77.9,Age-adjusted prevalence,42019
2022,PA,Butler,42019,Mammography use among women aged 50-74 years,78.3,Crude prevalence,42019
2022,PA,Cambria,42021,Mammography use among women aged 50-74 years,78.6,Age-adjusted prevalence,42021
2022,PA,Cambria,42021,Mammography use among women aged 50-74 years,80.1,Crude prevalence,42021
2022,PA,Cameron,42023,Mammography use among women aged 50-74 years,73.3,Age-adjusted prevalence,42023
2022,PA,Cameron,42023,Mammography use among women aged 50-74 years,74.2,Crude prevalence,42023
2022,PA,Carbon,42025,Mammography use among women aged 50-74 years,73.8,Age-adjusted prevalence,42025
2022,PA,Carbon,42025,Mammography use among women aged 50-74 years,75.2,Crude prevalence,42025
2022,PA,Centre,42027,Mammography use among women aged 50-74 years,76.8,Age-adjusted prevalence,42027
2022,PA,Centre,42027,Mammography use among women aged 50-74 years,77.3,Crude prevalence,42027
2022,PA,Chester,42029,Mammography use among women aged 50-74 years,81.0,Age-adjusted prevalence,42029
2022,PA,Chester,42029,Mammography use among women aged 50-74 years,81.2,Crude prevalence,42029
2022,PA,Clarion,42031,Mammography use among women aged 50-74 years,77.1,Age-adjusted prevalence,42031
2022,PA,Clarion,42031,Mammography use among women aged 50-74 years,78.1,Crude prevalence,42031
2022,PA,Clearfield,42033,Mammography use among women aged 50-74 years,76.0,Age-adjusted prevalence,42033
2022,PA,Clearfield,42033,Mammography use among women aged 50-74 years,75.9,Crude prevalence,42033
2022,PA,Clinton,42035,Mammography use among women aged 50-74 years,72.9,Age-adjusted prevalence,42035
2022,PA,Clinton,42035,Mammography use among women aged 50-74 years,73.9,Crude prevalence,42035
2022,PA,Columbia,42037,Mammography use among women aged 50-74 years,75.4,Age-adjusted prevalence,42037
2022,PA,Columbia,42037,Mammography use among women aged 50-74 years,76.1,Crude prevalence,42037
2022,PA,Crawford,42039,Mammography use among women aged 50-74 years,74.6,Age-adjusted prevalence,42039
2022,PA,Crawford,42039,Mammography use among women aged 50-74 years,75.5,Crude prevalence,42039
2022,PA,Cumberland,42041,Mammography use among women aged 50-74 years,75.0,Age-adjusted prevalence,42041
2022,PA,Cumberland,42041,Mammography use among women aged 50-74 years,75.2,Crude prevalence,42041
2022,PA,Dauphin,42043,Mammography use among women aged 50-74 years,77.3,Age-adjusted prevalence,42043
2022,PA,Dauphin,42043,Mammography use among women aged 50-74 years,77.7,Crude prevalence,42043
2022,PA,Delaware,42045,Mammography use among women aged 50-74 years,78.3,Age-adjusted prevalence,42045
2022,PA,Delaware,42045,Mammography use among women aged 50-74 years,78.5,Crude prevalence,42045
2022,PA,Elk,42047,Mammography use among women aged 50-74 years,76.6,Age-adjusted prevalence,42047
2022,PA,Elk,42047,Mammography use among women aged 50-74 years,77.5,Crude prevalence,42047
2022,PA,Erie,42049,Mammography use among women aged 50-74 years,78.8,Age-adjusted prevalence,42049
2022,PA,Erie,42049,Mammography use among women aged 50-74 years,79.5,Crude prevalence,42049
2022,PA,Fayette,42051,Mammography use among women aged 50-74 years,76.2,Age-adjusted prevalence,42051
2022,PA,Fayette,42051,Mammography use among women aged 50-74 years,77.3,Crude prevalence,42051
2022,PA,Forest,42053,Mammography use among women aged 50-74 years,74.1,Age-adjusted prevalence,42053
2022,PA,Forest,42053,Mammography use among women aged 50-74 years,74.9,Crude prevalence,42053
2022,PA,Franklin,42055,Mammography use among women aged 50-74 years,75.4,Age-adjusted prevalence,42055
2022,PA,Franklin,42055,Mammography use among women aged 50-74 years,76.1,Crude prevalence,42055
2022,PA,Fulton,42057,Mammography use among women aged 50-74 years,75.7,Age-adjusted prevalence,42057
2022,PA,Fulton,42057,Mammography use among women aged 50-74 years,76.4,Crude prevalence,42057
2022,PA,Greene,42059,Mammography use among women aged 50-74 years,78.3,Age-adjusted prevalence,42059
2022,PA,Greene,42059,Mammography use among women aged 50-74 years,78.2,Crude prevalence,42059
2022,PA,Huntingdon,42061,Mammography use among women aged 50-74 years,75.4,Age-adjusted prevalence,42061
2022,PA,Huntingdon,42061,Mammography use among women aged 50-74 years,76.2,Crude prevalence,42061
2022,PA,Indiana,42063,Mammography use among women aged 50-74 years,79.0,Age-adjusted prevalence,42063
2022,PA,Indiana,42063,Mammography use among women aged 50-74 years,79.3,Crude prevalence,42063
2022,PA,Jefferson,42065,Mammography use among women aged 50-74 years,74.5,Age-adjusted prevalence,42065
2022,PA,Jefferson,42065,Mammography use among women aged 50-74 years,75.4,Crude prevalence,42065
2022,PA,Juniata,42067,Mammography use among women aged 50-74 years,73.8,Age-adjusted prevalence,42067
2022,PA,Juniata,42067,Mammography use among women aged 50-74 years,74.6,Crude prevalence,42067
2022,PA,Lackawanna,42069,Mammography use among women aged 50-74 years,75.6,Age-adjusted prevalence,42069
2022,PA,Lackawanna,42069,Mammography use among women aged 50-74 years,75.6,Crude prevalence,42069
2022,PA,Lancaster,42071,Mammography use among women aged 50-74 years,72.5,Age-adjusted prevalence,42071
2022,PA,Lancaster,42071,Mammography use among women aged 50-74 years,73.3,Crude prevalence,42071
2022,PA,Lawrence,42073,Mammography use among women aged 50-74 years,76.1,Age-adjusted prevalence,42073
2022,PA,Lawrence,42073,Mammography use among women aged 50-74 years,77.0,Crude prevalence,42073
2022,PA,Lebanon,42075,Mammography use among women aged 50-74 years,76.5,Age-adjusted prevalence,42075
2022,PA,Lebanon,42075,Mammography use among women aged 50-74 years,77.2,Crude prevalence,42075
2022,PA,Lehigh,42077,Mammography use among women aged 50-74 years,76.5,Age-adjusted prevalence,42077
2022,PA,Lehigh,42077,Mammography use among women aged 50-74 years,77.0,Crude prevalence,42077
2022,PA,Luzerne,42079,Mammography use among women aged 50-74 years,76.6,Age-adjusted prevalence,42079
2022,PA,Luzerne,42079,Mammography use among women aged 50-74 years,77.9,Crude prevalence,42079
2022,PA,Lycoming,42081,Mammography use among women aged 50-74 years,76.8,Age-adjusted prevalence,42081
2022,PA,Lycoming,42081,Mammography use among women aged 50-74 years,77.2,Crude prevalence,42081
2022,PA,McKean,42083,Mammography use among women aged 50-74 years,75.0,Age-adjusted prevalence,42083
2022,PA,McKean,42083,Mammography use among women aged 50-74 years,75.4,Crude prevalence,42083
2022,PA,Mercer,42085,Mammography use among women aged 50-74 years,80.8,Age-adjusted prevalence,42085
2022,PA,Mercer,42085,Mammography use among women aged 50-74 years,81.1,Crude prevalence,42085
2022,PA,Mifflin,42087,Mammography use among women aged 50-74 years,74.0,Age-adjusted prevalence,42087
2022,PA,Mifflin,42087,Mammography use among women aged 50-74 years,73.4,Crude prevalence,42087
2022,PA,Monroe,42089,Mammography use among women aged 50-74 years,80.1,Age-adjusted prevalence,42089
2022,PA,Monroe,42089,Mammography use among women aged 50-74 years,80.5,Crude prevalence,42089
2022,PA,Montgomery,42091,Mammography use among women aged 50-74 years,78.3,Age-adjusted prevalence,42091
2022,PA,Montgomery,42091,Mammography use among women aged 50-74 years,78.8,Crude prevalence,42091
2022,PA,Montour,42093,Mammography use among women aged 50-74 years,80.4,Age-adjusted prevalence,42093
2022,PA,Montour,42093,Mammography use among women aged 50-74 years,80.5,Crude prevalence,42093
2022,PA,Northampton,42095,Mammography use among women aged 50-74 years,77.9,Age-adjusted prevalence,42095
2022,PA,Northampton,42095,Mammography use among women aged 50-74 years,79.0,Crude prevalence,42095
2022,PA,Northumberland,42097,Mammography use among women aged 50-74 years,76.7,Age-adjusted prevalence,42097
2022,PA,Northumberland,42097,Mammography use among women aged 50-74 years,77.7,Crude prevalence,42097
2022,PA,Perry,42099,Mammography use among women aged 50-74 years,77.3,Age-adjusted prevalence,42099
2022,PA,Perry,42099,Mammography use among women aged 50-74 years,77.0,Crude prevalence,42099
2022,PA,Philadelphia,42101,Mammography use among women aged 50-74 years,77.0,Age-adjusted prevalence,42101
2022,PA,Philadelphia,42101,Mammography use among women aged 50-74 years,77.8,Crude prevalence,42101
2022,PA,Pike,42103,Mammography use among women aged 50-74 years,78.1,Age-adjusted prevalence,42103
2022,PA,Pike,42103,Mammography use among women aged 50-74 years,78.0,Crude prevalence,42103
2022,PA,Potter,42105,Mammography use among women aged 50-74 years,76.1,Age-adjusted prevalence,42105
2022,PA,Potter,42105,Mammography use among women aged 50-74 years,76.8,Crude prevalence,42105
2022,PA,Schuylkill,42107,Mammography use among women aged 50-74 years,77.2,Age-adjusted prevalence,42107
2022,PA,Schuylkill,42107,Mammography use among women aged 50-74 years,77.9,Crude prevalence,42107
2022,PA,Snyder,42109,Mammography use among women aged 50-74 years,76.5,Age-adjusted prevalence,42109
2022,PA,Snyder,42109,Mammography use among women aged 50-74 years,77.2,Crude prevalence,42109
2022,PA,Somerset,42111,Mammography use among women aged 50-74 years,75.7,Age-adjusted prevalence,42111
2022,PA,Somerset,42111,Mammography use among women aged 50-74 years,76.9,Crude prevalence,42111
2022,PA,Sullivan,42113,Mammography use among women aged 50-74 years,75.5,Age-adjusted prevalence,42113
2022,PA,Sullivan,42113,Mammography use among women aged 50-74 years,76.5,Crude prevalence,42113
2022,PA,Susquehanna,42115,Mammography use among women aged 50-74 years,78.8,Age-adjusted prevalence,42115
2022,PA,Susquehanna,42115,Mammography use among women aged 50-74 years,80.1,Crude prevalence,42115
2022,PA,Tioga,42117,Mammography use among women aged 50-74 years,77.4,Age-adjusted prevalence,42117
2022,PA,Tioga,42117,Mammography use among women aged 50-74 years,78.1,Crude prevalence,42117
2022,PA,Union,42119,Mammography use among women aged 50-74 years,73.3,Age-adjusted prevalence,42119
2022,PA,Union,42119,Mammography use among women aged 50-74 years,73.8,Crude prevalence,42119
2022,PA,Venango,42121,Mammography use among women aged 50-74 years,77.7,Age-adjusted prevalence,42121
2022,PA,Venango,42121,Mammography use among women aged 50-74 years,77.8,Crude prevalence,42121
2022,PA,Warren,42123,Mammography use among women aged 50-74 years,75.0,Age-adjusted prevalence,42123
2022,PA,Warren,42123,Mammography use among women aged 50-74 years,75.8,Crude prevalence,42123
2022,PA,Washington,42125,Mammography use among women aged 50-74 years,79.6,Age-adjusted prevalence,42125
2022,PA,Washington,42125,Mammography use among women aged 50-74 years,79.8,Crude prevalence,42125
2022,PA,Wayne,42127,Mammography use among women aged 50-74 years,77.0,Age-adjusted prevalence,42127
2022,PA,Wayne,42127,Mammography use among women aged 50-74 years,77.4,Crude prevalence,42127
2022,PA,Westmoreland,42129,Mammography use among women aged 50-74 years,76.9,Age-adjusted prevalence,42129
2022,PA,Westmoreland,42129,Mammography use among women aged 50-74 years,77.9,Crude prevalence,42129
2022,PA,Wyoming,42131,Mammography use among women aged 50-74 years,78.9,Age-adjusted prevalence,42131
2022,PA,Wyoming,42131,Mammography use among women aged 50-74 years,78.7,Crude prevalence,42131
2022,PA,York,42133,Mammography use among women aged 50-74 years,73.9,Age-adjusted prevalence,42133
2022,PA,York,42133,Mammography use among women aged 50-74 years,74.5,Crude prevalence,42133
2022,RI,Bristol,44001,Mammography use among women aged 50-74 years,83.8,Age-adjusted prevalence,44001
2022,RI,Bristol,44001,Mammography use among women aged 50-74 years,83.5,Crude prevalence,44001
2022,RI,Kent,44003,Mammography use among women aged 50-74 years,83.9,Age-adjusted prevalence,44003
2022,RI,Kent,44003,Mammography use among women aged 50-74 years,84.3,Crude prevalence,44003
2022,RI,Newport,44005,Mammography use among women aged 50-74 years,82.4,Age-adjusted prevalence,44005
2022,RI,Newport,44005,Mammography use among women aged 50-74 years,82.2,Crude prevalence,44005
2022,RI,Providence,44007,Mammography use among women aged 50-74 years,82.0,Age-adjusted prevalence,44007
2022,RI,Providence,44007,Mammography use among women aged 50-74 years,82.1,Crude prevalence,44007
2022,RI,Washington,44009,Mammography use among women aged 50-74 years,80.6,Age-adjusted prevalence,44009
2022,RI,Washington,44009,Mammography use among women aged 50-74 years,80.6,Crude prevalence,44009
2022,SC,Abbeville,45001,Mammography use among women aged 50-74 years,77.6,Age-adjusted prevalence,45001
2022,SC,Abbeville,45001,Mammography use among women aged 50-74 years,78.4,Crude prevalence,45001
2022,SC,Aiken,45003,Mammography use among women aged 50-74 years,79.0,Age-adjusted prevalence,45003
2022,SC,Aiken,45003,Mammography use among women aged 50-74 years,80.2,Crude prevalence,45003
2022,SC,Allendale,45005,Mammography use among women aged 50-74 years,75.9,Age-adjusted prevalence,45005
2022,SC,Allendale,45005,Mammography use among women aged 50-74 years,75.9,Crude prevalence,45005
2022,SC,Anderson,45007,Mammography use among women aged 50-74 years,76.5,Age-adjusted prevalence,45007
2022,SC,Anderson,45007,Mammography use among women aged 50-74 years,76.8,Crude prevalence,45007
2022,SC,Bamberg,45009,Mammography use among women aged 50-74 years,77.8,Age-adjusted prevalence,45009
2022,SC,Bamberg,45009,Mammography use among women aged 50-74 years,78.4,Crude prevalence,45009
2022,SC,Barnwell,45011,Mammography use among women aged 50-74 years,76.1,Age-adjusted prevalence,45011
2022,SC,Barnwell,45011,Mammography use among women aged 50-74 years,76.6,Crude prevalence,45011
2022,SC,Beaufort,45013,Mammography use among women aged 50-74 years,79.9,Age-adjusted prevalence,45013
2022,SC,Beaufort,45013,Mammography use among women aged 50-74 years,80.8,Crude prevalence,45013
2022,SC,Berkeley,45015,Mammography use among women aged 50-74 years,78.8,Age-adjusted prevalence,45015
2022,SC,Berkeley,45015,Mammography use among women aged 50-74 years,79.3,Crude prevalence,45015
2022,SC,Calhoun,45017,Mammography use among women aged 50-74 years,77.3,Age-adjusted prevalence,45017
2022,SC,Calhoun,45017,Mammography use among women aged 50-74 years,78.0,Crude prevalence,45017
2022,SC,Charleston,45019,Mammography use among women aged 50-74 years,75.7,Age-adjusted prevalence,45019
2022,SC,Charleston,45019,Mammography use among women aged 50-74 years,77.1,Crude prevalence,45019
2022,SC,Cherokee,45021,Mammography use among women aged 50-74 years,72.9,Age-adjusted prevalence,45021
2022,SC,Cherokee,45021,Mammography use among women aged 50-74 years,73.7,Crude prevalence,45021
2022,SC,Chester,45023,Mammography use among women aged 50-74 years,73.9,Age-adjusted prevalence,45023
2022,SC,Chester,45023,Mammography use among women aged 50-74 years,74.5,Crude prevalence,45023
2022,SC,Chesterfield,45025,Mammography use among women aged 50-74 years,73.5,Age-adjusted prevalence,45025
2022,SC,Chesterfield,45025,Mammography use among women aged 50-74 years,73.9,Crude prevalence,45025
2022,SC,Clarendon,45027,Mammography use among women aged 50-74 years,77.1,Age-adjusted prevalence,45027
2022,SC,Clarendon,45027,Mammography use among women aged 50-74 years,77.6,Crude prevalence,45027
2022,SC,Colleton,45029,Mammography use among women aged 50-74 years,72.8,Age-adjusted prevalence,45029
2022,SC,Colleton,45029,Mammography use among women aged 50-74 years,74.5,Crude prevalence,45029
2022,SC,Darlington,45031,Mammography use among women aged 50-74 years,73.2,Age-adjusted prevalence,45031
2022,SC,Darlington,45031,Mammography use among women aged 50-74 years,73.4,Crude prevalence,45031
2022,SC,Dillon,45033,Mammography use among women aged 50-74 years,72.7,Age-adjusted prevalence,45033
2022,SC,Dillon,45033,Mammography use among women aged 50-74 years,74.2,Crude prevalence,45033
2022,SC,Dorchester,45035,Mammography use among women aged 50-74 years,73.2,Age-adjusted prevalence,45035
2022,SC,Dorchester,45035,Mammography use among women aged 50-74 years,73.5,Crude prevalence,45035
2022,SC,Edgefield,45037,Mammography use among women aged 50-74 years,76.5,Age-adjusted prevalence,45037
2022,SC,Edgefield,45037,Mammography use among women aged 50-74 years,76.2,Crude prevalence,45037
2022,SC,Fairfield,45039,Mammography use among women aged 50-74 years,77.1,Age-adjusted prevalence,45039
2022,SC,Fairfield,45039,Mammography use among women aged 50-74 years,77.3,Crude prevalence,45039
2022,SC,Florence,45041,Mammography use among women aged 50-74 years,78.6,Age-adjusted prevalence,45041
2022,SC,Florence,45041,Mammography use among women aged 50-74 years,78.6,Crude prevalence,45041
2022,SC,Georgetown,45043,Mammography use among women aged 50-74 years,79.0,Age-adjusted prevalence,45043
2022,SC,Georgetown,45043,Mammography use among women aged 50-74 years,79.3,Crude prevalence,45043
2022,SC,Greenville,45045,Mammography use among women aged 50-74 years,80.5,Age-adjusted prevalence,45045
2022,SC,Greenville,45045,Mammography use among women aged 50-74 years,80.8,Crude prevalence,45045
2022,SC,Greenwood,45047,Mammography use among women aged 50-74 years,76.9,Age-adjusted prevalence,45047
2022,SC,Greenwood,45047,Mammography use among women aged 50-74 years,77.5,Crude prevalence,45047
2022,SC,Hampton,45049,Mammography use among women aged 50-74 years,71.6,Age-adjusted prevalence,45049
2022,SC,Hampton,45049,Mammography use among women aged 50-74 years,72.2,Crude prevalence,45049
2022,SC,Horry,45051,Mammography use among women aged 50-74 years,75.0,Age-adjusted prevalence,45051
2022,SC,Horry,45051,Mammography use among women aged 50-74 years,75.2,Crude prevalence,45051
2022,SC,Jasper,45053,Mammography use among women aged 50-74 years,76.9,Age-adjusted prevalence,45053
2022,SC,Jasper,45053,Mammography use among women aged 50-74 years,77.6,Crude prevalence,45053
2022,SC,Kershaw,45055,Mammography use among women aged 50-74 years,78.0,Age-adjusted prevalence,45055
2022,SC,Kershaw,45055,Mammography use among women aged 50-74 years,78.1,Crude prevalence,45055
2022,SC,Lancaster,45057,Mammography use among women aged 50-74 years,73.5,Age-adjusted prevalence,45057
2022,SC,Lancaster,45057,Mammography use among women aged 50-74 years,73.8,Crude prevalence,45057
2022,SC,Laurens,45059,Mammography use among women aged 50-74 years,79.7,Age-adjusted prevalence,45059
2022,SC,Laurens,45059,Mammography use among women aged 50-74 years,79.9,Crude prevalence,45059
2022,SC,Lee,45061,Mammography use among women aged 50-74 years,72.8,Age-adjusted prevalence,45061
2022,SC,Lee,45061,Mammography use among women aged 50-74 years,73.8,Crude prevalence,45061
2022,SC,Lexington,45063,Mammography use among women aged 50-74 years,73.5,Age-adjusted prevalence,45063
2022,SC,Lexington,45063,Mammography use among women aged 50-74 years,74.1,Crude prevalence,45063
2022,SC,McCormick,45065,Mammography use among women aged 50-74 years,75.0,Age-adjusted prevalence,45065
2022,SC,McCormick,45065,Mammography use among women aged 50-74 years,75.3,Crude prevalence,45065
2022,SC,Marion,45067,Mammography use among women aged 50-74 years,75.0,Age-adjusted prevalence,45067
2022,SC,Marion,45067,Mammography use among women aged 50-74 years,76.1,Crude prevalence,45067
2022,SC,Marlboro,45069,Mammography use among women aged 50-74 years,74.3,Age-adjusted prevalence,45069
2022,SC,Marlboro,45069,Mammography use among women aged 50-74 years,74.7,Crude prevalence,45069
2022,SC,Newberry,45071,Mammography use among women aged 50-74 years,78.2,Age-adjusted prevalence,45071
2022,SC,Newberry,45071,Mammography use among women aged 50-74 years,78.7,Crude prevalence,45071
2022,SC,Oconee,45073,Mammography use among women aged 50-74 years,76.5,Age-adjusted prevalence,45073
2022,SC,Oconee,45073,Mammography use among women aged 50-74 years,76.8,Crude prevalence,45073
2022,SC,Orangeburg,45075,Mammography use among women aged 50-74 years,74.0,Age-adjusted prevalence,45075
2022,SC,Orangeburg,45075,Mammography use among women aged 50-74 years,74.3,Crude prevalence,45075
2022,SC,Pickens,45077,Mammography use among women aged 50-74 years,67.3,Age-adjusted prevalence,45077
2022,SC,Pickens,45077,Mammography use among women aged 50-74 years,68.5,Crude prevalence,45077
2022,SC,Richland,45079,Mammography use among women aged 50-74 years,79.5,Age-adjusted prevalence,45079
2022,SC,Richland,45079,Mammography use among women aged 50-74 years,80.0,Crude prevalence,45079
2022,SC,Saluda,45081,Mammography use among women aged 50-74 years,74.4,Age-adjusted prevalence,45081
2022,SC,Saluda,45081,Mammography use among women aged 50-74 years,75.3,Crude prevalence,45081
2022,SC,Spartanburg,45083,Mammography use among women aged 50-74 years,79.8,Age-adjusted prevalence,45083
2022,SC,Spartanburg,45083,Mammography use among women aged 50-74 years,80.4,Crude prevalence,45083
2022,SC,Sumter,45085,Mammography use among women aged 50-74 years,76.9,Age-adjusted prevalence,45085
2022,SC,Sumter,45085,Mammography use among women aged 50-74 years,77.9,Crude prevalence,45085
2022,SC,Union,45087,Mammography use among women aged 50-74 years,74.2,Age-adjusted prevalence,45087
2022,SC,Union,45087,Mammography use among women aged 50-74 years,75.1,Crude prevalence,45087
2022,SC,Williamsburg,45089,Mammography use among women aged 50-74 years,76.7,Age-adjusted prevalence,45089
2022,SC,Williamsburg,45089,Mammography use among women aged 50-74 years,77.5,Crude prevalence,45089
2022,SC,York,45091,Mammography use among women aged 50-74 years,80.4,Age-adjusted prevalence,45091
2022,SC,York,45091,Mammography use among women aged 50-74 years,80.5,Crude prevalence,45091
2022,SD,Aurora,46003,Mammography use among women aged 50-74 years,78.8,Age-adjusted prevalence,46003
2022,SD,Aurora,46003,Mammography use among women aged 50-74 years,78.8,Crude prevalence,46003
2022,SD,Beadle,46005,Mammography use among women aged 50-74 years,76.8,Age-adjusted prevalence,46005
2022,SD,Beadle,46005,Mammography use among women aged 50-74 years,77.5,Crude prevalence,46005
2022,SD,Bennett,46007,Mammography use among women aged 50-74 years,68.8,Age-adjusted prevalence,46007
2022,SD,Bennett,46007,Mammography use among women aged 50-74 years,69.6,Crude prevalence,46007
2022,SD,Bon Homme,46009,Mammography use among women aged 50-74 years,74.6,Age-adjusted prevalence,46009
2022,SD,Bon Homme,46009,Mammography use among women aged 50-74 years,76.8,Crude prevalence,46009
2022,SD,Brookings,46011,Mammography use among women aged 50-74 years,78.4,Age-adjusted prevalence,46011
2022,SD,Brookings,46011,Mammography use among women aged 50-74 years,78.4,Crude prevalence,46011
2022,SD,Brown,46013,Mammography use among women aged 50-74 years,79.3,Age-adjusted prevalence,46013
2022,SD,Brown,46013,Mammography use among women aged 50-74 years,80.0,Crude prevalence,46013
2022,SD,Brule,46015,Mammography use among women aged 50-74 years,74.8,Age-adjusted prevalence,46015
2022,SD,Brule,46015,Mammography use among women aged 50-74 years,75.4,Crude prevalence,46015
2022,SD,Buffalo,46017,Mammography use among women aged 50-74 years,67.9,Age-adjusted prevalence,46017
2022,SD,Buffalo,46017,Mammography use among women aged 50-74 years,68.2,Crude prevalence,46017
2022,SD,Butte,46019,Mammography use among women aged 50-74 years,74.3,Age-adjusted prevalence,46019
2022,SD,Butte,46019,Mammography use among women aged 50-74 years,75.6,Crude prevalence,46019
2022,SD,Campbell,46021,Mammography use among women aged 50-74 years,75.9,Age-adjusted prevalence,46021
2022,SD,Campbell,46021,Mammography use among women aged 50-74 years,76.1,Crude prevalence,46021
2022,SD,Charles Mix,46023,Mammography use among women aged 50-74 years,72.5,Age-adjusted prevalence,46023
2022,SD,Charles Mix,46023,Mammography use among women aged 50-74 years,72.9,Crude prevalence,46023
2022,SD,Clark,46025,Mammography use among women aged 50-74 years,77.1,Age-adjusted prevalence,46025
2022,SD,Clark,46025,Mammography use among women aged 50-74 years,79.8,Crude prevalence,46025
2022,SD,Clay,46027,Mammography use among women aged 50-74 years,72.5,Age-adjusted prevalence,46027
2022,SD,Clay,46027,Mammography use among women aged 50-74 years,73.5,Crude prevalence,46027
2022,SD,Codington,46029,Mammography use among women aged 50-74 years,80.3,Age-adjusted prevalence,46029
2022,SD,Codington,46029,Mammography use among women aged 50-74 years,81.0,Crude prevalence,46029
2022,SD,Corson,46031,Mammography use among women aged 50-74 years,71.2,Age-adjusted prevalence,46031
2022,SD,Corson,46031,Mammography use among women aged 50-74 years,72.6,Crude prevalence,46031
2022,SD,Custer,46033,Mammography use among women aged 50-74 years,75.2,Age-adjusted prevalence,46033
2022,SD,Custer,46033,Mammography use among women aged 50-74 years,77.3,Crude prevalence,46033
2022,SD,Davison,46035,Mammography use among women aged 50-74 years,75.0,Age-adjusted prevalence,46035
2022,SD,Davison,46035,Mammography use among women aged 50-74 years,75.6,Crude prevalence,46035
2022,SD,Day,46037,Mammography use among women aged 50-74 years,77.1,Age-adjusted prevalence,46037
2022,SD,Day,46037,Mammography use among women aged 50-74 years,78.2,Crude prevalence,46037
2022,SD,Deuel,46039,Mammography use among women aged 50-74 years,78.6,Age-adjusted prevalence,46039
2022,SD,Deuel,46039,Mammography use among women aged 50-74 years,79.7,Crude prevalence,46039
2022,SD,Dewey,46041,Mammography use among women aged 50-74 years,69.5,Age-adjusted prevalence,46041
2022,SD,Dewey,46041,Mammography use among women aged 50-74 years,70.3,Crude prevalence,46041
2022,SD,Douglas,46043,Mammography use among women aged 50-74 years,75.0,Age-adjusted prevalence,46043
2022,SD,Douglas,46043,Mammography use among women aged 50-74 years,75.8,Crude prevalence,46043
2022,SD,Edmunds,46045,Mammography use among women aged 50-74 years,76.0,Age-adjusted prevalence,46045
2022,SD,Edmunds,46045,Mammography use among women aged 50-74 years,76.4,Crude prevalence,46045
2022,SD,Fall River,46047,Mammography use among women aged 50-74 years,74.5,Age-adjusted prevalence,46047
2022,SD,Fall River,46047,Mammography use among women aged 50-74 years,75.4,Crude prevalence,46047
2022,SD,Faulk,46049,Mammography use among women aged 50-74 years,72.2,Age-adjusted prevalence,46049
2022,SD,Faulk,46049,Mammography use among women aged 50-74 years,73.2,Crude prevalence,46049
2022,SD,Grant,46051,Mammography use among women aged 50-74 years,78.2,Age-adjusted prevalence,46051
2022,SD,Grant,46051,Mammography use among women aged 50-74 years,79.8,Crude prevalence,46051
2022,SD,Gregory,46053,Mammography use among women aged 50-74 years,74.0,Age-adjusted prevalence,46053
2022,SD,Gregory,46053,Mammography use among women aged 50-74 years,75.3,Crude prevalence,46053
2022,SD,Haakon,46055,Mammography use among women aged 50-74 years,74.3,Age-adjusted prevalence,46055
2022,SD,Haakon,46055,Mammography use among women aged 50-74 years,75.5,Crude prevalence,46055
2022,SD,Hamlin,46057,Mammography use among women aged 50-74 years,78.0,Age-adjusted prevalence,46057
2022,SD,Hamlin,46057,Mammography use among women aged 50-74 years,77.9,Crude prevalence,46057
2022,SD,Hand,46059,Mammography use among women aged 50-74 years,77.1,Age-adjusted prevalence,46059
2022,SD,Hand,46059,Mammography use among women aged 50-74 years,77.6,Crude prevalence,46059
2022,SD,Hanson,46061,Mammography use among women aged 50-74 years,77.3,Age-adjusted prevalence,46061
2022,SD,Hanson,46061,Mammography use among women aged 50-74 years,78.5,Crude prevalence,46061
2022,SD,Harding,46063,Mammography use among women aged 50-74 years,76.7,Age-adjusted prevalence,46063
2022,SD,Harding,46063,Mammography use among women aged 50-74 years,76.9,Crude prevalence,46063
2022,SD,Hughes,46065,Mammography use among women aged 50-74 years,75.8,Age-adjusted prevalence,46065
2022,SD,Hughes,46065,Mammography use among women aged 50-74 years,76.6,Crude prevalence,46065
2022,SD,Hutchinson,46067,Mammography use among women aged 50-74 years,73.1,Age-adjusted prevalence,46067
2022,SD,Hutchinson,46067,Mammography use among women aged 50-74 years,73.8,Crude prevalence,46067
2022,SD,Hyde,46069,Mammography use among women aged 50-74 years,77.2,Age-adjusted prevalence,46069
2022,SD,Hyde,46069,Mammography use among women aged 50-74 years,78.0,Crude prevalence,46069
2022,SD,Jackson,46071,Mammography use among women aged 50-74 years,65.5,Age-adjusted prevalence,46071
2022,SD,Jackson,46071,Mammography use among women aged 50-74 years,65.9,Crude prevalence,46071
2022,SD,Jerauld,46073,Mammography use among women aged 50-74 years,77.6,Age-adjusted prevalence,46073
2022,SD,Jerauld,46073,Mammography use among women aged 50-74 years,79.7,Crude prevalence,46073
2022,SD,Jones,46075,Mammography use among women aged 50-74 years,77.2,Age-adjusted prevalence,46075
2022,SD,Jones,46075,Mammography use among women aged 50-74 years,77.4,Crude prevalence,46075
2022,SD,Kingsbury,46077,Mammography use among women aged 50-74 years,80.0,Age-adjusted prevalence,46077
2022,SD,Kingsbury,46077,Mammography use among women aged 50-74 years,80.6,Crude prevalence,46077
2022,SD,Lake,46079,Mammography use among women aged 50-74 years,78.7,Age-adjusted prevalence,46079
2022,SD,Lake,46079,Mammography use among women aged 50-74 years,78.6,Crude prevalence,46079
2022,SD,Lawrence,46081,Mammography use among women aged 50-74 years,75.0,Age-adjusted prevalence,46081
2022,SD,Lawrence,46081,Mammography use among women aged 50-74 years,76.0,Crude prevalence,46081
2022,SD,Lincoln,46083,Mammography use among women aged 50-74 years,79.3,Age-adjusted prevalence,46083
2022,SD,Lincoln,46083,Mammography use among women aged 50-74 years,79.6,Crude prevalence,46083
2022,SD,Lyman,46085,Mammography use among women aged 50-74 years,70.3,Age-adjusted prevalence,46085
2022,SD,Lyman,46085,Mammography use among women aged 50-74 years,71.6,Crude prevalence,46085
2022,SD,McCook,46087,Mammography use among women aged 50-74 years,76.3,Age-adjusted prevalence,46087
2022,SD,McCook,46087,Mammography use among women aged 50-74 years,77.5,Crude prevalence,46087
2022,SD,McPherson,46089,Mammography use among women aged 50-74 years,76.8,Age-adjusted prevalence,46089
2022,SD,McPherson,46089,Mammography use among women aged 50-74 years,77.2,Crude prevalence,46089
2022,SD,Marshall,46091,Mammography use among women aged 50-74 years,78.7,Age-adjusted prevalence,46091
2022,SD,Marshall,46091,Mammography use among women aged 50-74 years,79.3,Crude prevalence,46091
2022,SD,Meade,46093,Mammography use among women aged 50-74 years,75.3,Age-adjusted prevalence,46093
2022,SD,Meade,46093,Mammography use among women aged 50-74 years,75.8,Crude prevalence,46093
2022,SD,Mellette,46095,Mammography use among women aged 50-74 years,67.0,Age-adjusted prevalence,46095
2022,SD,Mellette,46095,Mammography use among women aged 50-74 years,67.1,Crude prevalence,46095
2022,SD,Miner,46097,Mammography use among women aged 50-74 years,77.6,Age-adjusted prevalence,46097
2022,SD,Miner,46097,Mammography use among women aged 50-74 years,78.6,Crude prevalence,46097
2022,SD,Minnehaha,46099,Mammography use among women aged 50-74 years,76.3,Age-adjusted prevalence,46099
2022,SD,Minnehaha,46099,Mammography use among women aged 50-74 years,75.8,Crude prevalence,46099
2022,SD,Moody,46101,Mammography use among women aged 50-74 years,78.2,Age-adjusted prevalence,46101
2022,SD,Moody,46101,Mammography use among women aged 50-74 years,78.7,Crude prevalence,46101
2022,SD,Oglala Lakota,46102,Mammography use among women aged 50-74 years,58.2,Age-adjusted prevalence,46102
2022,SD,Oglala Lakota,46102,Mammography use among women aged 50-74 years,58.5,Crude prevalence,46102
2022,SD,Pennington,46103,Mammography use among women aged 50-74 years,76.2,Age-adjusted prevalence,46103
2022,SD,Pennington,46103,Mammography use among women aged 50-74 years,76.6,Crude prevalence,46103
2022,SD,Perkins,46105,Mammography use among women aged 50-74 years,73.2,Age-adjusted prevalence,46105
2022,SD,Perkins,46105,Mammography use among women aged 50-74 years,75.6,Crude prevalence,46105
2022,SD,Potter,46107,Mammography use among women aged 50-74 years,78.2,Age-adjusted prevalence,46107
2022,SD,Potter,46107,Mammography use among women aged 50-74 years,79.8,Crude prevalence,46107
2022,SD,Roberts,46109,Mammography use among women aged 50-74 years,70.6,Age-adjusted prevalence,46109
2022,SD,Roberts,46109,Mammography use among women aged 50-74 years,71.8,Crude prevalence,46109
2022,SD,Sanborn,46111,Mammography use among women aged 50-74 years,76.2,Age-adjusted prevalence,46111
2022,SD,Sanborn,46111,Mammography use among women aged 50-74 years,77.1,Crude prevalence,46111
2022,SD,Spink,46115,Mammography use among women aged 50-74 years,77.1,Age-adjusted prevalence,46115
2022,SD,Spink,46115,Mammography use among women aged 50-74 years,77.7,Crude prevalence,46115
2022,SD,Stanley,46117,Mammography use among women aged 50-74 years,76.3,Age-adjusted prevalence,46117
2022,SD,Stanley,46117,Mammography use among women aged 50-74 years,77.3,Crude prevalence,46117
2022,SD,Sully,46119,Mammography use among women aged 50-74 years,78.9,Age-adjusted prevalence,46119
2022,SD,Sully,46119,Mammography use among women aged 50-74 years,79.8,Crude prevalence,46119
2022,SD,Todd,46121,Mammography use among women aged 50-74 years,67.9,Age-adjusted prevalence,46121
2022,SD,Todd,46121,Mammography use among women aged 50-74 years,68.3,Crude prevalence,46121
2022,SD,Tripp,46123,Mammography use among women aged 50-74 years,74.4,Age-adjusted prevalence,46123
2022,SD,Tripp,46123,Mammography use among women aged 50-74 years,75.6,Crude prevalence,46123
2022,SD,Turner,46125,Mammography use among women aged 50-74 years,79.0,Age-adjusted prevalence,46125
2022,SD,Turner,46125,Mammography use among women aged 50-74 years,79.2,Crude prevalence,46125
2022,SD,Union,46127,Mammography use among women aged 50-74 years,77.4,Age-adjusted prevalence,46127
2022,SD,Union,46127,Mammography use among women aged 50-74 years,79.2,Crude prevalence,46127
2022,SD,Walworth,46129,Mammography use among women aged 50-74 years,74.9,Age-adjusted prevalence,46129
2022,SD,Walworth,46129,Mammography use among women aged 50-74 years,76.7,Crude prevalence,46129
2022,SD,Yankton,46135,Mammography use among women aged 50-74 years,78.2,Age-adjusted prevalence,46135
2022,SD,Yankton,46135,Mammography use among women aged 50-74 years,78.4,Crude prevalence,46135
2022,SD,Ziebach,46137,Mammography use among women aged 50-74 years,70.3,Age-adjusted prevalence,46137
2022,SD,Ziebach,46137,Mammography use among women aged 50-74 years,70.9,Crude prevalence,46137
2022,TN,Anderson,47001,Mammography use among women aged 50-74 years,71.5,Age-adjusted prevalence,47001
2022,TN,Anderson,47001,Mammography use among women aged 50-74 years,72.3,Crude prevalence,47001
2022,TN,Bedford,47003,Mammography use among women aged 50-74 years,68.7,Age-adjusted prevalence,47003
2022,TN,Bedford,47003,Mammography use among women aged 50-74 years,68.6,Crude prevalence,47003
2022,TN,Benton,47005,Mammography use among women aged 50-74 years,67.4,Age-adjusted prevalence,47005
2022,TN,Benton,47005,Mammography use among women aged 50-74 years,68.7,Crude prevalence,47005
2022,TN,Bledsoe,47007,Mammography use among women aged 50-74 years,67.1,Age-adjusted prevalence,47007
2022,TN,Bledsoe,47007,Mammography use among women aged 50-74 years,69.1,Crude prevalence,47007
2022,TN,Blount,47009,Mammography use among women aged 50-74 years,77.0,Age-adjusted prevalence,47009
2022,TN,Blount,47009,Mammography use among women aged 50-74 years,77.7,Crude prevalence,47009
2022,TN,Bradley,47011,Mammography use among women aged 50-74 years,71.6,Age-adjusted prevalence,47011
2022,TN,Bradley,47011,Mammography use among women aged 50-74 years,72.7,Crude prevalence,47011
2022,TN,Campbell,47013,Mammography use among women aged 50-74 years,71.2,Age-adjusted prevalence,47013
2022,TN,Campbell,47013,Mammography use among women aged 50-74 years,72.1,Crude prevalence,47013
2022,TN,Cannon,47015,Mammography use among women aged 50-74 years,72.1,Age-adjusted prevalence,47015
2022,TN,Cannon,47015,Mammography use among women aged 50-74 years,72.9,Crude prevalence,47015
2022,TN,Carroll,47017,Mammography use among women aged 50-74 years,72.0,Age-adjusted prevalence,47017
2022,TN,Carroll,47017,Mammography use among women aged 50-74 years,72.6,Crude prevalence,47017
2022,TN,Carter,47019,Mammography use among women aged 50-74 years,69.4,Age-adjusted prevalence,47019
2022,TN,Carter,47019,Mammography use among women aged 50-74 years,70.0,Crude prevalence,47019
2022,TN,Cheatham,47021,Mammography use among women aged 50-74 years,72.7,Age-adjusted prevalence,47021
2022,TN,Cheatham,47021,Mammography use among women aged 50-74 years,73.0,Crude prevalence,47021
2022,TN,Chester,47023,Mammography use among women aged 50-74 years,72.3,Age-adjusted prevalence,47023
2022,TN,Chester,47023,Mammography use among women aged 50-74 years,72.6,Crude prevalence,47023
2022,TN,Claiborne,47025,Mammography use among women aged 50-74 years,64.2,Age-adjusted prevalence,47025
2022,TN,Claiborne,47025,Mammography use among women aged 50-74 years,65.3,Crude prevalence,47025
2022,TN,Clay,47027,Mammography use among women aged 50-74 years,71.7,Age-adjusted prevalence,47027
2022,TN,Clay,47027,Mammography use among women aged 50-74 years,72.4,Crude prevalence,47027
2022,TN,Cocke,47029,Mammography use among women aged 50-74 years,69.2,Age-adjusted prevalence,47029
2022,TN,Cocke,47029,Mammography use among women aged 50-74 years,70.2,Crude prevalence,47029
2022,TN,Coffee,47031,Mammography use among women aged 50-74 years,68.0,Age-adjusted prevalence,47031
2022,TN,Coffee,47031,Mammography use among women aged 50-74 years,69.2,Crude prevalence,47031
2022,TN,Crockett,47033,Mammography use among women aged 50-74 years,73.0,Age-adjusted prevalence,47033
2022,TN,Crockett,47033,Mammography use among women aged 50-74 years,73.8,Crude prevalence,47033
2022,TN,Cumberland,47035,Mammography use among women aged 50-74 years,72.6,Age-adjusted prevalence,47035
2022,TN,Cumberland,47035,Mammography use among women aged 50-74 years,74.1,Crude prevalence,47035
2022,TN,Davidson,47037,Mammography use among women aged 50-74 years,78.3,Age-adjusted prevalence,47037
2022,TN,Davidson,47037,Mammography use among women aged 50-74 years,78.9,Crude prevalence,47037
2022,TN,Decatur,47039,Mammography use among women aged 50-74 years,72.4,Age-adjusted prevalence,47039
2022,TN,Decatur,47039,Mammography use among women aged 50-74 years,73.3,Crude prevalence,47039
2022,TN,DeKalb,47041,Mammography use among women aged 50-74 years,68.7,Age-adjusted prevalence,47041
2022,TN,DeKalb,47041,Mammography use among women aged 50-74 years,69.5,Crude prevalence,47041
2022,TN,Dickson,47043,Mammography use among women aged 50-74 years,76.1,Age-adjusted prevalence,47043
2022,TN,Dickson,47043,Mammography use among women aged 50-74 years,76.0,Crude prevalence,47043
2022,TN,Dyer,47045,Mammography use among women aged 50-74 years,74.2,Age-adjusted prevalence,47045
2022,TN,Dyer,47045,Mammography use among women aged 50-74 years,74.7,Crude prevalence,47045
2022,TN,Fayette,47047,Mammography use among women aged 50-74 years,76.2,Age-adjusted prevalence,47047
2022,TN,Fayette,47047,Mammography use among women aged 50-74 years,76.5,Crude prevalence,47047
2022,TN,Fentress,47049,Mammography use among women aged 50-74 years,71.2,Age-adjusted prevalence,47049
2022,TN,Fentress,47049,Mammography use among women aged 50-74 years,71.3,Crude prevalence,47049
2022,TN,Franklin,47051,Mammography use among women aged 50-74 years,72.8,Age-adjusted prevalence,47051
2022,TN,Franklin,47051,Mammography use among women aged 50-74 years,74.0,Crude prevalence,47051
2022,TN,Gibson,47053,Mammography use among women aged 50-74 years,74.0,Age-adjusted prevalence,47053
2022,TN,Gibson,47053,Mammography use among women aged 50-74 years,74.0,Crude prevalence,47053
2022,TN,Giles,47055,Mammography use among women aged 50-74 years,69.0,Age-adjusted prevalence,47055
2022,TN,Giles,47055,Mammography use among women aged 50-74 years,70.3,Crude prevalence,47055
2022,TN,Grainger,47057,Mammography use among women aged 50-74 years,69.3,Age-adjusted prevalence,47057
2022,TN,Grainger,47057,Mammography use among women aged 50-74 years,70.0,Crude prevalence,47057
2022,TN,Greene,47059,Mammography use among women aged 50-74 years,74.6,Age-adjusted prevalence,47059
2022,TN,Greene,47059,Mammography use among women aged 50-74 years,75.3,Crude prevalence,47059
2022,TN,Grundy,47061,Mammography use among women aged 50-74 years,69.4,Age-adjusted prevalence,47061
2022,TN,Grundy,47061,Mammography use among women aged 50-74 years,70.3,Crude prevalence,47061
2022,TN,Hamblen,47063,Mammography use among women aged 50-74 years,69.3,Age-adjusted prevalence,47063
2022,TN,Hamblen,47063,Mammography use among women aged 50-74 years,69.2,Crude prevalence,47063
2022,TN,Hamilton,47065,Mammography use among women aged 50-74 years,75.9,Age-adjusted prevalence,47065
2022,TN,Hamilton,47065,Mammography use among women aged 50-74 years,75.6,Crude prevalence,47065
2022,TN,Hancock,47067,Mammography use among women aged 50-74 years,66.1,Age-adjusted prevalence,47067
2022,TN,Hancock,47067,Mammography use among women aged 50-74 years,67.0,Crude prevalence,47067
2022,TN,Hardeman,47069,Mammography use among women aged 50-74 years,71.8,Age-adjusted prevalence,47069
2022,TN,Hardeman,47069,Mammography use among women aged 50-74 years,73.1,Crude prevalence,47069
2022,TN,Hardin,47071,Mammography use among women aged 50-74 years,66.4,Age-adjusted prevalence,47071
2022,TN,Hardin,47071,Mammography use among women aged 50-74 years,67.4,Crude prevalence,47071
2022,TN,Hawkins,47073,Mammography use among women aged 50-74 years,74.6,Age-adjusted prevalence,47073
2022,TN,Hawkins,47073,Mammography use among women aged 50-74 years,74.7,Crude prevalence,47073
2022,TN,Haywood,47075,Mammography use among women aged 50-74 years,76.4,Age-adjusted prevalence,47075
2022,TN,Haywood,47075,Mammography use among women aged 50-74 years,76.9,Crude prevalence,47075
2022,TN,Henderson,47077,Mammography use among women aged 50-74 years,67.2,Age-adjusted prevalence,47077
2022,TN,Henderson,47077,Mammography use among women aged 50-74 years,68.5,Crude prevalence,47077
2022,TN,Henry,47079,Mammography use among women aged 50-74 years,70.9,Age-adjusted prevalence,47079
2022,TN,Henry,47079,Mammography use among women aged 50-74 years,72.1,Crude prevalence,47079
2022,TN,Hickman,47081,Mammography use among women aged 50-74 years,74.2,Age-adjusted prevalence,47081
2022,TN,Hickman,47081,Mammography use among women aged 50-74 years,75.1,Crude prevalence,47081
2022,TN,Houston,47083,Mammography use among women aged 50-74 years,72.1,Age-adjusted prevalence,47083
2022,TN,Houston,47083,Mammography use among women aged 50-74 years,72.6,Crude prevalence,47083
2022,TN,Humphreys,47085,Mammography use among women aged 50-74 years,72.5,Age-adjusted prevalence,47085
2022,TN,Humphreys,47085,Mammography use among women aged 50-74 years,72.0,Crude prevalence,47085
2022,TN,Jackson,47087,Mammography use among women aged 50-74 years,71.1,Age-adjusted prevalence,47087
2022,TN,Jackson,47087,Mammography use among women aged 50-74 years,71.2,Crude prevalence,47087
2022,TN,Jefferson,47089,Mammography use among women aged 50-74 years,76.3,Age-adjusted prevalence,47089
2022,TN,Jefferson,47089,Mammography use among women aged 50-74 years,76.4,Crude prevalence,47089
2022,TN,Johnson,47091,Mammography use among women aged 50-74 years,71.8,Age-adjusted prevalence,47091
2022,TN,Johnson,47091,Mammography use among women aged 50-74 years,73.2,Crude prevalence,47091
2022,TN,Knox,47093,Mammography use among women aged 50-74 years,76.5,Age-adjusted prevalence,47093
2022,TN,Knox,47093,Mammography use among women aged 50-74 years,76.2,Crude prevalence,47093
2022,TN,Lake,47095,Mammography use among women aged 50-74 years,69.1,Age-adjusted prevalence,47095
2022,TN,Lake,47095,Mammography use among women aged 50-74 years,69.5,Crude prevalence,47095
2022,TN,Lauderdale,47097,Mammography use among women aged 50-74 years,71.8,Age-adjusted prevalence,47097
2022,TN,Lauderdale,47097,Mammography use among women aged 50-74 years,72.0,Crude prevalence,47097
2022,TN,Lawrence,47099,Mammography use among women aged 50-74 years,69.4,Age-adjusted prevalence,47099
2022,TN,Lawrence,47099,Mammography use among women aged 50-74 years,70.8,Crude prevalence,47099
2022,TN,Lewis,47101,Mammography use among women aged 50-74 years,67.2,Age-adjusted prevalence,47101
2022,TN,Lewis,47101,Mammography use among women aged 50-74 years,68.0,Crude prevalence,47101
2022,TN,Lincoln,47103,Mammography use among women aged 50-74 years,73.8,Age-adjusted prevalence,47103
2022,TN,Lincoln,47103,Mammography use among women aged 50-74 years,74.8,Crude prevalence,47103
2022,TN,Loudon,47105,Mammography use among women aged 50-74 years,71.6,Age-adjusted prevalence,47105
2022,TN,Loudon,47105,Mammography use among women aged 50-74 years,72.6,Crude prevalence,47105
2022,TN,McMinn,47107,Mammography use among women aged 50-74 years,69.4,Age-adjusted prevalence,47107
2022,TN,McMinn,47107,Mammography use among women aged 50-74 years,70.7,Crude prevalence,47107
2022,TN,McNairy,47109,Mammography use among women aged 50-74 years,70.1,Age-adjusted prevalence,47109
2022,TN,McNairy,47109,Mammography use among women aged 50-74 years,70.8,Crude prevalence,47109
2022,TN,Macon,47111,Mammography use among women aged 50-74 years,71.9,Age-adjusted prevalence,47111
2022,TN,Macon,47111,Mammography use among women aged 50-74 years,72.2,Crude prevalence,47111
2022,TN,Madison,47113,Mammography use among women aged 50-74 years,77.6,Age-adjusted prevalence,47113
2022,TN,Madison,47113,Mammography use among women aged 50-74 years,78.2,Crude prevalence,47113
2022,TN,Marion,47115,Mammography use among women aged 50-74 years,72.8,Age-adjusted prevalence,47115
2022,TN,Marion,47115,Mammography use among women aged 50-74 years,73.4,Crude prevalence,47115
2022,TN,Marshall,47117,Mammography use among women aged 50-74 years,72.4,Age-adjusted prevalence,47117
2022,TN,Marshall,47117,Mammography use among women aged 50-74 years,72.7,Crude prevalence,47117
2022,TN,Maury,47119,Mammography use among women aged 50-74 years,76.2,Age-adjusted prevalence,47119
2022,TN,Maury,47119,Mammography use among women aged 50-74 years,76.7,Crude prevalence,47119
2022,TN,Meigs,47121,Mammography use among women aged 50-74 years,69.6,Age-adjusted prevalence,47121
2022,TN,Meigs,47121,Mammography use among women aged 50-74 years,70.8,Crude prevalence,47121
2022,TN,Monroe,47123,Mammography use among women aged 50-74 years,72.9,Age-adjusted prevalence,47123
2022,TN,Monroe,47123,Mammography use among women aged 50-74 years,73.8,Crude prevalence,47123
2022,TN,Montgomery,47125,Mammography use among women aged 50-74 years,74.8,Age-adjusted prevalence,47125
2022,TN,Montgomery,47125,Mammography use among women aged 50-74 years,75.3,Crude prevalence,47125
2022,TN,Moore,47127,Mammography use among women aged 50-74 years,72.1,Age-adjusted prevalence,47127
2022,TN,Moore,47127,Mammography use among women aged 50-74 years,72.8,Crude prevalence,47127
2022,TN,Morgan,47129,Mammography use among women aged 50-74 years,68.0,Age-adjusted prevalence,47129
2022,TN,Morgan,47129,Mammography use among women aged 50-74 years,68.6,Crude prevalence,47129
2022,TN,Obion,47131,Mammography use among women aged 50-74 years,72.1,Age-adjusted prevalence,47131
2022,TN,Obion,47131,Mammography use among women aged 50-74 years,72.8,Crude prevalence,47131
2022,TN,Overton,47133,Mammography use among women aged 50-74 years,71.8,Age-adjusted prevalence,47133
2022,TN,Overton,47133,Mammography use among women aged 50-74 years,72.9,Crude prevalence,47133
2022,TN,Perry,47135,Mammography use among women aged 50-74 years,69.6,Age-adjusted prevalence,47135
2022,TN,Perry,47135,Mammography use among women aged 50-74 years,71.5,Crude prevalence,47135
2022,TN,Pickett,47137,Mammography use among women aged 50-74 years,69.2,Age-adjusted prevalence,47137
2022,TN,Pickett,47137,Mammography use among women aged 50-74 years,71.1,Crude prevalence,47137
2022,TN,Polk,47139,Mammography use among women aged 50-74 years,72.1,Age-adjusted prevalence,47139
2022,TN,Polk,47139,Mammography use among women aged 50-74 years,72.6,Crude prevalence,47139
2022,TN,Putnam,47141,Mammography use among women aged 50-74 years,68.0,Age-adjusted prevalence,47141
2022,TN,Putnam,47141,Mammography use among women aged 50-74 years,67.8,Crude prevalence,47141
2022,TN,Rhea,47143,Mammography use among women aged 50-74 years,75.7,Age-adjusted prevalence,47143
2022,TN,Rhea,47143,Mammography use among women aged 50-74 years,75.6,Crude prevalence,47143
2022,TN,Roane,47145,Mammography use among women aged 50-74 years,72.5,Age-adjusted prevalence,47145
2022,TN,Roane,47145,Mammography use among women aged 50-74 years,73.3,Crude prevalence,47145
2022,TN,Robertson,47147,Mammography use among women aged 50-74 years,71.9,Age-adjusted prevalence,47147
2022,TN,Robertson,47147,Mammography use among women aged 50-74 years,72.8,Crude prevalence,47147
2022,TN,Rutherford,47149,Mammography use among women aged 50-74 years,75.7,Age-adjusted prevalence,47149
2022,TN,Rutherford,47149,Mammography use among women aged 50-74 years,75.8,Crude prevalence,47149
2022,TN,Scott,47151,Mammography use among women aged 50-74 years,69.8,Age-adjusted prevalence,47151
2022,TN,Scott,47151,Mammography use among women aged 50-74 years,70.3,Crude prevalence,47151
2022,TN,Sequatchie,47153,Mammography use among women aged 50-74 years,71.6,Age-adjusted prevalence,47153
2022,TN,Sequatchie,47153,Mammography use among women aged 50-74 years,72.2,Crude prevalence,47153
2022,TN,Sevier,47155,Mammography use among women aged 50-74 years,70.2,Age-adjusted prevalence,47155
2022,TN,Sevier,47155,Mammography use among women aged 50-74 years,71.5,Crude prevalence,47155
2022,TN,Shelby,47157,Mammography use among women aged 50-74 years,78.3,Age-adjusted prevalence,47157
2022,TN,Shelby,47157,Mammography use among women aged 50-74 years,79.1,Crude prevalence,47157
2022,TN,Smith,47159,Mammography use among women aged 50-74 years,74.4,Age-adjusted prevalence,47159
2022,TN,Smith,47159,Mammography use among women aged 50-74 years,74.7,Crude prevalence,47159
2022,TN,Stewart,47161,Mammography use among women aged 50-74 years,73.2,Age-adjusted prevalence,47161
2022,TN,Stewart,47161,Mammography use among women aged 50-74 years,73.0,Crude prevalence,47161
2022,TN,Sullivan,47163,Mammography use among women aged 50-74 years,73.3,Age-adjusted prevalence,47163
2022,TN,Sullivan,47163,Mammography use among women aged 50-74 years,73.9,Crude prevalence,47163
2022,TN,Sumner,47165,Mammography use among women aged 50-74 years,74.3,Age-adjusted prevalence,47165
2022,TN,Sumner,47165,Mammography use among women aged 50-74 years,74.2,Crude prevalence,47165
2022,TN,Tipton,47167,Mammography use among women aged 50-74 years,75.6,Age-adjusted prevalence,47167
2022,TN,Tipton,47167,Mammography use among women aged 50-74 years,75.8,Crude prevalence,47167
2022,TN,Trousdale,47169,Mammography use among women aged 50-74 years,73.7,Age-adjusted prevalence,47169
2022,TN,Trousdale,47169,Mammography use among women aged 50-74 years,74.4,Crude prevalence,47169
2022,TN,Unicoi,47171,Mammography use among women aged 50-74 years,65.4,Age-adjusted prevalence,47171
2022,TN,Unicoi,47171,Mammography use among women aged 50-74 years,67.5,Crude prevalence,47171
2022,TN,Union,47173,Mammography use among women aged 50-74 years,70.8,Age-adjusted prevalence,47173
2022,TN,Union,47173,Mammography use among women aged 50-74 years,71.0,Crude prevalence,47173
2022,TN,Van Buren,47175,Mammography use among women aged 50-74 years,68.1,Age-adjusted prevalence,47175
2022,TN,Van Buren,47175,Mammography use among women aged 50-74 years,69.3,Crude prevalence,47175
2022,TN,Warren,47177,Mammography use among women aged 50-74 years,70.7,Age-adjusted prevalence,47177
2022,TN,Warren,47177,Mammography use among women aged 50-74 years,71.2,Crude prevalence,47177
2022,TN,Washington,47179,Mammography use among women aged 50-74 years,71.7,Age-adjusted prevalence,47179
2022,TN,Washington,47179,Mammography use among women aged 50-74 years,72.3,Crude prevalence,47179
2022,TN,Wayne,47181,Mammography use among women aged 50-74 years,72.2,Age-adjusted prevalence,47181
2022,TN,Wayne,47181,Mammography use among women aged 50-74 years,72.5,Crude prevalence,47181
2022,TN,Weakley,47183,Mammography use among women aged 50-74 years,72.9,Age-adjusted prevalence,47183
2022,TN,Weakley,47183,Mammography use among women aged 50-74 years,73.6,Crude prevalence,47183
2022,TN,White,47185,Mammography use among women aged 50-74 years,68.2,Age-adjusted prevalence,47185
2022,TN,White,47185,Mammography use among women aged 50-74 years,68.3,Crude prevalence,47185
2022,TN,Williamson,47187,Mammography use among women aged 50-74 years,80.1,Age-adjusted prevalence,47187
2022,TN,Williamson,47187,Mammography use among women aged 50-74 years,80.2,Crude prevalence,47187
2022,TN,Wilson,47189,Mammography use among women aged 50-74 years,75.4,Age-adjusted prevalence,47189
2022,TN,Wilson,47189,Mammography use among women aged 50-74 years,75.6,Crude prevalence,47189
2022,TX,Anderson,48001,Mammography use among women aged 50-74 years,70.9,Age-adjusted prevalence,48001
2022,TX,Anderson,48001,Mammography use among women aged 50-74 years,71.4,Crude prevalence,48001
2022,TX,Andrews,48003,Mammography use among women aged 50-74 years,71.6,Age-adjusted prevalence,48003
2022,TX,Andrews,48003,Mammography use among women aged 50-74 years,71.6,Crude prevalence,48003
2022,TX,Angelina,48005,Mammography use among women aged 50-74 years,74.9,Age-adjusted prevalence,48005
2022,TX,Angelina,48005,Mammography use among women aged 50-74 years,75.0,Crude prevalence,48005
2022,TX,Aransas,48007,Mammography use among women aged 50-74 years,70.8,Age-adjusted prevalence,48007
2022,TX,Aransas,48007,Mammography use among women aged 50-74 years,71.5,Crude prevalence,48007
2022,TX,Archer,48009,Mammography use among women aged 50-74 years,73.2,Age-adjusted prevalence,48009
2022,TX,Archer,48009,Mammography use among women aged 50-74 years,73.8,Crude prevalence,48009
2022,TX,Armstrong,48011,Mammography use among women aged 50-74 years,69.9,Age-adjusted prevalence,48011
2022,TX,Armstrong,48011,Mammography use among women aged 50-74 years,70.2,Crude prevalence,48011
2022,TX,Atascosa,48013,Mammography use among women aged 50-74 years,71.2,Age-adjusted prevalence,48013
2022,TX,Atascosa,48013,Mammography use among women aged 50-74 years,71.4,Crude prevalence,48013
2022,TX,Austin,48015,Mammography use among women aged 50-74 years,69.2,Age-adjusted prevalence,48015
2022,TX,Austin,48015,Mammography use among women aged 50-74 years,69.8,Crude prevalence,48015
2022,TX,Bailey,48017,Mammography use among women aged 50-74 years,69.1,Age-adjusted prevalence,48017
2022,TX,Bailey,48017,Mammography use among women aged 50-74 years,69.3,Crude prevalence,48017
2022,TX,Bandera,48019,Mammography use among women aged 50-74 years,71.8,Age-adjusted prevalence,48019
2022,TX,Bandera,48019,Mammography use among women aged 50-74 years,72.6,Crude prevalence,48019
2022,TX,Bastrop,48021,Mammography use among women aged 50-74 years,69.3,Age-adjusted prevalence,48021
2022,TX,Bastrop,48021,Mammography use among women aged 50-74 years,69.6,Crude prevalence,48021
2022,TX,Baylor,48023,Mammography use among women aged 50-74 years,74.9,Age-adjusted prevalence,48023
2022,TX,Baylor,48023,Mammography use among women aged 50-74 years,75.0,Crude prevalence,48023
2022,TX,Bee,48025,Mammography use among women aged 50-74 years,69.6,Age-adjusted prevalence,48025
2022,TX,Bee,48025,Mammography use among women aged 50-74 years,70.4,Crude prevalence,48025
2022,TX,Bell,48027,Mammography use among women aged 50-74 years,74.9,Age-adjusted prevalence,48027
2022,TX,Bell,48027,Mammography use among women aged 50-74 years,75.3,Crude prevalence,48027
2022,TX,Bexar,48029,Mammography use among women aged 50-74 years,72.7,Age-adjusted prevalence,48029
2022,TX,Bexar,48029,Mammography use among women aged 50-74 years,73.0,Crude prevalence,48029
2022,TX,Blanco,48031,Mammography use among women aged 50-74 years,75.4,Age-adjusted prevalence,48031
2022,TX,Blanco,48031,Mammography use among women aged 50-74 years,75.3,Crude prevalence,48031
2022,TX,Borden,48033,Mammography use among women aged 50-74 years,77.8,Age-adjusted prevalence,48033
2022,TX,Borden,48033,Mammography use among women aged 50-74 years,77.8,Crude prevalence,48033
2022,TX,Bosque,48035,Mammography use among women aged 50-74 years,72.0,Age-adjusted prevalence,48035
2022,TX,Bosque,48035,Mammography use among women aged 50-74 years,72.6,Crude prevalence,48035
2022,TX,Bowie,48037,Mammography use among women aged 50-74 years,66.9,Age-adjusted prevalence,48037
2022,TX,Bowie,48037,Mammography use among women aged 50-74 years,67.8,Crude prevalence,48037
2022,TX,Brazoria,48039,Mammography use among women aged 50-74 years,73.4,Age-adjusted prevalence,48039
2022,TX,Brazoria,48039,Mammography use among women aged 50-74 years,73.6,Crude prevalence,48039
2022,TX,Brazos,48041,Mammography use among women aged 50-74 years,71.8,Age-adjusted prevalence,48041
2022,TX,Brazos,48041,Mammography use among women aged 50-74 years,72.3,Crude prevalence,48041
2022,TX,Brewster,48043,Mammography use among women aged 50-74 years,73.2,Age-adjusted prevalence,48043
2022,TX,Brewster,48043,Mammography use among women aged 50-74 years,73.5,Crude prevalence,48043
2022,TX,Briscoe,48045,Mammography use among women aged 50-74 years,67.5,Age-adjusted prevalence,48045
2022,TX,Briscoe,48045,Mammography use among women aged 50-74 years,68.1,Crude prevalence,48045
2022,TX,Brooks,48047,Mammography use among women aged 50-74 years,62.8,Age-adjusted prevalence,48047
2022,TX,Brooks,48047,Mammography use among women aged 50-74 years,64.1,Crude prevalence,48047
2022,TX,Brown,48049,Mammography use among women aged 50-74 years,70.6,Age-adjusted prevalence,48049
2022,TX,Brown,48049,Mammography use among women aged 50-74 years,71.5,Crude prevalence,48049
2022,TX,Burleson,48051,Mammography use among women aged 50-74 years,70.3,Age-adjusted prevalence,48051
2022,TX,Burleson,48051,Mammography use among women aged 50-74 years,70.5,Crude prevalence,48051
2022,TX,Burnet,48053,Mammography use among women aged 50-74 years,72.5,Age-adjusted prevalence,48053
2022,TX,Burnet,48053,Mammography use among women aged 50-74 years,72.9,Crude prevalence,48053
2022,TX,Caldwell,48055,Mammography use among women aged 50-74 years,68.3,Age-adjusted prevalence,48055
2022,TX,Caldwell,48055,Mammography use among women aged 50-74 years,68.8,Crude prevalence,48055
2022,TX,Calhoun,48057,Mammography use among women aged 50-74 years,71.0,Age-adjusted prevalence,48057
2022,TX,Calhoun,48057,Mammography use among women aged 50-74 years,72.4,Crude prevalence,48057
2022,TX,Callahan,48059,Mammography use among women aged 50-74 years,70.6,Age-adjusted prevalence,48059
2022,TX,Callahan,48059,Mammography use among women aged 50-74 years,72.6,Crude prevalence,48059
2022,TX,Cameron,48061,Mammography use among women aged 50-74 years,72.1,Age-adjusted prevalence,48061
2022,TX,Cameron,48061,Mammography use among women aged 50-74 years,72.5,Crude prevalence,48061
2022,TX,Camp,48063,Mammography use among women aged 50-74 years,69.1,Age-adjusted prevalence,48063
2022,TX,Camp,48063,Mammography use among women aged 50-74 years,69.6,Crude prevalence,48063
2022,TX,Carson,48065,Mammography use among women aged 50-74 years,73.3,Age-adjusted prevalence,48065
2022,TX,Carson,48065,Mammography use among women aged 50-74 years,73.6,Crude prevalence,48065
2022,TX,Cass,48067,Mammography use among women aged 50-74 years,69.4,Age-adjusted prevalence,48067
2022,TX,Cass,48067,Mammography use among women aged 50-74 years,70.6,Crude prevalence,48067
2022,TX,Castro,48069,Mammography use among women aged 50-74 years,68.7,Age-adjusted prevalence,48069
2022,TX,Castro,48069,Mammography use among women aged 50-74 years,69.3,Crude prevalence,48069
2022,TX,Chambers,48071,Mammography use among women aged 50-74 years,74.5,Age-adjusted prevalence,48071
2022,TX,Chambers,48071,Mammography use among women aged 50-74 years,74.5,Crude prevalence,48071
2022,TX,Cherokee,48073,Mammography use among women aged 50-74 years,68.1,Age-adjusted prevalence,48073
2022,TX,Cherokee,48073,Mammography use among women aged 50-74 years,68.9,Crude prevalence,48073
2022,TX,Childress,48075,Mammography use among women aged 50-74 years,68.5,Age-adjusted prevalence,48075
2022,TX,Childress,48075,Mammography use among women aged 50-74 years,69.3,Crude prevalence,48075
2022,TX,Clay,48077,Mammography use among women aged 50-74 years,72.0,Age-adjusted prevalence,48077
2022,TX,Clay,48077,Mammography use among women aged 50-74 years,73.5,Crude prevalence,48077
2022,TX,Cochran,48079,Mammography use among women aged 50-74 years,67.4,Age-adjusted prevalence,48079
2022,TX,Cochran,48079,Mammography use among women aged 50-74 years,68.6,Crude prevalence,48079
2022,TX,Coke,48081,Mammography use among women aged 50-74 years,68.4,Age-adjusted prevalence,48081
2022,TX,Coke,48081,Mammography use among women aged 50-74 years,68.6,Crude prevalence,48081
2022,TX,Coleman,48083,Mammography use among women aged 50-74 years,73.0,Age-adjusted prevalence,48083
2022,TX,Coleman,48083,Mammography use among women aged 50-74 years,74.6,Crude prevalence,48083
2022,TX,Collin,48085,Mammography use among women aged 50-74 years,78.7,Age-adjusted prevalence,48085
2022,TX,Collin,48085,Mammography use among women aged 50-74 years,78.6,Crude prevalence,48085
2022,TX,Collingsworth,48087,Mammography use among women aged 50-74 years,69.0,Age-adjusted prevalence,48087
2022,TX,Collingsworth,48087,Mammography use among women aged 50-74 years,69.7,Crude prevalence,48087
2022,TX,Colorado,48089,Mammography use among women aged 50-74 years,74.0,Age-adjusted prevalence,48089
2022,TX,Colorado,48089,Mammography use among women aged 50-74 years,74.5,Crude prevalence,48089
2022,TX,Comal,48091,Mammography use among women aged 50-74 years,70.3,Age-adjusted prevalence,48091
2022,TX,Comal,48091,Mammography use among women aged 50-74 years,70.9,Crude prevalence,48091
2022,TX,Comanche,48093,Mammography use among women aged 50-74 years,67.4,Age-adjusted prevalence,48093
2022,TX,Comanche,48093,Mammography use among women aged 50-74 years,68.8,Crude prevalence,48093
2022,TX,Concho,48095,Mammography use among women aged 50-74 years,67.6,Age-adjusted prevalence,48095
2022,TX,Concho,48095,Mammography use among women aged 50-74 years,69.0,Crude prevalence,48095
2022,TX,Cooke,48097,Mammography use among women aged 50-74 years,67.5,Age-adjusted prevalence,48097
2022,TX,Cooke,48097,Mammography use among women aged 50-74 years,69.4,Crude prevalence,48097
2022,TX,Coryell,48099,Mammography use among women aged 50-74 years,73.0,Age-adjusted prevalence,48099
2022,TX,Coryell,48099,Mammography use among women aged 50-74 years,73.1,Crude prevalence,48099
2022,TX,Cottle,48101,Mammography use among women aged 50-74 years,70.3,Age-adjusted prevalence,48101
2022,TX,Cottle,48101,Mammography use among women aged 50-74 years,70.1,Crude prevalence,48101
2022,TX,Crane,48103,Mammography use among women aged 50-74 years,70.3,Age-adjusted prevalence,48103
2022,TX,Crane,48103,Mammography use among women aged 50-74 years,70.6,Crude prevalence,48103
2022,TX,Crockett,48105,Mammography use among women aged 50-74 years,69.9,Age-adjusted prevalence,48105
2022,TX,Crockett,48105,Mammography use among women aged 50-74 years,70.3,Crude prevalence,48105
2022,TX,Crosby,48107,Mammography use among women aged 50-74 years,68.0,Age-adjusted prevalence,48107
2022,TX,Crosby,48107,Mammography use among women aged 50-74 years,68.3,Crude prevalence,48107
2022,TX,Culberson,48109,Mammography use among women aged 50-74 years,70.4,Age-adjusted prevalence,48109
2022,TX,Culberson,48109,Mammography use among women aged 50-74 years,70.6,Crude prevalence,48109
2022,TX,Dallam,48111,Mammography use among women aged 50-74 years,67.9,Age-adjusted prevalence,48111
2022,TX,Dallam,48111,Mammography use among women aged 50-74 years,68.3,Crude prevalence,48111
2022,TX,Dallas,48113,Mammography use among women aged 50-74 years,73.6,Age-adjusted prevalence,48113
2022,TX,Dallas,48113,Mammography use among women aged 50-74 years,73.9,Crude prevalence,48113
2022,TX,Dawson,48115,Mammography use among women aged 50-74 years,67.0,Age-adjusted prevalence,48115
2022,TX,Dawson,48115,Mammography use among women aged 50-74 years,67.3,Crude prevalence,48115
2022,TX,Deaf Smith,48117,Mammography use among women aged 50-74 years,65.0,Age-adjusted prevalence,48117
2022,TX,Deaf Smith,48117,Mammography use among women aged 50-74 years,65.7,Crude prevalence,48117
2022,TX,Delta,48119,Mammography use among women aged 50-74 years,72.5,Age-adjusted prevalence,48119
2022,TX,Delta,48119,Mammography use among women aged 50-74 years,72.4,Crude prevalence,48119
2022,TX,Denton,48121,Mammography use among women aged 50-74 years,79.2,Age-adjusted prevalence,48121
2022,TX,Denton,48121,Mammography use among women aged 50-74 years,79.2,Crude prevalence,48121
2022,TX,DeWitt,48123,Mammography use among women aged 50-74 years,68.9,Age-adjusted prevalence,48123
2022,TX,DeWitt,48123,Mammography use among women aged 50-74 years,69.7,Crude prevalence,48123
2022,TX,Dickens,48125,Mammography use among women aged 50-74 years,70.9,Age-adjusted prevalence,48125
2022,TX,Dickens,48125,Mammography use among women aged 50-74 years,72.9,Crude prevalence,48125
2022,TX,Dimmit,48127,Mammography use among women aged 50-74 years,61.6,Age-adjusted prevalence,48127
2022,TX,Dimmit,48127,Mammography use among women aged 50-74 years,62.2,Crude prevalence,48127
2022,TX,Donley,48129,Mammography use among women aged 50-74 years,73.4,Age-adjusted prevalence,48129
2022,TX,Donley,48129,Mammography use among women aged 50-74 years,73.8,Crude prevalence,48129
2022,TX,Duval,48131,Mammography use among women aged 50-74 years,72.1,Age-adjusted prevalence,48131
2022,TX,Duval,48131,Mammography use among women aged 50-74 years,71.8,Crude prevalence,48131
2022,TX,Eastland,48133,Mammography use among women aged 50-74 years,70.1,Age-adjusted prevalence,48133
2022,TX,Eastland,48133,Mammography use among women aged 50-74 years,70.7,Crude prevalence,48133
2022,TX,Ector,48135,Mammography use among women aged 50-74 years,72.5,Age-adjusted prevalence,48135
2022,TX,Ector,48135,Mammography use among women aged 50-74 years,72.5,Crude prevalence,48135
2022,TX,Edwards,48137,Mammography use among women aged 50-74 years,65.8,Age-adjusted prevalence,48137
2022,TX,Edwards,48137,Mammography use among women aged 50-74 years,67.3,Crude prevalence,48137
2022,TX,Ellis,48139,Mammography use among women aged 50-74 years,73.8,Age-adjusted prevalence,48139
2022,TX,Ellis,48139,Mammography use among women aged 50-74 years,74.0,Crude prevalence,48139
2022,TX,El Paso,48141,Mammography use among women aged 50-74 years,71.9,Age-adjusted prevalence,48141
2022,TX,El Paso,48141,Mammography use among women aged 50-74 years,72.4,Crude prevalence,48141
2022,TX,Erath,48143,Mammography use among women aged 50-74 years,66.4,Age-adjusted prevalence,48143
2022,TX,Erath,48143,Mammography use among women aged 50-74 years,67.1,Crude prevalence,48143
2022,TX,Falls,48145,Mammography use among women aged 50-74 years,70.4,Age-adjusted prevalence,48145
2022,TX,Falls,48145,Mammography use among women aged 50-74 years,70.8,Crude prevalence,48145
2022,TX,Fannin,48147,Mammography use among women aged 50-74 years,71.7,Age-adjusted prevalence,48147
2022,TX,Fannin,48147,Mammography use among women aged 50-74 years,72.3,Crude prevalence,48147
2022,TX,Fayette,48149,Mammography use among women aged 50-74 years,72.4,Age-adjusted prevalence,48149
2022,TX,Fayette,48149,Mammography use among women aged 50-74 years,73.0,Crude prevalence,48149
2022,TX,Fisher,48151,Mammography use among women aged 50-74 years,73.7,Age-adjusted prevalence,48151
2022,TX,Fisher,48151,Mammography use among women aged 50-74 years,74.4,Crude prevalence,48151
2022,TX,Floyd,48153,Mammography use among women aged 50-74 years,68.0,Age-adjusted prevalence,48153
2022,TX,Floyd,48153,Mammography use among women aged 50-74 years,68.2,Crude prevalence,48153
2022,TX,Foard,48155,Mammography use among women aged 50-74 years,67.5,Age-adjusted prevalence,48155
2022,TX,Foard,48155,Mammography use among women aged 50-74 years,67.6,Crude prevalence,48155
2022,TX,Fort Bend,48157,Mammography use among women aged 50-74 years,77.1,Age-adjusted prevalence,48157
2022,TX,Fort Bend,48157,Mammography use among women aged 50-74 years,77.5,Crude prevalence,48157
2022,TX,Franklin,48159,Mammography use among women aged 50-74 years,73.9,Age-adjusted prevalence,48159
2022,TX,Franklin,48159,Mammography use among women aged 50-74 years,75.1,Crude prevalence,48159
2022,TX,Freestone,48161,Mammography use among women aged 50-74 years,70.2,Age-adjusted prevalence,48161
2022,TX,Freestone,48161,Mammography use among women aged 50-74 years,71.5,Crude prevalence,48161
2022,TX,Frio,48163,Mammography use among women aged 50-74 years,68.0,Age-adjusted prevalence,48163
2022,TX,Frio,48163,Mammography use among women aged 50-74 years,69.2,Crude prevalence,48163
2022,TX,Gaines,48165,Mammography use among women aged 50-74 years,69.0,Age-adjusted prevalence,48165
2022,TX,Gaines,48165,Mammography use among women aged 50-74 years,69.0,Crude prevalence,48165
2022,TX,Galveston,48167,Mammography use among women aged 50-74 years,74.4,Age-adjusted prevalence,48167
2022,TX,Galveston,48167,Mammography use among women aged 50-74 years,74.7,Crude prevalence,48167
2022,TX,Garza,48169,Mammography use among women aged 50-74 years,69.4,Age-adjusted prevalence,48169
2022,TX,Garza,48169,Mammography use among women aged 50-74 years,69.8,Crude prevalence,48169
2022,TX,Gillespie,48171,Mammography use among women aged 50-74 years,71.9,Age-adjusted prevalence,48171
2022,TX,Gillespie,48171,Mammography use among women aged 50-74 years,73.6,Crude prevalence,48171
2022,TX,Glasscock,48173,Mammography use among women aged 50-74 years,73.5,Age-adjusted prevalence,48173
2022,TX,Glasscock,48173,Mammography use among women aged 50-74 years,73.7,Crude prevalence,48173
2022,TX,Goliad,48175,Mammography use among women aged 50-74 years,71.1,Age-adjusted prevalence,48175
2022,TX,Goliad,48175,Mammography use among women aged 50-74 years,71.1,Crude prevalence,48175
2022,TX,Gonzales,48177,Mammography use among women aged 50-74 years,69.9,Age-adjusted prevalence,48177
2022,TX,Gonzales,48177,Mammography use among women aged 50-74 years,70.6,Crude prevalence,48177
2022,TX,Gray,48179,Mammography use among women aged 50-74 years,66.4,Age-adjusted prevalence,48179
2022,TX,Gray,48179,Mammography use among women aged 50-74 years,67.2,Crude prevalence,48179
2022,TX,Grayson,48181,Mammography use among women aged 50-74 years,69.3,Age-adjusted prevalence,48181
2022,TX,Grayson,48181,Mammography use among women aged 50-74 years,70.5,Crude prevalence,48181
2022,TX,Gregg,48183,Mammography use among women aged 50-74 years,69.0,Age-adjusted prevalence,48183
2022,TX,Gregg,48183,Mammography use among women aged 50-74 years,69.1,Crude prevalence,48183
2022,TX,Grimes,48185,Mammography use among women aged 50-74 years,71.5,Age-adjusted prevalence,48185
2022,TX,Grimes,48185,Mammography use among women aged 50-74 years,71.5,Crude prevalence,48185
2022,TX,Guadalupe,48187,Mammography use among women aged 50-74 years,72.1,Age-adjusted prevalence,48187
2022,TX,Guadalupe,48187,Mammography use among women aged 50-74 years,72.2,Crude prevalence,48187
2022,TX,Hale,48189,Mammography use among women aged 50-74 years,66.4,Age-adjusted prevalence,48189
2022,TX,Hale,48189,Mammography use among women aged 50-74 years,67.1,Crude prevalence,48189
2022,TX,Hall,48191,Mammography use among women aged 50-74 years,66.5,Age-adjusted prevalence,48191
2022,TX,Hall,48191,Mammography use among women aged 50-74 years,67.2,Crude prevalence,48191
2022,TX,Hamilton,48193,Mammography use among women aged 50-74 years,72.0,Age-adjusted prevalence,48193
2022,TX,Hamilton,48193,Mammography use among women aged 50-74 years,74.0,Crude prevalence,48193
2022,TX,Hansford,48195,Mammography use among women aged 50-74 years,70.5,Age-adjusted prevalence,48195
2022,TX,Hansford,48195,Mammography use among women aged 50-74 years,71.0,Crude prevalence,48195
2022,TX,Hardeman,48197,Mammography use among women aged 50-74 years,71.7,Age-adjusted prevalence,48197
2022,TX,Hardeman,48197,Mammography use among women aged 50-74 years,72.1,Crude prevalence,48197
2022,TX,Hardin,48199,Mammography use among women aged 50-74 years,70.3,Age-adjusted prevalence,48199
2022,TX,Hardin,48199,Mammography use among women aged 50-74 years,70.3,Crude prevalence,48199
2022,TX,Harris,48201,Mammography use among women aged 50-74 years,73.3,Age-adjusted prevalence,48201
2022,TX,Harris,48201,Mammography use among women aged 50-74 years,73.4,Crude prevalence,48201
2022,TX,Harrison,48203,Mammography use among women aged 50-74 years,68.5,Age-adjusted prevalence,48203
2022,TX,Harrison,48203,Mammography use among women aged 50-74 years,68.3,Crude prevalence,48203
2022,TX,Hartley,48205,Mammography use among women aged 50-74 years,73.4,Age-adjusted prevalence,48205
2022,TX,Hartley,48205,Mammography use among women aged 50-74 years,73.6,Crude prevalence,48205
2022,TX,Haskell,48207,Mammography use among women aged 50-74 years,67.7,Age-adjusted prevalence,48207
2022,TX,Haskell,48207,Mammography use among women aged 50-74 years,69.7,Crude prevalence,48207
2022,TX,Hays,48209,Mammography use among women aged 50-74 years,74.0,Age-adjusted prevalence,48209
2022,TX,Hays,48209,Mammography use among women aged 50-74 years,74.4,Crude prevalence,48209
2022,TX,Hemphill,48211,Mammography use among women aged 50-74 years,73.8,Age-adjusted prevalence,48211
2022,TX,Hemphill,48211,Mammography use among women aged 50-74 years,74.7,Crude prevalence,48211
2022,TX,Henderson,48213,Mammography use among women aged 50-74 years,68.9,Age-adjusted prevalence,48213
2022,TX,Henderson,48213,Mammography use among women aged 50-74 years,69.5,Crude prevalence,48213
2022,TX,Hidalgo,48215,Mammography use among women aged 50-74 years,69.8,Age-adjusted prevalence,48215
2022,TX,Hidalgo,48215,Mammography use among women aged 50-74 years,69.8,Crude prevalence,48215
2022,TX,Hill,48217,Mammography use among women aged 50-74 years,69.4,Age-adjusted prevalence,48217
2022,TX,Hill,48217,Mammography use among women aged 50-74 years,69.7,Crude prevalence,48217
2022,TX,Hockley,48219,Mammography use among women aged 50-74 years,67.9,Age-adjusted prevalence,48219
2022,TX,Hockley,48219,Mammography use among women aged 50-74 years,68.8,Crude prevalence,48219
2022,TX,Hood,48221,Mammography use among women aged 50-74 years,68.2,Age-adjusted prevalence,48221
2022,TX,Hood,48221,Mammography use among women aged 50-74 years,70.2,Crude prevalence,48221
2022,TX,Hopkins,48223,Mammography use among women aged 50-74 years,71.1,Age-adjusted prevalence,48223
2022,TX,Hopkins,48223,Mammography use among women aged 50-74 years,71.6,Crude prevalence,48223
2022,TX,Houston,48225,Mammography use among women aged 50-74 years,72.6,Age-adjusted prevalence,48225
2022,TX,Houston,48225,Mammography use among women aged 50-74 years,73.5,Crude prevalence,48225
2022,TX,Howard,48227,Mammography use among women aged 50-74 years,69.0,Age-adjusted prevalence,48227
2022,TX,Howard,48227,Mammography use among women aged 50-74 years,69.9,Crude prevalence,48227
2022,TX,Hudspeth,48229,Mammography use among women aged 50-74 years,66.4,Age-adjusted prevalence,48229
2022,TX,Hudspeth,48229,Mammography use among women aged 50-74 years,66.6,Crude prevalence,48229
2022,TX,Hunt,48231,Mammography use among women aged 50-74 years,68.4,Age-adjusted prevalence,48231
2022,TX,Hunt,48231,Mammography use among women aged 50-74 years,69.1,Crude prevalence,48231
2022,TX,Hutchinson,48233,Mammography use among women aged 50-74 years,76.9,Age-adjusted prevalence,48233
2022,TX,Hutchinson,48233,Mammography use among women aged 50-74 years,77.3,Crude prevalence,48233
2022,TX,Irion,48235,Mammography use among women aged 50-74 years,68.5,Age-adjusted prevalence,48235
2022,TX,Irion,48235,Mammography use among women aged 50-74 years,70.2,Crude prevalence,48235
2022,TX,Jack,48237,Mammography use among women aged 50-74 years,69.9,Age-adjusted prevalence,48237
2022,TX,Jack,48237,Mammography use among women aged 50-74 years,70.0,Crude prevalence,48237
2022,TX,Jackson,48239,Mammography use among women aged 50-74 years,69.6,Age-adjusted prevalence,48239
2022,TX,Jackson,48239,Mammography use among women aged 50-74 years,70.1,Crude prevalence,48239
2022,TX,Jasper,48241,Mammography use among women aged 50-74 years,71.7,Age-adjusted prevalence,48241
2022,TX,Jasper,48241,Mammography use among women aged 50-74 years,72.0,Crude prevalence,48241
2022,TX,Jeff Davis,48243,Mammography use among women aged 50-74 years,71.6,Age-adjusted prevalence,48243
2022,TX,Jeff Davis,48243,Mammography use among women aged 50-74 years,73.3,Crude prevalence,48243
2022,TX,Jefferson,48245,Mammography use among women aged 50-74 years,69.6,Age-adjusted prevalence,48245
2022,TX,Jefferson,48245,Mammography use among women aged 50-74 years,69.8,Crude prevalence,48245
2022,TX,Jim Hogg,48247,Mammography use among women aged 50-74 years,66.0,Age-adjusted prevalence,48247
2022,TX,Jim Hogg,48247,Mammography use among women aged 50-74 years,68.3,Crude prevalence,48247
2022,TX,Jim Wells,48249,Mammography use among women aged 50-74 years,68.4,Age-adjusted prevalence,48249
2022,TX,Jim Wells,48249,Mammography use among women aged 50-74 years,68.4,Crude prevalence,48249
2022,TX,Johnson,48251,Mammography use among women aged 50-74 years,73.2,Age-adjusted prevalence,48251
2022,TX,Johnson,48251,Mammography use among women aged 50-74 years,73.7,Crude prevalence,48251
2022,TX,Jones,48253,Mammography use among women aged 50-74 years,68.9,Age-adjusted prevalence,48253
2022,TX,Jones,48253,Mammography use among women aged 50-74 years,69.5,Crude prevalence,48253
2022,TX,Karnes,48255,Mammography use among women aged 50-74 years,68.6,Age-adjusted prevalence,48255
2022,TX,Karnes,48255,Mammography use among women aged 50-74 years,68.5,Crude prevalence,48255
2022,TX,Kaufman,48257,Mammography use among women aged 50-74 years,73.9,Age-adjusted prevalence,48257
2022,TX,Kaufman,48257,Mammography use among women aged 50-74 years,74.1,Crude prevalence,48257
2022,TX,Kendall,48259,Mammography use among women aged 50-74 years,76.7,Age-adjusted prevalence,48259
2022,TX,Kendall,48259,Mammography use among women aged 50-74 years,77.0,Crude prevalence,48259
2022,TX,Kenedy,48261,Mammography use among women aged 50-74 years,61.0,Age-adjusted prevalence,48261
2022,TX,Kenedy,48261,Mammography use among women aged 50-74 years,61.6,Crude prevalence,48261
2022,TX,Kent,48263,Mammography use among women aged 50-74 years,75.4,Age-adjusted prevalence,48263
2022,TX,Kent,48263,Mammography use among women aged 50-74 years,76.2,Crude prevalence,48263
2022,TX,Kerr,48265,Mammography use among women aged 50-74 years,69.8,Age-adjusted prevalence,48265
2022,TX,Kerr,48265,Mammography use among women aged 50-74 years,70.3,Crude prevalence,48265
2022,TX,Kimble,48267,Mammography use among women aged 50-74 years,71.5,Age-adjusted prevalence,48267
2022,TX,Kimble,48267,Mammography use among women aged 50-74 years,72.8,Crude prevalence,48267
2022,TX,King,48269,Mammography use among women aged 50-74 years,70.7,Age-adjusted prevalence,48269
2022,TX,King,48269,Mammography use among women aged 50-74 years,70.7,Crude prevalence,48269
2022,TX,Kinney,48271,Mammography use among women aged 50-74 years,68.2,Age-adjusted prevalence,48271
2022,TX,Kinney,48271,Mammography use among women aged 50-74 years,70.0,Crude prevalence,48271
2022,TX,Kleberg,48273,Mammography use among women aged 50-74 years,67.7,Age-adjusted prevalence,48273
2022,TX,Kleberg,48273,Mammography use among women aged 50-74 years,68.2,Crude prevalence,48273
2022,TX,Knox,48275,Mammography use among women aged 50-74 years,66.9,Age-adjusted prevalence,48275
2022,TX,Knox,48275,Mammography use among women aged 50-74 years,68.3,Crude prevalence,48275
2022,TX,Lamar,48277,Mammography use among women aged 50-74 years,70.6,Age-adjusted prevalence,48277
2022,TX,Lamar,48277,Mammography use among women aged 50-74 years,70.9,Crude prevalence,48277
2022,TX,Lamb,48279,Mammography use among women aged 50-74 years,70.6,Age-adjusted prevalence,48279
2022,TX,Lamb,48279,Mammography use among women aged 50-74 years,71.1,Crude prevalence,48279
2022,TX,Lampasas,48281,Mammography use among women aged 50-74 years,73.5,Age-adjusted prevalence,48281
2022,TX,Lampasas,48281,Mammography use among women aged 50-74 years,74.5,Crude prevalence,48281
2022,TX,La Salle,48283,Mammography use among women aged 50-74 years,63.1,Age-adjusted prevalence,48283
2022,TX,La Salle,48283,Mammography use among women aged 50-74 years,63.6,Crude prevalence,48283
2022,TX,Lavaca,48285,Mammography use among women aged 50-74 years,70.9,Age-adjusted prevalence,48285
2022,TX,Lavaca,48285,Mammography use among women aged 50-74 years,71.9,Crude prevalence,48285
2022,TX,Lee,48287,Mammography use among women aged 50-74 years,70.7,Age-adjusted prevalence,48287
2022,TX,Lee,48287,Mammography use among women aged 50-74 years,72.2,Crude prevalence,48287
2022,TX,Leon,48289,Mammography use among women aged 50-74 years,69.8,Age-adjusted prevalence,48289
2022,TX,Leon,48289,Mammography use among women aged 50-74 years,70.3,Crude prevalence,48289
2022,TX,Liberty,48291,Mammography use among women aged 50-74 years,70.2,Age-adjusted prevalence,48291
2022,TX,Liberty,48291,Mammography use among women aged 50-74 years,70.6,Crude prevalence,48291
2022,TX,Limestone,48293,Mammography use among women aged 50-74 years,68.3,Age-adjusted prevalence,48293
2022,TX,Limestone,48293,Mammography use among women aged 50-74 years,69.4,Crude prevalence,48293
2022,TX,Lipscomb,48295,Mammography use among women aged 50-74 years,70.5,Age-adjusted prevalence,48295
2022,TX,Lipscomb,48295,Mammography use among women aged 50-74 years,71.9,Crude prevalence,48295
2022,TX,Live Oak,48297,Mammography use among women aged 50-74 years,67.4,Age-adjusted prevalence,48297
2022,TX,Live Oak,48297,Mammography use among women aged 50-74 years,68.2,Crude prevalence,48297
2022,TX,Llano,48299,Mammography use among women aged 50-74 years,73.5,Age-adjusted prevalence,48299
2022,TX,Llano,48299,Mammography use among women aged 50-74 years,74.5,Crude prevalence,48299
2022,TX,Loving,48301,Mammography use among women aged 50-74 years,,Age-adjusted prevalence,48301
2022,TX,Loving,48301,Mammography use among women aged 50-74 years,,Crude prevalence,48301
2022,TX,Lubbock,48303,Mammography use among women aged 50-74 years,75.8,Age-adjusted prevalence,48303
2022,TX,Lubbock,48303,Mammography use among women aged 50-74 years,76.0,Crude prevalence,48303
2022,TX,Lynn,48305,Mammography use among women aged 50-74 years,69.6,Age-adjusted prevalence,48305
2022,TX,Lynn,48305,Mammography use among women aged 50-74 years,69.1,Crude prevalence,48305
2022,TX,McCulloch,48307,Mammography use among women aged 50-74 years,70.2,Age-adjusted prevalence,48307
2022,TX,McCulloch,48307,Mammography use among women aged 50-74 years,71.0,Crude prevalence,48307
2022,TX,McLennan,48309,Mammography use among women aged 50-74 years,72.5,Age-adjusted prevalence,48309
2022,TX,McLennan,48309,Mammography use among women aged 50-74 years,73.6,Crude prevalence,48309
2022,TX,McMullen,48311,Mammography use among women aged 50-74 years,67.5,Age-adjusted prevalence,48311
2022,TX,McMullen,48311,Mammography use among women aged 50-74 years,68.2,Crude prevalence,48311
2022,TX,Madison,48313,Mammography use among women aged 50-74 years,69.4,Age-adjusted prevalence,48313
2022,TX,Madison,48313,Mammography use among women aged 50-74 years,70.7,Crude prevalence,48313
2022,TX,Marion,48315,Mammography use among women aged 50-74 years,73.2,Age-adjusted prevalence,48315
2022,TX,Marion,48315,Mammography use among women aged 50-74 years,74.5,Crude prevalence,48315
2022,TX,Martin,48317,Mammography use among women aged 50-74 years,70.9,Age-adjusted prevalence,48317
2022,TX,Martin,48317,Mammography use among women aged 50-74 years,71.4,Crude prevalence,48317
2022,TX,Mason,48319,Mammography use among women aged 50-74 years,73.1,Age-adjusted prevalence,48319
2022,TX,Mason,48319,Mammography use among women aged 50-74 years,73.6,Crude prevalence,48319
2022,TX,Matagorda,48321,Mammography use among women aged 50-74 years,70.3,Age-adjusted prevalence,48321
2022,TX,Matagorda,48321,Mammography use among women aged 50-74 years,70.7,Crude prevalence,48321
2022,TX,Maverick,48323,Mammography use among women aged 50-74 years,67.0,Age-adjusted prevalence,48323
2022,TX,Maverick,48323,Mammography use among women aged 50-74 years,67.4,Crude prevalence,48323
2022,TX,Medina,48325,Mammography use among women aged 50-74 years,74.8,Age-adjusted prevalence,48325
2022,TX,Medina,48325,Mammography use among women aged 50-74 years,75.0,Crude prevalence,48325
2022,TX,Menard,48327,Mammography use among women aged 50-74 years,69.3,Age-adjusted prevalence,48327
2022,TX,Menard,48327,Mammography use among women aged 50-74 years,70.3,Crude prevalence,48327
2022,TX,Midland,48329,Mammography use among women aged 50-74 years,76.6,Age-adjusted prevalence,48329
2022,TX,Midland,48329,Mammography use among women aged 50-74 years,77.0,Crude prevalence,48329
2022,TX,Milam,48331,Mammography use among women aged 50-74 years,68.7,Age-adjusted prevalence,48331
2022,TX,Milam,48331,Mammography use among women aged 50-74 years,69.9,Crude prevalence,48331
2022,TX,Mills,48333,Mammography use among women aged 50-74 years,72.9,Age-adjusted prevalence,48333
2022,TX,Mills,48333,Mammography use among women aged 50-74 years,74.1,Crude prevalence,48333
2022,TX,Mitchell,48335,Mammography use among women aged 50-74 years,67.6,Age-adjusted prevalence,48335
2022,TX,Mitchell,48335,Mammography use among women aged 50-74 years,68.3,Crude prevalence,48335
2022,TX,Montague,48337,Mammography use among women aged 50-74 years,70.1,Age-adjusted prevalence,48337
2022,TX,Montague,48337,Mammography use among women aged 50-74 years,71.1,Crude prevalence,48337
2022,TX,Montgomery,48339,Mammography use among women aged 50-74 years,79.1,Age-adjusted prevalence,48339
2022,TX,Montgomery,48339,Mammography use among women aged 50-74 years,79.4,Crude prevalence,48339
2022,TX,Moore,48341,Mammography use among women aged 50-74 years,70.6,Age-adjusted prevalence,48341
2022,TX,Moore,48341,Mammography use among women aged 50-74 years,70.9,Crude prevalence,48341
2022,TX,Morris,48343,Mammography use among women aged 50-74 years,70.1,Age-adjusted prevalence,48343
2022,TX,Morris,48343,Mammography use among women aged 50-74 years,71.7,Crude prevalence,48343
2022,TX,Motley,48345,Mammography use among women aged 50-74 years,70.2,Age-adjusted prevalence,48345
2022,TX,Motley,48345,Mammography use among women aged 50-74 years,73.6,Crude prevalence,48345
2022,TX,Nacogdoches,48347,Mammography use among women aged 50-74 years,72.7,Age-adjusted prevalence,48347
2022,TX,Nacogdoches,48347,Mammography use among women aged 50-74 years,73.5,Crude prevalence,48347
2022,TX,Navarro,48349,Mammography use among women aged 50-74 years,73.3,Age-adjusted prevalence,48349
2022,TX,Navarro,48349,Mammography use among women aged 50-74 years,73.9,Crude prevalence,48349
2022,TX,Newton,48351,Mammography use among women aged 50-74 years,71.4,Age-adjusted prevalence,48351
2022,TX,Newton,48351,Mammography use among women aged 50-74 years,72.2,Crude prevalence,48351
2022,TX,Nolan,48353,Mammography use among women aged 50-74 years,68.9,Age-adjusted prevalence,48353
2022,TX,Nolan,48353,Mammography use among women aged 50-74 years,69.4,Crude prevalence,48353
2022,TX,Nueces,48355,Mammography use among women aged 50-74 years,73.1,Age-adjusted prevalence,48355
2022,TX,Nueces,48355,Mammography use among women aged 50-74 years,73.2,Crude prevalence,48355
2022,TX,Ochiltree,48357,Mammography use among women aged 50-74 years,70.2,Age-adjusted prevalence,48357
2022,TX,Ochiltree,48357,Mammography use among women aged 50-74 years,70.7,Crude prevalence,48357
2022,TX,Oldham,48359,Mammography use among women aged 50-74 years,70.8,Age-adjusted prevalence,48359
2022,TX,Oldham,48359,Mammography use among women aged 50-74 years,71.5,Crude prevalence,48359
2022,TX,Orange,48361,Mammography use among women aged 50-74 years,71.3,Age-adjusted prevalence,48361
2022,TX,Orange,48361,Mammography use among women aged 50-74 years,71.9,Crude prevalence,48361
2022,TX,Palo Pinto,48363,Mammography use among women aged 50-74 years,68.5,Age-adjusted prevalence,48363
2022,TX,Palo Pinto,48363,Mammography use among women aged 50-74 years,68.8,Crude prevalence,48363
2022,TX,Panola,48365,Mammography use among women aged 50-74 years,72.8,Age-adjusted prevalence,48365
2022,TX,Panola,48365,Mammography use among women aged 50-74 years,73.4,Crude prevalence,48365
2022,TX,Parker,48367,Mammography use among women aged 50-74 years,72.6,Age-adjusted prevalence,48367
2022,TX,Parker,48367,Mammography use among women aged 50-74 years,72.6,Crude prevalence,48367
2022,TX,Parmer,48369,Mammography use among women aged 50-74 years,72.4,Age-adjusted prevalence,48369
2022,TX,Parmer,48369,Mammography use among women aged 50-74 years,73.1,Crude prevalence,48369
2022,TX,Pecos,48371,Mammography use among women aged 50-74 years,71.7,Age-adjusted prevalence,48371
2022,TX,Pecos,48371,Mammography use among women aged 50-74 years,72.5,Crude prevalence,48371
2022,TX,Polk,48373,Mammography use among women aged 50-74 years,69.5,Age-adjusted prevalence,48373
2022,TX,Polk,48373,Mammography use among women aged 50-74 years,70.4,Crude prevalence,48373
2022,TX,Potter,48375,Mammography use among women aged 50-74 years,65.3,Age-adjusted prevalence,48375
2022,TX,Potter,48375,Mammography use among women aged 50-74 years,66.0,Crude prevalence,48375
2022,TX,Presidio,48377,Mammography use among women aged 50-74 years,62.3,Age-adjusted prevalence,48377
2022,TX,Presidio,48377,Mammography use among women aged 50-74 years,62.9,Crude prevalence,48377
2022,TX,Rains,48379,Mammography use among women aged 50-74 years,72.0,Age-adjusted prevalence,48379
2022,TX,Rains,48379,Mammography use among women aged 50-74 years,73.5,Crude prevalence,48379
2022,TX,Randall,48381,Mammography use among women aged 50-74 years,75.6,Age-adjusted prevalence,48381
2022,TX,Randall,48381,Mammography use among women aged 50-74 years,76.4,Crude prevalence,48381
2022,TX,Reagan,48383,Mammography use among women aged 50-74 years,72.5,Age-adjusted prevalence,48383
2022,TX,Reagan,48383,Mammography use among women aged 50-74 years,72.4,Crude prevalence,48383
2022,TX,Real,48385,Mammography use among women aged 50-74 years,69.7,Age-adjusted prevalence,48385
2022,TX,Real,48385,Mammography use among women aged 50-74 years,70.0,Crude prevalence,48385
2022,TX,Red River,48387,Mammography use among women aged 50-74 years,70.6,Age-adjusted prevalence,48387
2022,TX,Red River,48387,Mammography use among women aged 50-74 years,70.7,Crude prevalence,48387
2022,TX,Reeves,48389,Mammography use among women aged 50-74 years,68.4,Age-adjusted prevalence,48389
2022,TX,Reeves,48389,Mammography use among women aged 50-74 years,68.9,Crude prevalence,48389
2022,TX,Refugio,48391,Mammography use among women aged 50-74 years,72.2,Age-adjusted prevalence,48391
2022,TX,Refugio,48391,Mammography use among women aged 50-74 years,72.2,Crude prevalence,48391
2022,TX,Roberts,48393,Mammography use among women aged 50-74 years,71.4,Age-adjusted prevalence,48393
2022,TX,Roberts,48393,Mammography use among women aged 50-74 years,71.8,Crude prevalence,48393
2022,TX,Robertson,48395,Mammography use among women aged 50-74 years,72.8,Age-adjusted prevalence,48395
2022,TX,Robertson,48395,Mammography use among women aged 50-74 years,74.6,Crude prevalence,48395
2022,TX,Rockwall,48397,Mammography use among women aged 50-74 years,76.5,Age-adjusted prevalence,48397
2022,TX,Rockwall,48397,Mammography use among women aged 50-74 years,76.5,Crude prevalence,48397
2022,TX,Runnels,48399,Mammography use among women aged 50-74 years,70.5,Age-adjusted prevalence,48399
2022,TX,Runnels,48399,Mammography use among women aged 50-74 years,70.6,Crude prevalence,48399
2022,TX,Rusk,48401,Mammography use among women aged 50-74 years,74.9,Age-adjusted prevalence,48401
2022,TX,Rusk,48401,Mammography use among women aged 50-74 years,75.2,Crude prevalence,48401
2022,TX,Sabine,48403,Mammography use among women aged 50-74 years,69.9,Age-adjusted prevalence,48403
2022,TX,Sabine,48403,Mammography use among women aged 50-74 years,71.1,Crude prevalence,48403
2022,TX,San Augustine,48405,Mammography use among women aged 50-74 years,67.9,Age-adjusted prevalence,48405
2022,TX,San Augustine,48405,Mammography use among women aged 50-74 years,68.7,Crude prevalence,48405
2022,TX,San Jacinto,48407,Mammography use among women aged 50-74 years,71.0,Age-adjusted prevalence,48407
2022,TX,San Jacinto,48407,Mammography use among women aged 50-74 years,71.9,Crude prevalence,48407
2022,TX,San Patricio,48409,Mammography use among women aged 50-74 years,71.3,Age-adjusted prevalence,48409
2022,TX,San Patricio,48409,Mammography use among women aged 50-74 years,71.6,Crude prevalence,48409
2022,TX,San Saba,48411,Mammography use among women aged 50-74 years,67.5,Age-adjusted prevalence,48411
2022,TX,San Saba,48411,Mammography use among women aged 50-74 years,68.1,Crude prevalence,48411
2022,TX,Schleicher,48413,Mammography use among women aged 50-74 years,70.4,Age-adjusted prevalence,48413
2022,TX,Schleicher,48413,Mammography use among women aged 50-74 years,70.9,Crude prevalence,48413
2022,TX,Scurry,48415,Mammography use among women aged 50-74 years,67.9,Age-adjusted prevalence,48415
2022,TX,Scurry,48415,Mammography use among women aged 50-74 years,68.9,Crude prevalence,48415
2022,TX,Shackelford,48417,Mammography use among women aged 50-74 years,75.4,Age-adjusted prevalence,48417
2022,TX,Shackelford,48417,Mammography use among women aged 50-74 years,76.1,Crude prevalence,48417
2022,TX,Shelby,48419,Mammography use among women aged 50-74 years,70.9,Age-adjusted prevalence,48419
2022,TX,Shelby,48419,Mammography use among women aged 50-74 years,71.6,Crude prevalence,48419
2022,TX,Sherman,48421,Mammography use among women aged 50-74 years,71.5,Age-adjusted prevalence,48421
2022,TX,Sherman,48421,Mammography use among women aged 50-74 years,71.6,Crude prevalence,48421
2022,TX,Smith,48423,Mammography use among women aged 50-74 years,70.0,Age-adjusted prevalence,48423
2022,TX,Smith,48423,Mammography use among women aged 50-74 years,71.4,Crude prevalence,48423
2022,TX,Somervell,48425,Mammography use among women aged 50-74 years,72.6,Age-adjusted prevalence,48425
2022,TX,Somervell,48425,Mammography use among women aged 50-74 years,72.5,Crude prevalence,48425
2022,TX,Starr,48427,Mammography use among women aged 50-74 years,66.8,Age-adjusted prevalence,48427
2022,TX,Starr,48427,Mammography use among women aged 50-74 years,67.4,Crude prevalence,48427
2022,TX,Stephens,48429,Mammography use among women aged 50-74 years,65.3,Age-adjusted prevalence,48429
2022,TX,Stephens,48429,Mammography use among women aged 50-74 years,65.9,Crude prevalence,48429
2022,TX,Sterling,48431,Mammography use among women aged 50-74 years,73.8,Age-adjusted prevalence,48431
2022,TX,Sterling,48431,Mammography use among women aged 50-74 years,73.8,Crude prevalence,48431
2022,TX,Stonewall,48433,Mammography use among women aged 50-74 years,68.1,Age-adjusted prevalence,48433
2022,TX,Stonewall,48433,Mammography use among women aged 50-74 years,69.8,Crude prevalence,48433
2022,TX,Sutton,48435,Mammography use among women aged 50-74 years,66.5,Age-adjusted prevalence,48435
2022,TX,Sutton,48435,Mammography use among women aged 50-74 years,67.5,Crude prevalence,48435
2022,TX,Swisher,48437,Mammography use among women aged 50-74 years,66.4,Age-adjusted prevalence,48437
2022,TX,Swisher,48437,Mammography use among women aged 50-74 years,67.3,Crude prevalence,48437
2022,TX,Tarrant,48439,Mammography use among women aged 50-74 years,79.2,Age-adjusted prevalence,48439
2022,TX,Tarrant,48439,Mammography use among women aged 50-74 years,79.1,Crude prevalence,48439
2022,TX,Taylor,48441,Mammography use among women aged 50-74 years,71.4,Age-adjusted prevalence,48441
2022,TX,Taylor,48441,Mammography use among women aged 50-74 years,71.5,Crude prevalence,48441
2022,TX,Terrell,48443,Mammography use among women aged 50-74 years,75.7,Age-adjusted prevalence,48443
2022,TX,Terrell,48443,Mammography use among women aged 50-74 years,76.9,Crude prevalence,48443
2022,TX,Terry,48445,Mammography use among women aged 50-74 years,67.4,Age-adjusted prevalence,48445
2022,TX,Terry,48445,Mammography use among women aged 50-74 years,67.5,Crude prevalence,48445
2022,TX,Throckmorton,48447,Mammography use among women aged 50-74 years,70.8,Age-adjusted prevalence,48447
2022,TX,Throckmorton,48447,Mammography use among women aged 50-74 years,70.9,Crude prevalence,48447
2022,TX,Titus,48449,Mammography use among women aged 50-74 years,68.0,Age-adjusted prevalence,48449
2022,TX,Titus,48449,Mammography use among women aged 50-74 years,68.4,Crude prevalence,48449
2022,TX,Tom Green,48451,Mammography use among women aged 50-74 years,75.0,Age-adjusted prevalence,48451
2022,TX,Tom Green,48451,Mammography use among women aged 50-74 years,76.0,Crude prevalence,48451
2022,TX,Travis,48453,Mammography use among women aged 50-74 years,75.7,Age-adjusted prevalence,48453
2022,TX,Travis,48453,Mammography use among women aged 50-74 years,76.3,Crude prevalence,48453
2022,TX,Trinity,48455,Mammography use among women aged 50-74 years,70.4,Age-adjusted prevalence,48455
2022,TX,Trinity,48455,Mammography use among women aged 50-74 years,71.1,Crude prevalence,48455
2022,TX,Tyler,48457,Mammography use among women aged 50-74 years,67.6,Age-adjusted prevalence,48457
2022,TX,Tyler,48457,Mammography use among women aged 50-74 years,69.2,Crude prevalence,48457
2022,TX,Upshur,48459,Mammography use among women aged 50-74 years,68.4,Age-adjusted prevalence,48459
2022,TX,Upshur,48459,Mammography use among women aged 50-74 years,69.7,Crude prevalence,48459
2022,TX,Upton,48461,Mammography use among women aged 50-74 years,72.2,Age-adjusted prevalence,48461
2022,TX,Upton,48461,Mammography use among women aged 50-74 years,72.1,Crude prevalence,48461
2022,TX,Uvalde,48463,Mammography use among women aged 50-74 years,70.5,Age-adjusted prevalence,48463
2022,TX,Uvalde,48463,Mammography use among women aged 50-74 years,70.7,Crude prevalence,48463
2022,TX,Val Verde,48465,Mammography use among women aged 50-74 years,67.0,Age-adjusted prevalence,48465
2022,TX,Val Verde,48465,Mammography use among women aged 50-74 years,67.1,Crude prevalence,48465
2022,TX,Van Zandt,48467,Mammography use among women aged 50-74 years,72.9,Age-adjusted prevalence,48467
2022,TX,Van Zandt,48467,Mammography use among women aged 50-74 years,73.2,Crude prevalence,48467
2022,TX,Victoria,48469,Mammography use among women aged 50-74 years,72.8,Age-adjusted prevalence,48469
2022,TX,Victoria,48469,Mammography use among women aged 50-74 years,73.4,Crude prevalence,48469
2022,TX,Walker,48471,Mammography use among women aged 50-74 years,65.8,Age-adjusted prevalence,48471
2022,TX,Walker,48471,Mammography use among women aged 50-74 years,66.4,Crude prevalence,48471
2022,TX,Waller,48473,Mammography use among women aged 50-74 years,74.1,Age-adjusted prevalence,48473
2022,TX,Waller,48473,Mammography use among women aged 50-74 years,74.4,Crude prevalence,48473
2022,TX,Ward,48475,Mammography use among women aged 50-74 years,70.5,Age-adjusted prevalence,48475
2022,TX,Ward,48475,Mammography use among women aged 50-74 years,70.5,Crude prevalence,48475
2022,TX,Washington,48477,Mammography use among women aged 50-74 years,74.8,Age-adjusted prevalence,48477
2022,TX,Washington,48477,Mammography use among women aged 50-74 years,75.4,Crude prevalence,48477
2022,TX,Webb,48479,Mammography use among women aged 50-74 years,70.8,Age-adjusted prevalence,48479
2022,TX,Webb,48479,Mammography use among women aged 50-74 years,70.7,Crude prevalence,48479
2022,TX,Wharton,48481,Mammography use among women aged 50-74 years,72.2,Age-adjusted prevalence,48481
2022,TX,Wharton,48481,Mammography use among women aged 50-74 years,72.4,Crude prevalence,48481
2022,TX,Wheeler,48483,Mammography use among women aged 50-74 years,67.9,Age-adjusted prevalence,48483
2022,TX,Wheeler,48483,Mammography use among women aged 50-74 years,68.2,Crude prevalence,48483
2022,TX,Wichita,48485,Mammography use among women aged 50-74 years,71.1,Age-adjusted prevalence,48485
2022,TX,Wichita,48485,Mammography use among women aged 50-74 years,71.3,Crude prevalence,48485
2022,TX,Wilbarger,48487,Mammography use among women aged 50-74 years,65.4,Age-adjusted prevalence,48487
2022,TX,Wilbarger,48487,Mammography use among women aged 50-74 years,66.7,Crude prevalence,48487
2022,TX,Willacy,48489,Mammography use among women aged 50-74 years,68.8,Age-adjusted prevalence,48489
2022,TX,Willacy,48489,Mammography use among women aged 50-74 years,69.0,Crude prevalence,48489
2022,TX,Williamson,48491,Mammography use among women aged 50-74 years,77.4,Age-adjusted prevalence,48491
2022,TX,Williamson,48491,Mammography use among women aged 50-74 years,77.5,Crude prevalence,48491
2022,TX,Wilson,48493,Mammography use among women aged 50-74 years,70.6,Age-adjusted prevalence,48493
2022,TX,Wilson,48493,Mammography use among women aged 50-74 years,71.3,Crude prevalence,48493
2022,TX,Winkler,48495,Mammography use among women aged 50-74 years,73.6,Age-adjusted prevalence,48495
2022,TX,Winkler,48495,Mammography use among women aged 50-74 years,73.9,Crude prevalence,48495
2022,TX,Wise,48497,Mammography use among women aged 50-74 years,67.7,Age-adjusted prevalence,48497
2022,TX,Wise,48497,Mammography use among women aged 50-74 years,68.5,Crude prevalence,48497
2022,TX,Wood,48499,Mammography use among women aged 50-74 years,73.7,Age-adjusted prevalence,48499
2022,TX,Wood,48499,Mammography use among women aged 50-74 years,75.1,Crude prevalence,48499
2022,TX,Yoakum,48501,Mammography use among women aged 50-74 years,66.4,Age-adjusted prevalence,48501
2022,TX,Yoakum,48501,Mammography use among women aged 50-74 years,66.9,Crude prevalence,48501
2022,TX,Young,48503,Mammography use among women aged 50-74 years,73.2,Age-adjusted prevalence,48503
2022,TX,Young,48503,Mammography use among women aged 50-74 years,74.0,Crude prevalence,48503
2022,TX,Zapata,48505,Mammography use among women aged 50-74 years,64.7,Age-adjusted prevalence,48505
2022,TX,Zapata,48505,Mammography use among women aged 50-74 years,65.3,Crude prevalence,48505
2022,TX,Zavala,48507,Mammography use among women aged 50-74 years,63.6,Age-adjusted prevalence,48507
2022,TX,Zavala,48507,Mammography use among women aged 50-74 years,64.3,Crude prevalence,48507
2022,UT,Beaver,49001,Mammography use among women aged 50-74 years,72.5,Age-adjusted prevalence,49001
2022,UT,Beaver,49001,Mammography use among women aged 50-74 years,73.7,Crude prevalence,49001
2022,UT,Box Elder,49003,Mammography use among women aged 50-74 years,65.2,Age-adjusted prevalence,49003
2022,UT,Box Elder,49003,Mammography use among women aged 50-74 years,65.7,Crude prevalence,49003
2022,UT,Cache,49005,Mammography use among women aged 50-74 years,71.2,Age-adjusted prevalence,49005
2022,UT,Cache,49005,Mammography use among women aged 50-74 years,72.1,Crude prevalence,49005
2022,UT,Carbon,49007,Mammography use among women aged 50-74 years,72.3,Age-adjusted prevalence,49007
2022,UT,Carbon,49007,Mammography use among women aged 50-74 years,73.2,Crude prevalence,49007
2022,UT,Daggett,49009,Mammography use among women aged 50-74 years,70.2,Age-adjusted prevalence,49009
2022,UT,Daggett,49009,Mammography use among women aged 50-74 years,71.4,Crude prevalence,49009
2022,UT,Davis,49011,Mammography use among women aged 50-74 years,72.2,Age-adjusted prevalence,49011
2022,UT,Davis,49011,Mammography use among women aged 50-74 years,72.2,Crude prevalence,49011
2022,UT,Duchesne,49013,Mammography use among women aged 50-74 years,61.6,Age-adjusted prevalence,49013
2022,UT,Duchesne,49013,Mammography use among women aged 50-74 years,61.9,Crude prevalence,49013
2022,UT,Emery,49015,Mammography use among women aged 50-74 years,70.8,Age-adjusted prevalence,49015
2022,UT,Emery,49015,Mammography use among women aged 50-74 years,72.0,Crude prevalence,49015
2022,UT,Garfield,49017,Mammography use among women aged 50-74 years,68.9,Age-adjusted prevalence,49017
2022,UT,Garfield,49017,Mammography use among women aged 50-74 years,68.3,Crude prevalence,49017
2022,UT,Grand,49019,Mammography use among women aged 50-74 years,62.7,Age-adjusted prevalence,49019
2022,UT,Grand,49019,Mammography use among women aged 50-74 years,63.0,Crude prevalence,49019
2022,UT,Iron,49021,Mammography use among women aged 50-74 years,67.7,Age-adjusted prevalence,49021
2022,UT,Iron,49021,Mammography use among women aged 50-74 years,68.3,Crude prevalence,49021
2022,UT,Juab,49023,Mammography use among women aged 50-74 years,71.1,Age-adjusted prevalence,49023
2022,UT,Juab,49023,Mammography use among women aged 50-74 years,71.6,Crude prevalence,49023
2022,UT,Kane,49025,Mammography use among women aged 50-74 years,72.5,Age-adjusted prevalence,49025
2022,UT,Kane,49025,Mammography use among women aged 50-74 years,74.1,Crude prevalence,49025
2022,UT,Millard,49027,Mammography use among women aged 50-74 years,67.6,Age-adjusted prevalence,49027
2022,UT,Millard,49027,Mammography use among women aged 50-74 years,68.5,Crude prevalence,49027
2022,UT,Morgan,49029,Mammography use among women aged 50-74 years,71.9,Age-adjusted prevalence,49029
2022,UT,Morgan,49029,Mammography use among women aged 50-74 years,72.4,Crude prevalence,49029
2022,UT,Piute,49031,Mammography use among women aged 50-74 years,66.3,Age-adjusted prevalence,49031
2022,UT,Piute,49031,Mammography use among women aged 50-74 years,66.7,Crude prevalence,49031
2022,UT,Rich,49033,Mammography use among women aged 50-74 years,74.3,Age-adjusted prevalence,49033
2022,UT,Rich,49033,Mammography use among women aged 50-74 years,75.3,Crude prevalence,49033
2022,UT,Salt Lake,49035,Mammography use among women aged 50-74 years,73.5,Age-adjusted prevalence,49035
2022,UT,Salt Lake,49035,Mammography use among women aged 50-74 years,74.0,Crude prevalence,49035
2022,UT,San Juan,49037,Mammography use among women aged 50-74 years,60.9,Age-adjusted prevalence,49037
2022,UT,San Juan,49037,Mammography use among women aged 50-74 years,61.6,Crude prevalence,49037
2022,UT,Sanpete,49039,Mammography use among women aged 50-74 years,65.4,Age-adjusted prevalence,49039
2022,UT,Sanpete,49039,Mammography use among women aged 50-74 years,66.2,Crude prevalence,49039
2022,UT,Sevier,49041,Mammography use among women aged 50-74 years,72.5,Age-adjusted prevalence,49041
2022,UT,Sevier,49041,Mammography use among women aged 50-74 years,73.6,Crude prevalence,49041
2022,UT,Summit,49043,Mammography use among women aged 50-74 years,76.6,Age-adjusted prevalence,49043
2022,UT,Summit,49043,Mammography use among women aged 50-74 years,76.6,Crude prevalence,49043
2022,UT,Tooele,49045,Mammography use among women aged 50-74 years,69.0,Age-adjusted prevalence,49045
2022,UT,Tooele,49045,Mammography use among women aged 50-74 years,69.1,Crude prevalence,49045
2022,UT,Uintah,49047,Mammography use among women aged 50-74 years,63.1,Age-adjusted prevalence,49047
2022,UT,Uintah,49047,Mammography use among women aged 50-74 years,63.5,Crude prevalence,49047
2022,UT,Utah,49049,Mammography use among women aged 50-74 years,69.1,Age-adjusted prevalence,49049
2022,UT,Utah,49049,Mammography use among women aged 50-74 years,69.4,Crude prevalence,49049
2022,UT,Wasatch,49051,Mammography use among women aged 50-74 years,72.2,Age-adjusted prevalence,49051
2022,UT,Wasatch,49051,Mammography use among women aged 50-74 years,73.0,Crude prevalence,49051
2022,UT,Washington,49053,Mammography use among women aged 50-74 years,71.8,Age-adjusted prevalence,49053
2022,UT,Washington,49053,Mammography use among women aged 50-74 years,73.2,Crude prevalence,49053
2022,UT,Wayne,49055,Mammography use among women aged 50-74 years,70.0,Age-adjusted prevalence,49055
2022,UT,Wayne,49055,Mammography use among women aged 50-74 years,71.3,Crude prevalence,49055
2022,UT,Weber,49057,Mammography use among women aged 50-74 years,74.5,Age-adjusted prevalence,49057
2022,UT,Weber,49057,Mammography use among women aged 50-74 years,74.9,Crude prevalence,49057
2022,VT,Addison,50001,Mammography use among women aged 50-74 years,78.0,Age-adjusted prevalence,50001
2022,VT,Addison,50001,Mammography use among women aged 50-74 years,78.0,Crude prevalence,50001
2022,VT,Bennington,50003,Mammography use among women aged 50-74 years,75.5,Age-adjusted prevalence,50003
2022,VT,Bennington,50003,Mammography use among women aged 50-74 years,76.8,Crude prevalence,50003
2022,VT,Caledonia,50005,Mammography use among women aged 50-74 years,72.9,Age-adjusted prevalence,50005
2022,VT,Caledonia,50005,Mammography use among women aged 50-74 years,74.5,Crude prevalence,50005
2022,VT,Chittenden,50007,Mammography use among women aged 50-74 years,74.5,Age-adjusted prevalence,50007
2022,VT,Chittenden,50007,Mammography use among women aged 50-74 years,74.7,Crude prevalence,50007
2022,VT,Essex,50009,Mammography use among women aged 50-74 years,72.7,Age-adjusted prevalence,50009
2022,VT,Essex,50009,Mammography use among women aged 50-74 years,73.3,Crude prevalence,50009
2022,VT,Franklin,50011,Mammography use among women aged 50-74 years,72.7,Age-adjusted prevalence,50011
2022,VT,Franklin,50011,Mammography use among women aged 50-74 years,73.6,Crude prevalence,50011
2022,VT,Grand Isle,50013,Mammography use among women aged 50-74 years,78.7,Age-adjusted prevalence,50013
2022,VT,Grand Isle,50013,Mammography use among women aged 50-74 years,79.0,Crude prevalence,50013
2022,VT,Lamoille,50015,Mammography use among women aged 50-74 years,79.8,Age-adjusted prevalence,50015
2022,VT,Lamoille,50015,Mammography use among women aged 50-74 years,80.0,Crude prevalence,50015
2022,VT,Orange,50017,Mammography use among women aged 50-74 years,74.1,Age-adjusted prevalence,50017
2022,VT,Orange,50017,Mammography use among women aged 50-74 years,74.6,Crude prevalence,50017
2022,VT,Orleans,50019,Mammography use among women aged 50-74 years,76.9,Age-adjusted prevalence,50019
2022,VT,Orleans,50019,Mammography use among women aged 50-74 years,77.3,Crude prevalence,50019
2022,VT,Rutland,50021,Mammography use among women aged 50-74 years,74.7,Age-adjusted prevalence,50021
2022,VT,Rutland,50021,Mammography use among women aged 50-74 years,76.0,Crude prevalence,50021
2022,VT,Washington,50023,Mammography use among women aged 50-74 years,75.6,Age-adjusted prevalence,50023
2022,VT,Washington,50023,Mammography use among women aged 50-74 years,76.7,Crude prevalence,50023
2022,VT,Windham,50025,Mammography use among women aged 50-74 years,79.0,Age-adjusted prevalence,50025
2022,VT,Windham,50025,Mammography use among women aged 50-74 years,79.5,Crude prevalence,50025
2022,VT,Windsor,50027,Mammography use among women aged 50-74 years,76.3,Age-adjusted prevalence,50027
2022,VT,Windsor,50027,Mammography use among women aged 50-74 years,77.0,Crude prevalence,50027
2022,VA,Accomack,51001,Mammography use among women aged 50-74 years,74.5,Age-adjusted prevalence,51001
2022,VA,Accomack,51001,Mammography use among women aged 50-74 years,75.4,Crude prevalence,51001
2022,VA,Albemarle,51003,Mammography use among women aged 50-74 years,80.9,Age-adjusted prevalence,51003
2022,VA,Albemarle,51003,Mammography use among women aged 50-74 years,81.1,Crude prevalence,51003
2022,VA,Alleghany,51005,Mammography use among women aged 50-74 years,76.8,Age-adjusted prevalence,51005
2022,VA,Alleghany,51005,Mammography use among women aged 50-74 years,76.9,Crude prevalence,51005
2022,VA,Amelia,51007,Mammography use among women aged 50-74 years,76.2,Age-adjusted prevalence,51007
2022,VA,Amelia,51007,Mammography use among women aged 50-74 years,77.3,Crude prevalence,51007
2022,VA,Amherst,51009,Mammography use among women aged 50-74 years,76.5,Age-adjusted prevalence,51009
2022,VA,Amherst,51009,Mammography use among women aged 50-74 years,77.3,Crude prevalence,51009
2022,VA,Appomattox,51011,Mammography use among women aged 50-74 years,75.2,Age-adjusted prevalence,51011
2022,VA,Appomattox,51011,Mammography use among women aged 50-74 years,76.3,Crude prevalence,51011
2022,VA,Arlington,51013,Mammography use among women aged 50-74 years,79.4,Age-adjusted prevalence,51013
2022,VA,Arlington,51013,Mammography use among women aged 50-74 years,79.6,Crude prevalence,51013
2022,VA,Augusta,51015,Mammography use among women aged 50-74 years,72.6,Age-adjusted prevalence,51015
2022,VA,Augusta,51015,Mammography use among women aged 50-74 years,73.3,Crude prevalence,51015
2022,VA,Bath,51017,Mammography use among women aged 50-74 years,71.8,Age-adjusted prevalence,51017
2022,VA,Bath,51017,Mammography use among women aged 50-74 years,72.6,Crude prevalence,51017
2022,VA,Bedford,51019,Mammography use among women aged 50-74 years,73.7,Age-adjusted prevalence,51019
2022,VA,Bedford,51019,Mammography use among women aged 50-74 years,74.4,Crude prevalence,51019
2022,VA,Bland,51021,Mammography use among women aged 50-74 years,73.7,Age-adjusted prevalence,51021
2022,VA,Bland,51021,Mammography use among women aged 50-74 years,74.5,Crude prevalence,51021
2022,VA,Botetourt,51023,Mammography use among women aged 50-74 years,75.8,Age-adjusted prevalence,51023
2022,VA,Botetourt,51023,Mammography use among women aged 50-74 years,75.7,Crude prevalence,51023
2022,VA,Brunswick,51025,Mammography use among women aged 50-74 years,76.9,Age-adjusted prevalence,51025
2022,VA,Brunswick,51025,Mammography use among women aged 50-74 years,77.6,Crude prevalence,51025
2022,VA,Buchanan,51027,Mammography use among women aged 50-74 years,69.6,Age-adjusted prevalence,51027
2022,VA,Buchanan,51027,Mammography use among women aged 50-74 years,70.7,Crude prevalence,51027
2022,VA,Buckingham,51029,Mammography use among women aged 50-74 years,76.2,Age-adjusted prevalence,51029
2022,VA,Buckingham,51029,Mammography use among women aged 50-74 years,77.0,Crude prevalence,51029
2022,VA,Campbell,51031,Mammography use among women aged 50-74 years,73.5,Age-adjusted prevalence,51031
2022,VA,Campbell,51031,Mammography use among women aged 50-74 years,73.8,Crude prevalence,51031
2022,VA,Caroline,51033,Mammography use among women aged 50-74 years,77.6,Age-adjusted prevalence,51033
2022,VA,Caroline,51033,Mammography use among women aged 50-74 years,77.7,Crude prevalence,51033
2022,VA,Carroll,51035,Mammography use among women aged 50-74 years,73.9,Age-adjusted prevalence,51035
2022,VA,Carroll,51035,Mammography use among women aged 50-74 years,75.2,Crude prevalence,51035
2022,VA,Charles City,51036,Mammography use among women aged 50-74 years,76.2,Age-adjusted prevalence,51036
2022,VA,Charles City,51036,Mammography use among women aged 50-74 years,76.6,Crude prevalence,51036
2022,VA,Charlotte,51037,Mammography use among women aged 50-74 years,73.2,Age-adjusted prevalence,51037
2022,VA,Charlotte,51037,Mammography use among women aged 50-74 years,73.7,Crude prevalence,51037
2022,VA,Chesterfield,51041,Mammography use among women aged 50-74 years,81.7,Age-adjusted prevalence,51041
2022,VA,Chesterfield,51041,Mammography use among women aged 50-74 years,81.8,Crude prevalence,51041
2022,VA,Clarke,51043,Mammography use among women aged 50-74 years,78.2,Age-adjusted prevalence,51043
2022,VA,Clarke,51043,Mammography use among women aged 50-74 years,78.3,Crude prevalence,51043
2022,VA,Craig,51045,Mammography use among women aged 50-74 years,75.4,Age-adjusted prevalence,51045
2022,VA,Craig,51045,Mammography use among women aged 50-74 years,76.2,Crude prevalence,51045
2022,VA,Culpeper,51047,Mammography use among women aged 50-74 years,75.0,Age-adjusted prevalence,51047
2022,VA,Culpeper,51047,Mammography use among women aged 50-74 years,75.1,Crude prevalence,51047
2022,VA,Cumberland,51049,Mammography use among women aged 50-74 years,78.6,Age-adjusted prevalence,51049
2022,VA,Cumberland,51049,Mammography use among women aged 50-74 years,79.3,Crude prevalence,51049
2022,VA,Dickenson,51051,Mammography use among women aged 50-74 years,68.0,Age-adjusted prevalence,51051
2022,VA,Dickenson,51051,Mammography use among women aged 50-74 years,69.3,Crude prevalence,51051
2022,VA,Dinwiddie,51053,Mammography use among women aged 50-74 years,74.4,Age-adjusted prevalence,51053
2022,VA,Dinwiddie,51053,Mammography use among women aged 50-74 years,75.3,Crude prevalence,51053
2022,VA,Essex,51057,Mammography use among women aged 50-74 years,74.8,Age-adjusted prevalence,51057
2022,VA,Essex,51057,Mammography use among women aged 50-74 years,76.0,Crude prevalence,51057
2022,VA,Fairfax,51059,Mammography use among women aged 50-74 years,81.4,Age-adjusted prevalence,51059
2022,VA,Fairfax,51059,Mammography use among women aged 50-74 years,81.4,Crude prevalence,51059
2022,VA,Fauquier,51061,Mammography use among women aged 50-74 years,79.5,Age-adjusted prevalence,51061
2022,VA,Fauquier,51061,Mammography use among women aged 50-74 years,79.4,Crude prevalence,51061
2022,VA,Floyd,51063,Mammography use among women aged 50-74 years,73.1,Age-adjusted prevalence,51063
2022,VA,Floyd,51063,Mammography use among women aged 50-74 years,73.9,Crude prevalence,51063
2022,VA,Fluvanna,51065,Mammography use among women aged 50-74 years,75.6,Age-adjusted prevalence,51065
2022,VA,Fluvanna,51065,Mammography use among women aged 50-74 years,76.7,Crude prevalence,51065
2022,VA,Franklin,51067,Mammography use among women aged 50-74 years,73.8,Age-adjusted prevalence,51067
2022,VA,Franklin,51067,Mammography use among women aged 50-74 years,74.7,Crude prevalence,51067
2022,VA,Frederick,51069,Mammography use among women aged 50-74 years,78.7,Age-adjusted prevalence,51069
2022,VA,Frederick,51069,Mammography use among women aged 50-74 years,79.1,Crude prevalence,51069
2022,VA,Giles,51071,Mammography use among women aged 50-74 years,76.2,Age-adjusted prevalence,51071
2022,VA,Giles,51071,Mammography use among women aged 50-74 years,77.0,Crude prevalence,51071
2022,VA,Gloucester,51073,Mammography use among women aged 50-74 years,75.3,Age-adjusted prevalence,51073
2022,VA,Gloucester,51073,Mammography use among women aged 50-74 years,75.8,Crude prevalence,51073
2022,VA,Goochland,51075,Mammography use among women aged 50-74 years,80.7,Age-adjusted prevalence,51075
2022,VA,Goochland,51075,Mammography use among women aged 50-74 years,80.9,Crude prevalence,51075
2022,VA,Grayson,51077,Mammography use among women aged 50-74 years,72.4,Age-adjusted prevalence,51077
2022,VA,Grayson,51077,Mammography use among women aged 50-74 years,72.2,Crude prevalence,51077
2022,VA,Greene,51079,Mammography use among women aged 50-74 years,76.4,Age-adjusted prevalence,51079
2022,VA,Greene,51079,Mammography use among women aged 50-74 years,77.4,Crude prevalence,51079
2022,VA,Greensville,51081,Mammography use among women aged 50-74 years,76.8,Age-adjusted prevalence,51081
2022,VA,Greensville,51081,Mammography use among women aged 50-74 years,77.6,Crude prevalence,51081
2022,VA,Halifax,51083,Mammography use among women aged 50-74 years,75.0,Age-adjusted prevalence,51083
2022,VA,Halifax,51083,Mammography use among women aged 50-74 years,76.5,Crude prevalence,51083
2022,VA,Hanover,51085,Mammography use among women aged 50-74 years,78.6,Age-adjusted prevalence,51085
2022,VA,Hanover,51085,Mammography use among women aged 50-74 years,78.6,Crude prevalence,51085
2022,VA,Henrico,51087,Mammography use among women aged 50-74 years,76.8,Age-adjusted prevalence,51087
2022,VA,Henrico,51087,Mammography use among women aged 50-74 years,77.4,Crude prevalence,51087
2022,VA,Henry,51089,Mammography use among women aged 50-74 years,75.6,Age-adjusted prevalence,51089
2022,VA,Henry,51089,Mammography use among women aged 50-74 years,75.5,Crude prevalence,51089
2022,VA,Highland,51091,Mammography use among women aged 50-74 years,76.7,Age-adjusted prevalence,51091
2022,VA,Highland,51091,Mammography use among women aged 50-74 years,78.8,Crude prevalence,51091
2022,VA,Isle of Wight,51093,Mammography use among women aged 50-74 years,77.5,Age-adjusted prevalence,51093
2022,VA,Isle of Wight,51093,Mammography use among women aged 50-74 years,78.0,Crude prevalence,51093
2022,VA,James City,51095,Mammography use among women aged 50-74 years,78.9,Age-adjusted prevalence,51095
2022,VA,James City,51095,Mammography use among women aged 50-74 years,80.3,Crude prevalence,51095
2022,VA,King and Queen,51097,Mammography use among women aged 50-74 years,74.9,Age-adjusted prevalence,51097
2022,VA,King and Queen,51097,Mammography use among women aged 50-74 years,75.7,Crude prevalence,51097
2022,VA,King George,51099,Mammography use among women aged 50-74 years,77.5,Age-adjusted prevalence,51099
2022,VA,King George,51099,Mammography use among women aged 50-74 years,77.6,Crude prevalence,51099
2022,VA,King William,51101,Mammography use among women aged 50-74 years,74.5,Age-adjusted prevalence,51101
2022,VA,King William,51101,Mammography use among women aged 50-74 years,75.0,Crude prevalence,51101
2022,VA,Lancaster,51103,Mammography use among women aged 50-74 years,75.0,Age-adjusted prevalence,51103
2022,VA,Lancaster,51103,Mammography use among women aged 50-74 years,76.4,Crude prevalence,51103
2022,VA,Lee,51105,Mammography use among women aged 50-74 years,72.1,Age-adjusted prevalence,51105
2022,VA,Lee,51105,Mammography use among women aged 50-74 years,72.2,Crude prevalence,51105
2022,VA,Loudoun,51107,Mammography use among women aged 50-74 years,79.2,Age-adjusted prevalence,51107
2022,VA,Loudoun,51107,Mammography use among women aged 50-74 years,79.0,Crude prevalence,51107
2022,VA,Louisa,51109,Mammography use among women aged 50-74 years,75.0,Age-adjusted prevalence,51109
2022,VA,Louisa,51109,Mammography use among women aged 50-74 years,75.2,Crude prevalence,51109
2022,VA,Lunenburg,51111,Mammography use among women aged 50-74 years,72.2,Age-adjusted prevalence,51111
2022,VA,Lunenburg,51111,Mammography use among women aged 50-74 years,73.9,Crude prevalence,51111
2022,VA,Madison,51113,Mammography use among women aged 50-74 years,76.4,Age-adjusted prevalence,51113
2022,VA,Madison,51113,Mammography use among women aged 50-74 years,77.2,Crude prevalence,51113
2022,VA,Mathews,51115,Mammography use among women aged 50-74 years,76.8,Age-adjusted prevalence,51115
2022,VA,Mathews,51115,Mammography use among women aged 50-74 years,77.8,Crude prevalence,51115
2022,VA,Mecklenburg,51117,Mammography use among women aged 50-74 years,73.1,Age-adjusted prevalence,51117
2022,VA,Mecklenburg,51117,Mammography use among women aged 50-74 years,73.6,Crude prevalence,51117
2022,VA,Middlesex,51119,Mammography use among women aged 50-74 years,82.7,Age-adjusted prevalence,51119
2022,VA,Middlesex,51119,Mammography use among women aged 50-74 years,82.8,Crude prevalence,51119
2022,VA,Montgomery,51121,Mammography use among women aged 50-74 years,77.4,Age-adjusted prevalence,51121
2022,VA,Montgomery,51121,Mammography use among women aged 50-74 years,78.0,Crude prevalence,51121
2022,VA,Nelson,51125,Mammography use among women aged 50-74 years,72.1,Age-adjusted prevalence,51125
2022,VA,Nelson,51125,Mammography use among women aged 50-74 years,74.9,Crude prevalence,51125
2022,VA,New Kent,51127,Mammography use among women aged 50-74 years,81.0,Age-adjusted prevalence,51127
2022,VA,New Kent,51127,Mammography use among women aged 50-74 years,81.6,Crude prevalence,51127
2022,VA,Northampton,51131,Mammography use among women aged 50-74 years,76.4,Age-adjusted prevalence,51131
2022,VA,Northampton,51131,Mammography use among women aged 50-74 years,76.5,Crude prevalence,51131
2022,VA,Northumberland,51133,Mammography use among women aged 50-74 years,79.5,Age-adjusted prevalence,51133
2022,VA,Northumberland,51133,Mammography use among women aged 50-74 years,80.9,Crude prevalence,51133
2022,VA,Nottoway,51135,Mammography use among women aged 50-74 years,76.9,Age-adjusted prevalence,51135
2022,VA,Nottoway,51135,Mammography use among women aged 50-74 years,77.6,Crude prevalence,51135
2022,VA,Orange,51137,Mammography use among women aged 50-74 years,73.6,Age-adjusted prevalence,51137
2022,VA,Orange,51137,Mammography use among women aged 50-74 years,74.0,Crude prevalence,51137
2022,VA,Page,51139,Mammography use among women aged 50-74 years,72.9,Age-adjusted prevalence,51139
2022,VA,Page,51139,Mammography use among women aged 50-74 years,73.5,Crude prevalence,51139
2022,VA,Patrick,51141,Mammography use among women aged 50-74 years,76.1,Age-adjusted prevalence,51141
2022,VA,Patrick,51141,Mammography use among women aged 50-74 years,76.5,Crude prevalence,51141
2022,VA,Pittsylvania,51143,Mammography use among women aged 50-74 years,79.6,Age-adjusted prevalence,51143
2022,VA,Pittsylvania,51143,Mammography use among women aged 50-74 years,79.8,Crude prevalence,51143
2022,VA,Powhatan,51145,Mammography use among women aged 50-74 years,80.9,Age-adjusted prevalence,51145
2022,VA,Powhatan,51145,Mammography use among women aged 50-74 years,81.1,Crude prevalence,51145
2022,VA,Prince Edward,51147,Mammography use among women aged 50-74 years,76.4,Age-adjusted prevalence,51147
2022,VA,Prince Edward,51147,Mammography use among women aged 50-74 years,77.2,Crude prevalence,51147
2022,VA,Prince George,51149,Mammography use among women aged 50-74 years,75.3,Age-adjusted prevalence,51149
2022,VA,Prince George,51149,Mammography use among women aged 50-74 years,75.8,Crude prevalence,51149
2022,VA,Prince William,51153,Mammography use among women aged 50-74 years,78.3,Age-adjusted prevalence,51153
2022,VA,Prince William,51153,Mammography use among women aged 50-74 years,78.4,Crude prevalence,51153
2022,VA,Pulaski,51155,Mammography use among women aged 50-74 years,76.8,Age-adjusted prevalence,51155
2022,VA,Pulaski,51155,Mammography use among women aged 50-74 years,77.9,Crude prevalence,51155
2022,VA,Rappahannock,51157,Mammography use among women aged 50-74 years,73.2,Age-adjusted prevalence,51157
2022,VA,Rappahannock,51157,Mammography use among women aged 50-74 years,74.7,Crude prevalence,51157
2022,VA,Richmond,51159,Mammography use among women aged 50-74 years,75.2,Age-adjusted prevalence,51159
2022,VA,Richmond,51159,Mammography use among women aged 50-74 years,76.1,Crude prevalence,51159
2022,VA,Roanoke,51161,Mammography use among women aged 50-74 years,75.6,Age-adjusted prevalence,51161
2022,VA,Roanoke,51161,Mammography use among women aged 50-74 years,76.3,Crude prevalence,51161
2022,VA,Rockbridge,51163,Mammography use among women aged 50-74 years,77.0,Age-adjusted prevalence,51163
2022,VA,Rockbridge,51163,Mammography use among women aged 50-74 years,77.1,Crude prevalence,51163
2022,VA,Rockingham,51165,Mammography use among women aged 50-74 years,72.7,Age-adjusted prevalence,51165
2022,VA,Rockingham,51165,Mammography use among women aged 50-74 years,74.0,Crude prevalence,51165
2022,VA,Russell,51167,Mammography use among women aged 50-74 years,68.5,Age-adjusted prevalence,51167
2022,VA,Russell,51167,Mammography use among women aged 50-74 years,69.6,Crude prevalence,51167
2022,VA,Scott,51169,Mammography use among women aged 50-74 years,71.7,Age-adjusted prevalence,51169
2022,VA,Scott,51169,Mammography use among women aged 50-74 years,72.2,Crude prevalence,51169
2022,VA,Shenandoah,51171,Mammography use among women aged 50-74 years,73.0,Age-adjusted prevalence,51171
2022,VA,Shenandoah,51171,Mammography use among women aged 50-74 years,73.8,Crude prevalence,51171
2022,VA,Smyth,51173,Mammography use among women aged 50-74 years,74.8,Age-adjusted prevalence,51173
2022,VA,Smyth,51173,Mammography use among women aged 50-74 years,75.4,Crude prevalence,51173
2022,VA,Southampton,51175,Mammography use among women aged 50-74 years,78.1,Age-adjusted prevalence,51175
2022,VA,Southampton,51175,Mammography use among women aged 50-74 years,78.6,Crude prevalence,51175
2022,VA,Spotsylvania,51177,Mammography use among women aged 50-74 years,79.2,Age-adjusted prevalence,51177
2022,VA,Spotsylvania,51177,Mammography use among women aged 50-74 years,79.6,Crude prevalence,51177
2022,VA,Stafford,51179,Mammography use among women aged 50-74 years,75.2,Age-adjusted prevalence,51179
2022,VA,Stafford,51179,Mammography use among women aged 50-74 years,75.3,Crude prevalence,51179
2022,VA,Surry,51181,Mammography use among women aged 50-74 years,78.2,Age-adjusted prevalence,51181
2022,VA,Surry,51181,Mammography use among women aged 50-74 years,78.8,Crude prevalence,51181
2022,VA,Sussex,51183,Mammography use among women aged 50-74 years,79.7,Age-adjusted prevalence,51183
2022,VA,Sussex,51183,Mammography use among women aged 50-74 years,79.8,Crude prevalence,51183
2022,VA,Tazewell,51185,Mammography use among women aged 50-74 years,72.7,Age-adjusted prevalence,51185
2022,VA,Tazewell,51185,Mammography use among women aged 50-74 years,73.5,Crude prevalence,51185
2022,VA,Warren,51187,Mammography use among women aged 50-74 years,73.4,Age-adjusted prevalence,51187
2022,VA,Warren,51187,Mammography use among women aged 50-74 years,73.2,Crude prevalence,51187
2022,VA,Washington,51191,Mammography use among women aged 50-74 years,77.5,Age-adjusted prevalence,51191
2022,VA,Washington,51191,Mammography use among women aged 50-74 years,78.7,Crude prevalence,51191
2022,VA,Westmoreland,51193,Mammography use among women aged 50-74 years,75.9,Age-adjusted prevalence,51193
2022,VA,Westmoreland,51193,Mammography use among women aged 50-74 years,76.8,Crude prevalence,51193
2022,VA,Wise,51195,Mammography use among women aged 50-74 years,71.5,Age-adjusted prevalence,51195
2022,VA,Wise,51195,Mammography use among women aged 50-74 years,72.4,Crude prevalence,51195
2022,VA,Wythe,51197,Mammography use among women aged 50-74 years,70.7,Age-adjusted prevalence,51197
2022,VA,Wythe,51197,Mammography use among women aged 50-74 years,71.2,Crude prevalence,51197
2022,VA,York,51199,Mammography use among women aged 50-74 years,78.6,Age-adjusted prevalence,51199
2022,VA,York,51199,Mammography use among women aged 50-74 years,79.2,Crude prevalence,51199
2022,VA,Alexandria,51510,Mammography use among women aged 50-74 years,81.5,Age-adjusted prevalence,51510
2022,VA,Alexandria,51510,Mammography use among women aged 50-74 years,81.6,Crude prevalence,51510
2022,VA,Bristol,51520,Mammography use among women aged 50-74 years,76.6,Age-adjusted prevalence,51520
2022,VA,Bristol,51520,Mammography use among women aged 50-74 years,77.4,Crude prevalence,51520
2022,VA,Buena Vista,51530,Mammography use among women aged 50-74 years,73.2,Age-adjusted prevalence,51530
2022,VA,Buena Vista,51530,Mammography use among women aged 50-74 years,74.0,Crude prevalence,51530
2022,VA,Charlottesville,51540,Mammography use among women aged 50-74 years,74.9,Age-adjusted prevalence,51540
2022,VA,Charlottesville,51540,Mammography use among women aged 50-74 years,75.6,Crude prevalence,51540
2022,VA,Chesapeake,51550,Mammography use among women aged 50-74 years,79.8,Age-adjusted prevalence,51550
2022,VA,Chesapeake,51550,Mammography use among women aged 50-74 years,80.2,Crude prevalence,51550
2022,VA,Colonial Heights,51570,Mammography use among women aged 50-74 years,80.3,Age-adjusted prevalence,51570
2022,VA,Colonial Heights,51570,Mammography use among women aged 50-74 years,80.9,Crude prevalence,51570
2022,VA,Covington,51580,Mammography use among women aged 50-74 years,73.5,Age-adjusted prevalence,51580
2022,VA,Covington,51580,Mammography use among women aged 50-74 years,74.1,Crude prevalence,51580
2022,VA,Danville,51590,Mammography use among women aged 50-74 years,76.5,Age-adjusted prevalence,51590
2022,VA,Danville,51590,Mammography use among women aged 50-74 years,76.4,Crude prevalence,51590
2022,VA,Emporia,51595,Mammography use among women aged 50-74 years,76.7,Age-adjusted prevalence,51595
2022,VA,Emporia,51595,Mammography use among women aged 50-74 years,77.2,Crude prevalence,51595
2022,VA,Fairfax,51600,Mammography use among women aged 50-74 years,76.9,Age-adjusted prevalence,51600
2022,VA,Fairfax,51600,Mammography use among women aged 50-74 years,77.0,Crude prevalence,51600
2022,VA,Falls Church,51610,Mammography use among women aged 50-74 years,81.6,Age-adjusted prevalence,51610
2022,VA,Falls Church,51610,Mammography use among women aged 50-74 years,81.8,Crude prevalence,51610
2022,VA,Franklin,51620,Mammography use among women aged 50-74 years,75.2,Age-adjusted prevalence,51620
2022,VA,Franklin,51620,Mammography use among women aged 50-74 years,76.2,Crude prevalence,51620
2022,VA,Fredericksburg,51630,Mammography use among women aged 50-74 years,78.6,Age-adjusted prevalence,51630
2022,VA,Fredericksburg,51630,Mammography use among women aged 50-74 years,78.9,Crude prevalence,51630
2022,VA,Galax,51640,Mammography use among women aged 50-74 years,71.5,Age-adjusted prevalence,51640
2022,VA,Galax,51640,Mammography use among women aged 50-74 years,71.3,Crude prevalence,51640
2022,VA,Hampton,51650,Mammography use among women aged 50-74 years,81.0,Age-adjusted prevalence,51650
2022,VA,Hampton,51650,Mammography use among women aged 50-74 years,81.6,Crude prevalence,51650
2022,VA,Harrisonburg,51660,Mammography use among women aged 50-74 years,74.1,Age-adjusted prevalence,51660
2022,VA,Harrisonburg,51660,Mammography use among women aged 50-74 years,74.4,Crude prevalence,51660
2022,VA,Hopewell,51670,Mammography use among women aged 50-74 years,74.1,Age-adjusted prevalence,51670
2022,VA,Hopewell,51670,Mammography use among women aged 50-74 years,74.4,Crude prevalence,51670
2022,VA,Lexington,51678,Mammography use among women aged 50-74 years,78.2,Age-adjusted prevalence,51678
2022,VA,Lexington,51678,Mammography use among women aged 50-74 years,78.7,Crude prevalence,51678
2022,VA,Lynchburg,51680,Mammography use among women aged 50-74 years,74.2,Age-adjusted prevalence,51680
2022,VA,Lynchburg,51680,Mammography use among women aged 50-74 years,74.2,Crude prevalence,51680
2022,VA,Manassas,51683,Mammography use among women aged 50-74 years,78.9,Age-adjusted prevalence,51683
2022,VA,Manassas,51683,Mammography use among women aged 50-74 years,79.0,Crude prevalence,51683
2022,VA,Manassas Park,51685,Mammography use among women aged 50-74 years,75.2,Age-adjusted prevalence,51685
2022,VA,Manassas Park,51685,Mammography use among women aged 50-74 years,74.8,Crude prevalence,51685
2022,VA,Martinsville,51690,Mammography use among women aged 50-74 years,75.3,Age-adjusted prevalence,51690
2022,VA,Martinsville,51690,Mammography use among women aged 50-74 years,75.4,Crude prevalence,51690
2022,VA,Newport News,51700,Mammography use among women aged 50-74 years,80.0,Age-adjusted prevalence,51700
2022,VA,Newport News,51700,Mammography use among women aged 50-74 years,80.4,Crude prevalence,51700
2022,VA,Norfolk,51710,Mammography use among women aged 50-74 years,82.3,Age-adjusted prevalence,51710
2022,VA,Norfolk,51710,Mammography use among women aged 50-74 years,82.7,Crude prevalence,51710
2022,VA,Norton,51720,Mammography use among women aged 50-74 years,74.8,Age-adjusted prevalence,51720
2022,VA,Norton,51720,Mammography use among women aged 50-74 years,74.9,Crude prevalence,51720
2022,VA,Petersburg,51730,Mammography use among women aged 50-74 years,79.4,Age-adjusted prevalence,51730
2022,VA,Petersburg,51730,Mammography use among women aged 50-74 years,80.1,Crude prevalence,51730
2022,VA,Poquoson,51735,Mammography use among women aged 50-74 years,74.9,Age-adjusted prevalence,51735
2022,VA,Poquoson,51735,Mammography use among women aged 50-74 years,75.3,Crude prevalence,51735
2022,VA,Portsmouth,51740,Mammography use among women aged 50-74 years,75.3,Age-adjusted prevalence,51740
2022,VA,Portsmouth,51740,Mammography use among women aged 50-74 years,75.8,Crude prevalence,51740
2022,VA,Radford,51750,Mammography use among women aged 50-74 years,75.2,Age-adjusted prevalence,51750
2022,VA,Radford,51750,Mammography use among women aged 50-74 years,75.2,Crude prevalence,51750
2022,VA,Richmond,51760,Mammography use among women aged 50-74 years,78.3,Age-adjusted prevalence,51760
2022,VA,Richmond,51760,Mammography use among women aged 50-74 years,79.1,Crude prevalence,51760
2022,VA,Roanoke,51770,Mammography use among women aged 50-74 years,76.9,Age-adjusted prevalence,51770
2022,VA,Roanoke,51770,Mammography use among women aged 50-74 years,77.7,Crude prevalence,51770
2022,VA,Salem,51775,Mammography use among women aged 50-74 years,78.2,Age-adjusted prevalence,51775
2022,VA,Salem,51775,Mammography use among women aged 50-74 years,78.6,Crude prevalence,51775
2022,VA,Staunton,51790,Mammography use among women aged 50-74 years,77.3,Age-adjusted prevalence,51790
2022,VA,Staunton,51790,Mammography use among women aged 50-74 years,77.1,Crude prevalence,51790
2022,VA,Suffolk,51800,Mammography use among women aged 50-74 years,80.9,Age-adjusted prevalence,51800
2022,VA,Suffolk,51800,Mammography use among women aged 50-74 years,81.3,Crude prevalence,51800
2022,VA,Virginia Beach,51810,Mammography use among women aged 50-74 years,80.2,Age-adjusted prevalence,51810
2022,VA,Virginia Beach,51810,Mammography use among women aged 50-74 years,80.3,Crude prevalence,51810
2022,VA,Waynesboro,51820,Mammography use among women aged 50-74 years,73.9,Age-adjusted prevalence,51820
2022,VA,Waynesboro,51820,Mammography use among women aged 50-74 years,74.6,Crude prevalence,51820
2022,VA,Williamsburg,51830,Mammography use among women aged 50-74 years,77.7,Age-adjusted prevalence,51830
2022,VA,Williamsburg,51830,Mammography use among women aged 50-74 years,78.8,Crude prevalence,51830
2022,VA,Winchester,51840,Mammography use among women aged 50-74 years,74.6,Age-adjusted prevalence,51840
2022,VA,Winchester,51840,Mammography use among women aged 50-74 years,74.5,Crude prevalence,51840
2022,WA,Adams,53001,Mammography use among women aged 50-74 years,65.8,Age-adjusted prevalence,53001
2022,WA,Adams,53001,Mammography use among women aged 50-74 years,66.0,Crude prevalence,53001
2022,WA,Asotin,53003,Mammography use among women aged 50-74 years,71.4,Age-adjusted prevalence,53003
2022,WA,Asotin,53003,Mammography use among women aged 50-74 years,71.0,Crude prevalence,53003
2022,WA,Benton,53005,Mammography use among women aged 50-74 years,72.4,Age-adjusted prevalence,53005
2022,WA,Benton,53005,Mammography use among women aged 50-74 years,72.3,Crude prevalence,53005
2022,WA,Chelan,53007,Mammography use among women aged 50-74 years,68.8,Age-adjusted prevalence,53007
2022,WA,Chelan,53007,Mammography use among women aged 50-74 years,69.5,Crude prevalence,53007
2022,WA,Clallam,53009,Mammography use among women aged 50-74 years,71.3,Age-adjusted prevalence,53009
2022,WA,Clallam,53009,Mammography use among women aged 50-74 years,73.0,Crude prevalence,53009
2022,WA,Clark,53011,Mammography use among women aged 50-74 years,74.6,Age-adjusted prevalence,53011
2022,WA,Clark,53011,Mammography use among women aged 50-74 years,75.2,Crude prevalence,53011
2022,WA,Columbia,53013,Mammography use among women aged 50-74 years,64.4,Age-adjusted prevalence,53013
2022,WA,Columbia,53013,Mammography use among women aged 50-74 years,65.8,Crude prevalence,53013
2022,WA,Cowlitz,53015,Mammography use among women aged 50-74 years,75.4,Age-adjusted prevalence,53015
2022,WA,Cowlitz,53015,Mammography use among women aged 50-74 years,75.7,Crude prevalence,53015
2022,WA,Douglas,53017,Mammography use among women aged 50-74 years,66.2,Age-adjusted prevalence,53017
2022,WA,Douglas,53017,Mammography use among women aged 50-74 years,67.6,Crude prevalence,53017
2022,WA,Ferry,53019,Mammography use among women aged 50-74 years,61.6,Age-adjusted prevalence,53019
2022,WA,Ferry,53019,Mammography use among women aged 50-74 years,62.7,Crude prevalence,53019
2022,WA,Franklin,53021,Mammography use among women aged 50-74 years,69.3,Age-adjusted prevalence,53021
2022,WA,Franklin,53021,Mammography use among women aged 50-74 years,69.5,Crude prevalence,53021
2022,WA,Garfield,53023,Mammography use among women aged 50-74 years,72.5,Age-adjusted prevalence,53023
2022,WA,Garfield,53023,Mammography use among women aged 50-74 years,75.2,Crude prevalence,53023
2022,WA,Grant,53025,Mammography use among women aged 50-74 years,67.3,Age-adjusted prevalence,53025
2022,WA,Grant,53025,Mammography use among women aged 50-74 years,68.4,Crude prevalence,53025
2022,WA,Grays Harbor,53027,Mammography use among women aged 50-74 years,72.8,Age-adjusted prevalence,53027
2022,WA,Grays Harbor,53027,Mammography use among women aged 50-74 years,74.1,Crude prevalence,53027
2022,WA,Island,53029,Mammography use among women aged 50-74 years,71.7,Age-adjusted prevalence,53029
2022,WA,Island,53029,Mammography use among women aged 50-74 years,74.4,Crude prevalence,53029
2022,WA,Jefferson,53031,Mammography use among women aged 50-74 years,65.9,Age-adjusted prevalence,53031
2022,WA,Jefferson,53031,Mammography use among women aged 50-74 years,67.0,Crude prevalence,53031
2022,WA,King,53033,Mammography use among women aged 50-74 years,75.4,Age-adjusted prevalence,53033
2022,WA,King,53033,Mammography use among women aged 50-74 years,75.6,Crude prevalence,53033
2022,WA,Kitsap,53035,Mammography use among women aged 50-74 years,71.5,Age-adjusted prevalence,53035
2022,WA,Kitsap,53035,Mammography use among women aged 50-74 years,72.2,Crude prevalence,53035
2022,WA,Kittitas,53037,Mammography use among women aged 50-74 years,70.9,Age-adjusted prevalence,53037
2022,WA,Kittitas,53037,Mammography use among women aged 50-74 years,71.1,Crude prevalence,53037
2022,WA,Klickitat,53039,Mammography use among women aged 50-74 years,71.0,Age-adjusted prevalence,53039
2022,WA,Klickitat,53039,Mammography use among women aged 50-74 years,70.8,Crude prevalence,53039
2022,WA,Lewis,53041,Mammography use among women aged 50-74 years,64.8,Age-adjusted prevalence,53041
2022,WA,Lewis,53041,Mammography use among women aged 50-74 years,66.0,Crude prevalence,53041
2022,WA,Lincoln,53043,Mammography use among women aged 50-74 years,69.7,Age-adjusted prevalence,53043
2022,WA,Lincoln,53043,Mammography use among women aged 50-74 years,68.9,Crude prevalence,53043
2022,WA,Mason,53045,Mammography use among women aged 50-74 years,70.5,Age-adjusted prevalence,53045
2022,WA,Mason,53045,Mammography use among women aged 50-74 years,71.2,Crude prevalence,53045
2022,WA,Okanogan,53047,Mammography use among women aged 50-74 years,70.7,Age-adjusted prevalence,53047
2022,WA,Okanogan,53047,Mammography use among women aged 50-74 years,72.3,Crude prevalence,53047
2022,WA,Pacific,53049,Mammography use among women aged 50-74 years,71.7,Age-adjusted prevalence,53049
2022,WA,Pacific,53049,Mammography use among women aged 50-74 years,73.9,Crude prevalence,53049
2022,WA,Pend Oreille,53051,Mammography use among women aged 50-74 years,70.8,Age-adjusted prevalence,53051
2022,WA,Pend Oreille,53051,Mammography use among women aged 50-74 years,72.3,Crude prevalence,53051
2022,WA,Pierce,53053,Mammography use among women aged 50-74 years,74.2,Age-adjusted prevalence,53053
2022,WA,Pierce,53053,Mammography use among women aged 50-74 years,74.9,Crude prevalence,53053
2022,WA,San Juan,53055,Mammography use among women aged 50-74 years,71.7,Age-adjusted prevalence,53055
2022,WA,San Juan,53055,Mammography use among women aged 50-74 years,74.1,Crude prevalence,53055
2022,WA,Skagit,53057,Mammography use among women aged 50-74 years,76.4,Age-adjusted prevalence,53057
2022,WA,Skagit,53057,Mammography use among women aged 50-74 years,76.9,Crude prevalence,53057
2022,WA,Skamania,53059,Mammography use among women aged 50-74 years,68.6,Age-adjusted prevalence,53059
2022,WA,Skamania,53059,Mammography use among women aged 50-74 years,69.9,Crude prevalence,53059
2022,WA,Snohomish,53061,Mammography use among women aged 50-74 years,74.2,Age-adjusted prevalence,53061
2022,WA,Snohomish,53061,Mammography use among women aged 50-74 years,74.4,Crude prevalence,53061
2022,WA,Spokane,53063,Mammography use among women aged 50-74 years,76.4,Age-adjusted prevalence,53063
2022,WA,Spokane,53063,Mammography use among women aged 50-74 years,76.9,Crude prevalence,53063
2022,WA,Stevens,53065,Mammography use among women aged 50-74 years,63.6,Age-adjusted prevalence,53065
2022,WA,Stevens,53065,Mammography use among women aged 50-74 years,64.9,Crude prevalence,53065
2022,WA,Thurston,53067,Mammography use among women aged 50-74 years,75.1,Age-adjusted prevalence,53067
2022,WA,Thurston,53067,Mammography use among women aged 50-74 years,75.1,Crude prevalence,53067
2022,WA,Wahkiakum,53069,Mammography use among women aged 50-74 years,69.4,Age-adjusted prevalence,53069
2022,WA,Wahkiakum,53069,Mammography use among women aged 50-74 years,72.3,Crude prevalence,53069
2022,WA,Walla Walla,53071,Mammography use among women aged 50-74 years,73.9,Age-adjusted prevalence,53071
2022,WA,Walla Walla,53071,Mammography use among women aged 50-74 years,74.9,Crude prevalence,53071
2022,WA,Whatcom,53073,Mammography use among women aged 50-74 years,72.3,Age-adjusted prevalence,53073
2022,WA,Whatcom,53073,Mammography use among women aged 50-74 years,73.9,Crude prevalence,53073
2022,WA,Whitman,53075,Mammography use among women aged 50-74 years,72.5,Age-adjusted prevalence,53075
2022,WA,Whitman,53075,Mammography use among women aged 50-74 years,73.0,Crude prevalence,53075
2022,WA,Yakima,53077,Mammography use among women aged 50-74 years,67.2,Age-adjusted prevalence,53077
2022,WA,Yakima,53077,Mammography use among women aged 50-74 years,67.8,Crude prevalence,53077
2022,WV,Barbour,54001,Mammography use among women aged 50-74 years,73.8,Age-adjusted prevalence,54001
2022,WV,Barbour,54001,Mammography use among women aged 50-74 years,73.6,Crude prevalence,54001
2022,WV,Berkeley,54003,Mammography use among women aged 50-74 years,79.3,Age-adjusted prevalence,54003
2022,WV,Berkeley,54003,Mammography use among women aged 50-74 years,79.6,Crude prevalence,54003
2022,WV,Boone,54005,Mammography use among women aged 50-74 years,70.4,Age-adjusted prevalence,54005
2022,WV,Boone,54005,Mammography use among women aged 50-74 years,71.5,Crude prevalence,54005
2022,WV,Braxton,54007,Mammography use among women aged 50-74 years,75.1,Age-adjusted prevalence,54007
2022,WV,Braxton,54007,Mammography use among women aged 50-74 years,76.1,Crude prevalence,54007
2022,WV,Brooke,54009,Mammography use among women aged 50-74 years,79.5,Age-adjusted prevalence,54009
2022,WV,Brooke,54009,Mammography use among women aged 50-74 years,80.7,Crude prevalence,54009
2022,WV,Cabell,54011,Mammography use among women aged 50-74 years,74.1,Age-adjusted prevalence,54011
2022,WV,Cabell,54011,Mammography use among women aged 50-74 years,75.4,Crude prevalence,54011
2022,WV,Calhoun,54013,Mammography use among women aged 50-74 years,71.8,Age-adjusted prevalence,54013
2022,WV,Calhoun,54013,Mammography use among women aged 50-74 years,72.2,Crude prevalence,54013
2022,WV,Clay,54015,Mammography use among women aged 50-74 years,71.2,Age-adjusted prevalence,54015
2022,WV,Clay,54015,Mammography use among women aged 50-74 years,72.6,Crude prevalence,54015
2022,WV,Doddridge,54017,Mammography use among women aged 50-74 years,75.9,Age-adjusted prevalence,54017
2022,WV,Doddridge,54017,Mammography use among women aged 50-74 years,76.9,Crude prevalence,54017
2022,WV,Fayette,54019,Mammography use among women aged 50-74 years,78.4,Age-adjusted prevalence,54019
2022,WV,Fayette,54019,Mammography use among women aged 50-74 years,79.1,Crude prevalence,54019
2022,WV,Gilmer,54021,Mammography use among women aged 50-74 years,74.8,Age-adjusted prevalence,54021
2022,WV,Gilmer,54021,Mammography use among women aged 50-74 years,75.5,Crude prevalence,54021
2022,WV,Grant,54023,Mammography use among women aged 50-74 years,73.6,Age-adjusted prevalence,54023
2022,WV,Grant,54023,Mammography use among women aged 50-74 years,74.5,Crude prevalence,54023
2022,WV,Greenbrier,54025,Mammography use among women aged 50-74 years,72.8,Age-adjusted prevalence,54025
2022,WV,Greenbrier,54025,Mammography use among women aged 50-74 years,72.5,Crude prevalence,54025
2022,WV,Hampshire,54027,Mammography use among women aged 50-74 years,77.4,Age-adjusted prevalence,54027
2022,WV,Hampshire,54027,Mammography use among women aged 50-74 years,77.8,Crude prevalence,54027
2022,WV,Hancock,54029,Mammography use among women aged 50-74 years,71.7,Age-adjusted prevalence,54029
2022,WV,Hancock,54029,Mammography use among women aged 50-74 years,72.2,Crude prevalence,54029
2022,WV,Hardy,54031,Mammography use among women aged 50-74 years,73.7,Age-adjusted prevalence,54031
2022,WV,Hardy,54031,Mammography use among women aged 50-74 years,74.2,Crude prevalence,54031
2022,WV,Harrison,54033,Mammography use among women aged 50-74 years,74.3,Age-adjusted prevalence,54033
2022,WV,Harrison,54033,Mammography use among women aged 50-74 years,75.0,Crude prevalence,54033
2022,WV,Jackson,54035,Mammography use among women aged 50-74 years,73.5,Age-adjusted prevalence,54035
2022,WV,Jackson,54035,Mammography use among women aged 50-74 years,74.3,Crude prevalence,54035
2022,WV,Jefferson,54037,Mammography use among women aged 50-74 years,78.8,Age-adjusted prevalence,54037
2022,WV,Jefferson,54037,Mammography use among women aged 50-74 years,78.8,Crude prevalence,54037
2022,WV,Kanawha,54039,Mammography use among women aged 50-74 years,71.7,Age-adjusted prevalence,54039
2022,WV,Kanawha,54039,Mammography use among women aged 50-74 years,72.7,Crude prevalence,54039
2022,WV,Lewis,54041,Mammography use among women aged 50-74 years,73.9,Age-adjusted prevalence,54041
2022,WV,Lewis,54041,Mammography use among women aged 50-74 years,74.2,Crude prevalence,54041
2022,WV,Lincoln,54043,Mammography use among women aged 50-74 years,71.6,Age-adjusted prevalence,54043
2022,WV,Lincoln,54043,Mammography use among women aged 50-74 years,72.6,Crude prevalence,54043
2022,WV,Logan,54045,Mammography use among women aged 50-74 years,68.1,Age-adjusted prevalence,54045
2022,WV,Logan,54045,Mammography use among women aged 50-74 years,69.0,Crude prevalence,54045
2022,WV,McDowell,54047,Mammography use among women aged 50-74 years,69.8,Age-adjusted prevalence,54047
2022,WV,McDowell,54047,Mammography use among women aged 50-74 years,70.7,Crude prevalence,54047
2022,WV,Marion,54049,Mammography use among women aged 50-74 years,77.2,Age-adjusted prevalence,54049
2022,WV,Marion,54049,Mammography use among women aged 50-74 years,78.1,Crude prevalence,54049
2022,WV,Marshall,54051,Mammography use among women aged 50-74 years,77.4,Age-adjusted prevalence,54051
2022,WV,Marshall,54051,Mammography use among women aged 50-74 years,78.0,Crude prevalence,54051
2022,WV,Mason,54053,Mammography use among women aged 50-74 years,75.4,Age-adjusted prevalence,54053
2022,WV,Mason,54053,Mammography use among women aged 50-74 years,75.6,Crude prevalence,54053
2022,WV,Mercer,54055,Mammography use among women aged 50-74 years,77.8,Age-adjusted prevalence,54055
2022,WV,Mercer,54055,Mammography use among women aged 50-74 years,78.3,Crude prevalence,54055
2022,WV,Mineral,54057,Mammography use among women aged 50-74 years,78.2,Age-adjusted prevalence,54057
2022,WV,Mineral,54057,Mammography use among women aged 50-74 years,78.8,Crude prevalence,54057
2022,WV,Mingo,54059,Mammography use among women aged 50-74 years,72.4,Age-adjusted prevalence,54059
2022,WV,Mingo,54059,Mammography use among women aged 50-74 years,73.4,Crude prevalence,54059
2022,WV,Monongalia,54061,Mammography use among women aged 50-74 years,82.2,Age-adjusted prevalence,54061
2022,WV,Monongalia,54061,Mammography use among women aged 50-74 years,83.0,Crude prevalence,54061
2022,WV,Monroe,54063,Mammography use among women aged 50-74 years,73.9,Age-adjusted prevalence,54063
2022,WV,Monroe,54063,Mammography use among women aged 50-74 years,75.9,Crude prevalence,54063
2022,WV,Morgan,54065,Mammography use among women aged 50-74 years,72.0,Age-adjusted prevalence,54065
2022,WV,Morgan,54065,Mammography use among women aged 50-74 years,73.8,Crude prevalence,54065
2022,WV,Nicholas,54067,Mammography use among women aged 50-74 years,76.7,Age-adjusted prevalence,54067
2022,WV,Nicholas,54067,Mammography use among women aged 50-74 years,76.4,Crude prevalence,54067
2022,WV,Ohio,54069,Mammography use among women aged 50-74 years,77.8,Age-adjusted prevalence,54069
2022,WV,Ohio,54069,Mammography use among women aged 50-74 years,79.2,Crude prevalence,54069
2022,WV,Pendleton,54071,Mammography use among women aged 50-74 years,73.3,Age-adjusted prevalence,54071
2022,WV,Pendleton,54071,Mammography use among women aged 50-74 years,74.0,Crude prevalence,54071
2022,WV,Pleasants,54073,Mammography use among women aged 50-74 years,78.7,Age-adjusted prevalence,54073
2022,WV,Pleasants,54073,Mammography use among women aged 50-74 years,78.6,Crude prevalence,54073
2022,WV,Pocahontas,54075,Mammography use among women aged 50-74 years,72.4,Age-adjusted prevalence,54075
2022,WV,Pocahontas,54075,Mammography use among women aged 50-74 years,73.3,Crude prevalence,54075
2022,WV,Preston,54077,Mammography use among women aged 50-74 years,75.6,Age-adjusted prevalence,54077
2022,WV,Preston,54077,Mammography use among women aged 50-74 years,76.9,Crude prevalence,54077
2022,WV,Putnam,54079,Mammography use among women aged 50-74 years,74.2,Age-adjusted prevalence,54079
2022,WV,Putnam,54079,Mammography use among women aged 50-74 years,74.3,Crude prevalence,54079
2022,WV,Raleigh,54081,Mammography use among women aged 50-74 years,73.9,Age-adjusted prevalence,54081
2022,WV,Raleigh,54081,Mammography use among women aged 50-74 years,75.3,Crude prevalence,54081
2022,WV,Randolph,54083,Mammography use among women aged 50-74 years,72.7,Age-adjusted prevalence,54083
2022,WV,Randolph,54083,Mammography use among women aged 50-74 years,73.3,Crude prevalence,54083
2022,WV,Ritchie,54085,Mammography use among women aged 50-74 years,74.9,Age-adjusted prevalence,54085
2022,WV,Ritchie,54085,Mammography use among women aged 50-74 years,75.4,Crude prevalence,54085
2022,WV,Roane,54087,Mammography use among women aged 50-74 years,72.3,Age-adjusted prevalence,54087
2022,WV,Roane,54087,Mammography use among women aged 50-74 years,73.5,Crude prevalence,54087
2022,WV,Summers,54089,Mammography use among women aged 50-74 years,75.1,Age-adjusted prevalence,54089
2022,WV,Summers,54089,Mammography use among women aged 50-74 years,75.9,Crude prevalence,54089
2022,WV,Taylor,54091,Mammography use among women aged 50-74 years,75.9,Age-adjusted prevalence,54091
2022,WV,Taylor,54091,Mammography use among women aged 50-74 years,75.8,Crude prevalence,54091
2022,WV,Tucker,54093,Mammography use among women aged 50-74 years,74.9,Age-adjusted prevalence,54093
2022,WV,Tucker,54093,Mammography use among women aged 50-74 years,75.4,Crude prevalence,54093
2022,WV,Tyler,54095,Mammography use among women aged 50-74 years,72.7,Age-adjusted prevalence,54095
2022,WV,Tyler,54095,Mammography use among women aged 50-74 years,74.6,Crude prevalence,54095
2022,WV,Upshur,54097,Mammography use among women aged 50-74 years,74.8,Age-adjusted prevalence,54097
2022,WV,Upshur,54097,Mammography use among women aged 50-74 years,75.3,Crude prevalence,54097
2022,WV,Wayne,54099,Mammography use among women aged 50-74 years,75.2,Age-adjusted prevalence,54099
2022,WV,Wayne,54099,Mammography use among women aged 50-74 years,75.2,Crude prevalence,54099
2022,WV,Webster,54101,Mammography use among women aged 50-74 years,69.4,Age-adjusted prevalence,54101
2022,WV,Webster,54101,Mammography use among women aged 50-74 years,71.2,Crude prevalence,54101
2022,WV,Wetzel,54103,Mammography use among women aged 50-74 years,71.1,Age-adjusted prevalence,54103
2022,WV,Wetzel,54103,Mammography use among women aged 50-74 years,72.4,Crude prevalence,54103
2022,WV,Wirt,54105,Mammography use among women aged 50-74 years,74.7,Age-adjusted prevalence,54105
2022,WV,Wirt,54105,Mammography use among women aged 50-74 years,75.2,Crude prevalence,54105
2022,WV,Wood,54107,Mammography use among women aged 50-74 years,77.6,Age-adjusted prevalence,54107
2022,WV,Wood,54107,Mammography use among women aged 50-74 years,78.4,Crude prevalence,54107
2022,WV,Wyoming,54109,Mammography use among women aged 50-74 years,68.3,Age-adjusted prevalence,54109
2022,WV,Wyoming,54109,Mammography use among women aged 50-74 years,69.1,Crude prevalence,54109
2022,WI,Adams,55001,Mammography use among women aged 50-74 years,76.2,Age-adjusted prevalence,55001
2022,WI,Adams,55001,Mammography use among women aged 50-74 years,76.7,Crude prevalence,55001
2022,WI,Ashland,55003,Mammography use among women aged 50-74 years,76.1,Age-adjusted prevalence,55003
2022,WI,Ashland,55003,Mammography use among women aged 50-74 years,77.3,Crude prevalence,55003
2022,WI,Barron,55005,Mammography use among women aged 50-74 years,78.6,Age-adjusted prevalence,55005
2022,WI,Barron,55005,Mammography use among women aged 50-74 years,79.7,Crude prevalence,55005
2022,WI,Bayfield,55007,Mammography use among women aged 50-74 years,81.1,Age-adjusted prevalence,55007
2022,WI,Bayfield,55007,Mammography use among women aged 50-74 years,82.0,Crude prevalence,55007
2022,WI,Brown,55009,Mammography use among women aged 50-74 years,81.8,Age-adjusted prevalence,55009
2022,WI,Brown,55009,Mammography use among women aged 50-74 years,82.3,Crude prevalence,55009
2022,WI,Buffalo,55011,Mammography use among women aged 50-74 years,79.3,Age-adjusted prevalence,55011
2022,WI,Buffalo,55011,Mammography use among women aged 50-74 years,80.2,Crude prevalence,55011
2022,WI,Burnett,55013,Mammography use among women aged 50-74 years,80.8,Age-adjusted prevalence,55013
2022,WI,Burnett,55013,Mammography use among women aged 50-74 years,81.1,Crude prevalence,55013
2022,WI,Calumet,55015,Mammography use among women aged 50-74 years,78.4,Age-adjusted prevalence,55015
2022,WI,Calumet,55015,Mammography use among women aged 50-74 years,78.8,Crude prevalence,55015
2022,WI,Chippewa,55017,Mammography use among women aged 50-74 years,77.6,Age-adjusted prevalence,55017
2022,WI,Chippewa,55017,Mammography use among women aged 50-74 years,78.9,Crude prevalence,55017
2022,WI,Clark,55019,Mammography use among women aged 50-74 years,75.9,Age-adjusted prevalence,55019
2022,WI,Clark,55019,Mammography use among women aged 50-74 years,76.2,Crude prevalence,55019
2022,WI,Columbia,55021,Mammography use among women aged 50-74 years,77.9,Age-adjusted prevalence,55021
2022,WI,Columbia,55021,Mammography use among women aged 50-74 years,78.5,Crude prevalence,55021
2022,WI,Crawford,55023,Mammography use among women aged 50-74 years,76.0,Age-adjusted prevalence,55023
2022,WI,Crawford,55023,Mammography use among women aged 50-74 years,77.0,Crude prevalence,55023
2022,WI,Dane,55025,Mammography use among women aged 50-74 years,79.6,Age-adjusted prevalence,55025
2022,WI,Dane,55025,Mammography use among women aged 50-74 years,79.9,Crude prevalence,55025
2022,WI,Dodge,55027,Mammography use among women aged 50-74 years,78.3,Age-adjusted prevalence,55027
2022,WI,Dodge,55027,Mammography use among women aged 50-74 years,78.8,Crude prevalence,55027
2022,WI,Door,55029,Mammography use among women aged 50-74 years,79.1,Age-adjusted prevalence,55029
2022,WI,Door,55029,Mammography use among women aged 50-74 years,80.7,Crude prevalence,55029
2022,WI,Douglas,55031,Mammography use among women aged 50-74 years,79.3,Age-adjusted prevalence,55031
2022,WI,Douglas,55031,Mammography use among women aged 50-74 years,80.1,Crude prevalence,55031
2022,WI,Dunn,55033,Mammography use among women aged 50-74 years,78.7,Age-adjusted prevalence,55033
2022,WI,Dunn,55033,Mammography use among women aged 50-74 years,78.7,Crude prevalence,55033
2022,WI,Eau Claire,55035,Mammography use among women aged 50-74 years,80.1,Age-adjusted prevalence,55035
2022,WI,Eau Claire,55035,Mammography use among women aged 50-74 years,81.5,Crude prevalence,55035
2022,WI,Florence,55037,Mammography use among women aged 50-74 years,76.5,Age-adjusted prevalence,55037
2022,WI,Florence,55037,Mammography use among women aged 50-74 years,77.3,Crude prevalence,55037
2022,WI,Fond du Lac,55039,Mammography use among women aged 50-74 years,77.4,Age-adjusted prevalence,55039
2022,WI,Fond du Lac,55039,Mammography use among women aged 50-74 years,77.6,Crude prevalence,55039
2022,WI,Forest,55041,Mammography use among women aged 50-74 years,78.2,Age-adjusted prevalence,55041
2022,WI,Forest,55041,Mammography use among women aged 50-74 years,79.6,Crude prevalence,55041
2022,WI,Grant,55043,Mammography use among women aged 50-74 years,77.8,Age-adjusted prevalence,55043
2022,WI,Grant,55043,Mammography use among women aged 50-74 years,78.1,Crude prevalence,55043
2022,WI,Green,55045,Mammography use among women aged 50-74 years,80.0,Age-adjusted prevalence,55045
2022,WI,Green,55045,Mammography use among women aged 50-74 years,80.5,Crude prevalence,55045
2022,WI,Green Lake,55047,Mammography use among women aged 50-74 years,74.1,Age-adjusted prevalence,55047
2022,WI,Green Lake,55047,Mammography use among women aged 50-74 years,75.1,Crude prevalence,55047
2022,WI,Iowa,55049,Mammography use among women aged 50-74 years,77.0,Age-adjusted prevalence,55049
2022,WI,Iowa,55049,Mammography use among women aged 50-74 years,77.4,Crude prevalence,55049
2022,WI,Iron,55051,Mammography use among women aged 50-74 years,77.8,Age-adjusted prevalence,55051
2022,WI,Iron,55051,Mammography use among women aged 50-74 years,79.2,Crude prevalence,55051
2022,WI,Jackson,55053,Mammography use among women aged 50-74 years,78.1,Age-adjusted prevalence,55053
2022,WI,Jackson,55053,Mammography use among women aged 50-74 years,78.7,Crude prevalence,55053
2022,WI,Jefferson,55055,Mammography use among women aged 50-74 years,77.2,Age-adjusted prevalence,55055
2022,WI,Jefferson,55055,Mammography use among women aged 50-74 years,77.8,Crude prevalence,55055
2022,WI,Juneau,55057,Mammography use among women aged 50-74 years,75.0,Age-adjusted prevalence,55057
2022,WI,Juneau,55057,Mammography use among women aged 50-74 years,75.7,Crude prevalence,55057
2022,WI,Kenosha,55059,Mammography use among women aged 50-74 years,78.6,Age-adjusted prevalence,55059
2022,WI,Kenosha,55059,Mammography use among women aged 50-74 years,78.9,Crude prevalence,55059
2022,WI,Kewaunee,55061,Mammography use among women aged 50-74 years,77.0,Age-adjusted prevalence,55061
2022,WI,Kewaunee,55061,Mammography use among women aged 50-74 years,78.4,Crude prevalence,55061
2022,WI,La Crosse,55063,Mammography use among women aged 50-74 years,79.9,Age-adjusted prevalence,55063
2022,WI,La Crosse,55063,Mammography use among women aged 50-74 years,80.4,Crude prevalence,55063
2022,WI,Lafayette,55065,Mammography use among women aged 50-74 years,77.4,Age-adjusted prevalence,55065
2022,WI,Lafayette,55065,Mammography use among women aged 50-74 years,77.2,Crude prevalence,55065
2022,WI,Langlade,55067,Mammography use among women aged 50-74 years,77.2,Age-adjusted prevalence,55067
2022,WI,Langlade,55067,Mammography use among women aged 50-74 years,78.1,Crude prevalence,55067
2022,WI,Lincoln,55069,Mammography use among women aged 50-74 years,78.3,Age-adjusted prevalence,55069
2022,WI,Lincoln,55069,Mammography use among women aged 50-74 years,79.0,Crude prevalence,55069
2022,WI,Manitowoc,55071,Mammography use among women aged 50-74 years,75.9,Age-adjusted prevalence,55071
2022,WI,Manitowoc,55071,Mammography use among women aged 50-74 years,76.1,Crude prevalence,55071
2022,WI,Marathon,55073,Mammography use among women aged 50-74 years,76.1,Age-adjusted prevalence,55073
2022,WI,Marathon,55073,Mammography use among women aged 50-74 years,76.8,Crude prevalence,55073
2022,WI,Marinette,55075,Mammography use among women aged 50-74 years,76.3,Age-adjusted prevalence,55075
2022,WI,Marinette,55075,Mammography use among women aged 50-74 years,76.9,Crude prevalence,55075
2022,WI,Marquette,55077,Mammography use among women aged 50-74 years,79.2,Age-adjusted prevalence,55077
2022,WI,Marquette,55077,Mammography use among women aged 50-74 years,79.2,Crude prevalence,55077
2022,WI,Menominee,55078,Mammography use among women aged 50-74 years,73.9,Age-adjusted prevalence,55078
2022,WI,Menominee,55078,Mammography use among women aged 50-74 years,74.9,Crude prevalence,55078
2022,WI,Milwaukee,55079,Mammography use among women aged 50-74 years,82.6,Age-adjusted prevalence,55079
2022,WI,Milwaukee,55079,Mammography use among women aged 50-74 years,82.7,Crude prevalence,55079
2022,WI,Monroe,55081,Mammography use among women aged 50-74 years,77.2,Age-adjusted prevalence,55081
2022,WI,Monroe,55081,Mammography use among women aged 50-74 years,78.2,Crude prevalence,55081
2022,WI,Oconto,55083,Mammography use among women aged 50-74 years,77.8,Age-adjusted prevalence,55083
2022,WI,Oconto,55083,Mammography use among women aged 50-74 years,77.8,Crude prevalence,55083
2022,WI,Oneida,55085,Mammography use among women aged 50-74 years,77.7,Age-adjusted prevalence,55085
2022,WI,Oneida,55085,Mammography use among women aged 50-74 years,78.8,Crude prevalence,55085
2022,WI,Outagamie,55087,Mammography use among women aged 50-74 years,80.5,Age-adjusted prevalence,55087
2022,WI,Outagamie,55087,Mammography use among women aged 50-74 years,81.0,Crude prevalence,55087
2022,WI,Ozaukee,55089,Mammography use among women aged 50-74 years,83.5,Age-adjusted prevalence,55089
2022,WI,Ozaukee,55089,Mammography use among women aged 50-74 years,84.2,Crude prevalence,55089
2022,WI,Pepin,55091,Mammography use among women aged 50-74 years,77.7,Age-adjusted prevalence,55091
2022,WI,Pepin,55091,Mammography use among women aged 50-74 years,78.7,Crude prevalence,55091
2022,WI,Pierce,55093,Mammography use among women aged 50-74 years,75.5,Age-adjusted prevalence,55093
2022,WI,Pierce,55093,Mammography use among women aged 50-74 years,76.0,Crude prevalence,55093
2022,WI,Polk,55095,Mammography use among women aged 50-74 years,79.2,Age-adjusted prevalence,55095
2022,WI,Polk,55095,Mammography use among women aged 50-74 years,79.6,Crude prevalence,55095
2022,WI,Portage,55097,Mammography use among women aged 50-74 years,80.2,Age-adjusted prevalence,55097
2022,WI,Portage,55097,Mammography use among women aged 50-74 years,80.0,Crude prevalence,55097
2022,WI,Price,55099,Mammography use among women aged 50-74 years,75.4,Age-adjusted prevalence,55099
2022,WI,Price,55099,Mammography use among women aged 50-74 years,76.4,Crude prevalence,55099
2022,WI,Racine,55101,Mammography use among women aged 50-74 years,82.8,Age-adjusted prevalence,55101
2022,WI,Racine,55101,Mammography use among women aged 50-74 years,82.8,Crude prevalence,55101
2022,WI,Richland,55103,Mammography use among women aged 50-74 years,75.4,Age-adjusted prevalence,55103
2022,WI,Richland,55103,Mammography use among women aged 50-74 years,76.3,Crude prevalence,55103
2022,WI,Rock,55105,Mammography use among women aged 50-74 years,73.6,Age-adjusted prevalence,55105
2022,WI,Rock,55105,Mammography use among women aged 50-74 years,74.0,Crude prevalence,55105
2022,WI,Rusk,55107,Mammography use among women aged 50-74 years,77.1,Age-adjusted prevalence,55107
2022,WI,Rusk,55107,Mammography use among women aged 50-74 years,78.7,Crude prevalence,55107
2022,WI,St. Croix,55109,Mammography use among women aged 50-74 years,80.2,Age-adjusted prevalence,55109
2022,WI,St. Croix,55109,Mammography use among women aged 50-74 years,80.5,Crude prevalence,55109
2022,WI,Sauk,55111,Mammography use among women aged 50-74 years,79.7,Age-adjusted prevalence,55111
2022,WI,Sauk,55111,Mammography use among women aged 50-74 years,80.1,Crude prevalence,55111
2022,WI,Sawyer,55113,Mammography use among women aged 50-74 years,77.3,Age-adjusted prevalence,55113
2022,WI,Sawyer,55113,Mammography use among women aged 50-74 years,77.4,Crude prevalence,55113
2022,WI,Shawano,55115,Mammography use among women aged 50-74 years,75.3,Age-adjusted prevalence,55115
2022,WI,Shawano,55115,Mammography use among women aged 50-74 years,75.9,Crude prevalence,55115
2022,WI,Sheboygan,55117,Mammography use among women aged 50-74 years,81.1,Age-adjusted prevalence,55117
2022,WI,Sheboygan,55117,Mammography use among women aged 50-74 years,81.5,Crude prevalence,55117
2022,WI,Taylor,55119,Mammography use among women aged 50-74 years,79.9,Age-adjusted prevalence,55119
2022,WI,Taylor,55119,Mammography use among women aged 50-74 years,80.9,Crude prevalence,55119
2022,WI,Trempealeau,55121,Mammography use among women aged 50-74 years,76.5,Age-adjusted prevalence,55121
2022,WI,Trempealeau,55121,Mammography use among women aged 50-74 years,76.8,Crude prevalence,55121
2022,WI,Vernon,55123,Mammography use among women aged 50-74 years,77.7,Age-adjusted prevalence,55123
2022,WI,Vernon,55123,Mammography use among women aged 50-74 years,78.5,Crude prevalence,55123
2022,WI,Vilas,55125,Mammography use among women aged 50-74 years,79.2,Age-adjusted prevalence,55125
2022,WI,Vilas,55125,Mammography use among women aged 50-74 years,79.6,Crude prevalence,55125
2022,WI,Walworth,55127,Mammography use among women aged 50-74 years,77.2,Age-adjusted prevalence,55127
2022,WI,Walworth,55127,Mammography use among women aged 50-74 years,77.3,Crude prevalence,55127
2022,WI,Washburn,55129,Mammography use among women aged 50-74 years,74.9,Age-adjusted prevalence,55129
2022,WI,Washburn,55129,Mammography use among women aged 50-74 years,75.9,Crude prevalence,55129
2022,WI,Washington,55131,Mammography use among women aged 50-74 years,79.5,Age-adjusted prevalence,55131
2022,WI,Washington,55131,Mammography use among women aged 50-74 years,79.9,Crude prevalence,55131
2022,WI,Waukesha,55133,Mammography use among women aged 50-74 years,83.6,Age-adjusted prevalence,55133
2022,WI,Waukesha,55133,Mammography use among women aged 50-74 years,83.8,Crude prevalence,55133
2022,WI,Waupaca,55135,Mammography use among women aged 50-74 years,82.7,Age-adjusted prevalence,55135
2022,WI,Waupaca,55135,Mammography use among women aged 50-74 years,83.2,Crude prevalence,55135
2022,WI,Waushara,55137,Mammography use among women aged 50-74 years,77.4,Age-adjusted prevalence,55137
2022,WI,Waushara,55137,Mammography use among women aged 50-74 years,77.9,Crude prevalence,55137
2022,WI,Winnebago,55139,Mammography use among women aged 50-74 years,81.8,Age-adjusted prevalence,55139
2022,WI,Winnebago,55139,Mammography use among women aged 50-74 years,81.8,Crude prevalence,55139
2022,WI,Wood,55141,Mammography use among women aged 50-74 years,80.1,Age-adjusted prevalence,55141
2022,WI,Wood,55141,Mammography use among women aged 50-74 years,80.8,Crude prevalence,55141
2022,WY,Albany,56001,Mammography use among women aged 50-74 years,64.4,Age-adjusted prevalence,56001
2022,WY,Albany,56001,Mammography use among women aged 50-74 years,65.2,Crude prevalence,56001
2022,WY,Big Horn,56003,Mammography use among women aged 50-74 years,60.4,Age-adjusted prevalence,56003
2022,WY,Big Horn,56003,Mammography use among women aged 50-74 years,61.5,Crude prevalence,56003
2022,WY,Campbell,56005,Mammography use among women aged 50-74 years,63.2,Age-adjusted prevalence,56005
2022,WY,Campbell,56005,Mammography use among women aged 50-74 years,63.7,Crude prevalence,56005
2022,WY,Carbon,56007,Mammography use among women aged 50-74 years,60.1,Age-adjusted prevalence,56007
2022,WY,Carbon,56007,Mammography use among women aged 50-74 years,61.9,Crude prevalence,56007
2022,WY,Converse,56009,Mammography use among women aged 50-74 years,65.5,Age-adjusted prevalence,56009
2022,WY,Converse,56009,Mammography use among women aged 50-74 years,65.1,Crude prevalence,56009
2022,WY,Crook,56011,Mammography use among women aged 50-74 years,67.1,Age-adjusted prevalence,56011
2022,WY,Crook,56011,Mammography use among women aged 50-74 years,68.6,Crude prevalence,56011
2022,WY,Fremont,56013,Mammography use among women aged 50-74 years,63.0,Age-adjusted prevalence,56013
2022,WY,Fremont,56013,Mammography use among women aged 50-74 years,64.6,Crude prevalence,56013
2022,WY,Goshen,56015,Mammography use among women aged 50-74 years,67.7,Age-adjusted prevalence,56015
2022,WY,Goshen,56015,Mammography use among women aged 50-74 years,68.3,Crude prevalence,56015
2022,WY,Hot Springs,56017,Mammography use among women aged 50-74 years,67.1,Age-adjusted prevalence,56017
2022,WY,Hot Springs,56017,Mammography use among women aged 50-74 years,67.7,Crude prevalence,56017
2022,WY,Johnson,56019,Mammography use among women aged 50-74 years,66.3,Age-adjusted prevalence,56019
2022,WY,Johnson,56019,Mammography use among women aged 50-74 years,67.1,Crude prevalence,56019
2022,WY,Laramie,56021,Mammography use among women aged 50-74 years,68.5,Age-adjusted prevalence,56021
2022,WY,Laramie,56021,Mammography use among women aged 50-74 years,69.9,Crude prevalence,56021
2022,WY,Lincoln,56023,Mammography use among women aged 50-74 years,66.8,Age-adjusted prevalence,56023
2022,WY,Lincoln,56023,Mammography use among women aged 50-74 years,66.5,Crude prevalence,56023
2022,WY,Natrona,56025,Mammography use among women aged 50-74 years,68.8,Age-adjusted prevalence,56025
2022,WY,Natrona,56025,Mammography use among women aged 50-74 years,70.8,Crude prevalence,56025
2022,WY,Niobrara,56027,Mammography use among women aged 50-74 years,62.9,Age-adjusted prevalence,56027
2022,WY,Niobrara,56027,Mammography use among women aged 50-74 years,64.9,Crude prevalence,56027
2022,WY,Park,56029,Mammography use among women aged 50-74 years,70.4,Age-adjusted prevalence,56029
2022,WY,Park,56029,Mammography use among women aged 50-74 years,71.0,Crude prevalence,56029
2022,WY,Platte,56031,Mammography use among women aged 50-74 years,60.8,Age-adjusted prevalence,56031
2022,WY,Platte,56031,Mammography use among women aged 50-74 years,62.7,Crude prevalence,56031
2022,WY,Sheridan,56033,Mammography use among women aged 50-74 years,71.5,Age-adjusted prevalence,56033
2022,WY,Sheridan,56033,Mammography use among women aged 50-74 years,72.9,Crude prevalence,56033
2022,WY,Sublette,56035,Mammography use among women aged 50-74 years,66.4,Age-adjusted prevalence,56035
2022,WY,Sublette,56035,Mammography use among women aged 50-74 years,67.1,Crude prevalence,56035
2022,WY,Sweetwater,56037,Mammography use among women aged 50-74 years,64.6,Age-adjusted prevalence,56037
2022,WY,Sweetwater,56037,Mammography use among women aged 50-74 years,65.2,Crude prevalence,56037
2022,WY,Teton,56039,Mammography use among women aged 50-74 years,69.5,Age-adjusted prevalence,56039
2022,WY,Teton,56039,Mammography use among women aged 50-74 years,70.7,Crude prevalence,56039
2022,WY,Uinta,56041,Mammography use among women aged 50-74 years,68.7,Age-adjusted prevalence,56041
2022,WY,Uinta,56041,Mammography use among women aged 50-74 years,69.2,Crude prevalence,56041
2022,WY,Washakie,56043,Mammography use among women aged 50-74 years,64.6,Age-adjusted prevalence,56043
2022,WY,Washakie,56043,Mammography use among women aged 50-74 years,65.3,Crude prevalence,56043
2022,WY,Weston,56045,Mammography use among women aged 50-74 years,64.2,Age-adjusted prevalence,56045
2022,WY,Weston,56045,Mammography use among women aged 50-74 years,65.6,Crude prevalence,56045
